2026/04/05 12:14:11 - mmengine - INFO - Config:
_dim_ = 96
amp = False
batch_size = 4
cls_dims = 13
data_path = 'data/occscannet'
empty_idx = 12
eval_freq = 1
find_unused_parameters = True
grad_frames = None
grad_max_norm = 35
grid_config = dict(
    dbound=[
        0.24,
        6.0,
        0.08,
    ],
    xbound=[
        0,
        4.8,
        0.08,
    ],
    ybound=[
        0,
        4.8,
        0.08,
    ],
    zbound=[
        0,
        2.88,
        0.08,
    ])
ignore_label = 0
image_size = [
    480,
    640,
]
load_from = None
loss = dict(
    loss_cfgs=[
        dict(
            alpha=0.25,
            cls_freq=[
                5080655412,
                722756,
                44793226,
                41084591,
                3416464,
                21897101,
                10609339,
                13846320,
                23470172,
                263393,
                30949122,
                9871618,
                3196722886,
            ],
            gamma=2.0,
            ignore_label=0,
            input_dict=dict(
                fov_mask='fov_mask', pred='ce_input', target='ce_label'),
            type='FocalLoss',
            weight=100.0),
        dict(
            ignore_label=0,
            input_dict=dict(
                fov_mask='fov_mask',
                lovasz_input='ce_input',
                lovasz_label='ce_label'),
            type='LovaszLoss',
            weight=1.0),
        dict(
            ignore_label=0,
            input_dict=dict(
                fov_mask='fov_mask', pred='ce_input', ssc_target='ce_label'),
            sem_cls_range=[
                1,
                12,
            ],
            type='Sem_Scal_Loss',
            weight=1.0),
        dict(
            empty_idx=12,
            ignore_label=0,
            input_dict=dict(
                fov_mask='fov_mask', pred='ce_input', ssc_target='ce_label'),
            type='Geo_Scal_Loss',
            weight=1.0),
    ],
    type='MultiLoss')
lss_downsample = [
    1,
    1,
    1,
]
max_epochs = 10
model = dict(
    backbone=None,
    build_depthanything=False,
    depth_net=dict(
        cam_channels=15,
        downsample=8,
        grid_config=dict(
            dbound=[
                0.24,
                6.0,
                0.08,
            ],
            xbound=[
                0,
                4.8,
                0.08,
            ],
            ybound=[
                0,
                4.8,
                0.08,
            ],
            zbound=[
                0,
                2.88,
                0.08,
            ]),
        loss_depth_type='kld',
        loss_depth_weight=0.0,
        numC_Trans=96,
        numC_input=384,
        type='GeometryDepth_Net'),
    head=dict(
        conv_cfg=dict(bias=False, type='Conv3d'),
        empty_idx=12,
        in_channels=[
            96,
        ],
        norm_cfg=dict(num_groups=24, requires_grad=True, type='GN'),
        num_level=1,
        occ_size=[
            60,
            60,
            36,
        ],
        out_channel=13,
        type='OccHead',
        with_cp=True),
    lifter=dict(
        data_config=dict(input_size=[
            480,
            640,
        ]),
        downsample=8,
        grid_config=dict(
            dbound=[
                0.24,
                6.0,
                0.08,
            ],
            xbound=[
                0,
                4.8,
                0.08,
            ],
            ybound=[
                0,
                4.8,
                0.08,
            ],
            zbound=[
                0,
                2.88,
                0.08,
            ]),
        type='LSSViewTransformer'),
    loss_occ=dict(
        loss_cfgs=[
            dict(
                alpha=0.25,
                cls_freq=[
                    5080655412,
                    722756,
                    44793226,
                    41084591,
                    3416464,
                    21897101,
                    10609339,
                    13846320,
                    23470172,
                    263393,
                    30949122,
                    9871618,
                    3196722886,
                ],
                gamma=2.0,
                ignore_label=0,
                input_dict=dict(
                    fov_mask='fov_mask', pred='ce_input', target='ce_label'),
                type='FocalLoss',
                weight=100.0),
            dict(
                ignore_label=0,
                input_dict=dict(
                    fov_mask='fov_mask',
                    lovasz_input='ce_input',
                    lovasz_label='ce_label'),
                type='LovaszLoss',
                weight=1.0),
            dict(
                ignore_label=0,
                input_dict=dict(
                    fov_mask='fov_mask',
                    pred='ce_input',
                    ssc_target='ce_label'),
                sem_cls_range=[
                    1,
                    12,
                ],
                type='Sem_Scal_Loss',
                weight=1.0),
            dict(
                empty_idx=12,
                ignore_label=0,
                input_dict=dict(
                    fov_mask='fov_mask',
                    pred='ce_input',
                    ssc_target='ce_label'),
                type='Geo_Scal_Loss',
                weight=1.0),
        ],
        type='MultiLoss'),
    neck=dict(
        in_channels=[
            48,
            80,
            224,
            2560,
        ],
        out_channels=[
            96,
            96,
            96,
            96,
        ],
        type='SECONDFPN',
        upsample_strides=[
            0.5,
            1,
            2,
            4,
        ]),
    occ_encoder_backbone=dict(
        drop_path_rate=0.3,
        numC_input=96,
        num_channels=[
            96,
            96,
            96,
        ],
        num_layer=[
            2,
            2,
            2,
        ],
        stride=[
            1,
            2,
            2,
        ],
        type='CustomResNet3D'),
    occ_encoder_neck=dict(
        act_cfg=dict(inplace=True, type='ReLU'),
        conv_cfg=dict(type='Conv3d'),
        in_channels=[
            96,
            96,
            96,
        ],
        norm_cfg=dict(num_groups=24, requires_grad=True, type='GN'),
        num_outs=3,
        out_channels=96,
        start_level=0,
        type='GeneralizedLSSFPN',
        upsample_cfg=dict(align_corners=False, mode='trilinear')),
    type='VoxelSegmentor')
ngpu = 4
norm_cfg = dict(num_groups=24, requires_grad=True, type='GN')
num_cams = 1
num_frames = 1
occ_size = [
    60,
    60,
    36,
]
offset = 0
optimizer_wrapper = dict(
    optimizer=dict(lr=0.0004, type='AdamW', weight_decay=0.01),
    paramwise_cfg=dict(custom_keys=dict(backbone=dict(lr_mult=0.1))))
pc_range = [
    -51.2,
    -51.2,
    -5.0,
    51.2,
    51.2,
    3.0,
]
print_freq = 50
resize_lim = [
    1.0,
    1.0,
]
scale_range = [
    0.01,
    0.08,
]
scene_size = (
    4.8,
    4.8,
    2.88,
)
seed = 1
track_running_stats = True
train_dataset_config = dict(
    data_path='data/occscannet',
    data_tg='base',
    empty_idx=12,
    num_frames=1,
    offset=0,
    phase='train',
    type='Scannet_Scene_OpenOccupancy_Dataset_OffLine_Depth')
train_loader_config = dict(batch_size=4, num_workers=8, shuffle=True)
train_wrapper_config = dict(
    final_dim=[
        480,
        640,
    ],
    phase='train',
    resize_lim=[
        1.0,
        1.0,
    ],
    type='Scannet_Scene_Occ_DatasetWrapper')
val_dataset_config = dict(
    data_path='data/occscannet',
    data_tg='base',
    empty_idx=12,
    num_frames=1,
    offset=0,
    phase='test',
    type='Scannet_Scene_OpenOccupancy_Dataset_OffLine_Depth')
val_loader_config = dict(batch_size=4, num_workers=8, shuffle=False)
val_wrapper_config = dict(
    final_dim=[
        480,
        640,
    ],
    phase='test',
    resize_lim=[
        1.0,
        1.0,
    ],
    type='Scannet_Scene_Occ_DatasetWrapper')
voxel_size = 0.08
work_dir = 'workdir/train_mono_full_v1'

2026/04/05 12:14:18 - mmengine - INFO - Number of params: 78589602
2026/04/05 12:14:18 - mmengine - INFO - Model:
VoxelSegmentor(
  (backbone): GenEfficientNet(
    (conv_stem): Conv2dSame(3, 64, kernel_size=(3, 3), stride=(2, 2), bias=False)
    (bn1): BatchNorm2d(64, eps=0.001, momentum=0.1, affine=True, track_running_stats=True)
    (act1): SiLU(inplace=True)
    (blocks): Sequential(
      (0): Sequential(
        (0): DepthwiseSeparableConv(
          (conv_dw): Conv2d(64, 64, kernel_size=(3, 3), stride=(1, 1), padding=(1, 1), groups=64, bias=False)
          (bn1): BatchNorm2d(64, eps=0.001, momentum=0.1, affine=True, track_running_stats=True)
          (act1): SiLU(inplace=True)
          (se): SqueezeExcite(
            (conv_reduce): Conv2d(64, 16, kernel_size=(1, 1), stride=(1, 1))
            (act1): SiLU(inplace=True)
            (conv_expand): Conv2d(16, 64, kernel_size=(1, 1), stride=(1, 1))
          )
          (conv_pw): Conv2d(64, 32, kernel_size=(1, 1), stride=(1, 1), bias=False)
          (bn2): BatchNorm2d(32, eps=0.001, momentum=0.1, affine=True, track_running_stats=True)
          (act2): Identity()
        )
        (1): DepthwiseSeparableConv(
          (conv_dw): Conv2d(32, 32, kernel_size=(3, 3), stride=(1, 1), padding=(1, 1), groups=32, bias=False)
          (bn1): BatchNorm2d(32, eps=0.001, momentum=0.1, affine=True, track_running_stats=True)
          (act1): SiLU(inplace=True)
          (se): SqueezeExcite(
            (conv_reduce): Conv2d(32, 8, kernel_size=(1, 1), stride=(1, 1))
            (act1): SiLU(inplace=True)
            (conv_expand): Conv2d(8, 32, kernel_size=(1, 1), stride=(1, 1))
          )
          (conv_pw): Conv2d(32, 32, kernel_size=(1, 1), stride=(1, 1), bias=False)
          (bn2): BatchNorm2d(32, eps=0.001, momentum=0.1, affine=True, track_running_stats=True)
          (act2): Identity()
        )
        (2): DepthwiseSeparableConv(
          (conv_dw): Conv2d(32, 32, kernel_size=(3, 3), stride=(1, 1), padding=(1, 1), groups=32, bias=False)
          (bn1): BatchNorm2d(32, eps=0.001, momentum=0.1, affine=True, track_running_stats=True)
          (act1): SiLU(inplace=True)
          (se): SqueezeExcite(
            (conv_reduce): Conv2d(32, 8, kernel_size=(1, 1), stride=(1, 1))
            (act1): SiLU(inplace=True)
            (conv_expand): Conv2d(8, 32, kernel_size=(1, 1), stride=(1, 1))
          )
          (conv_pw): Conv2d(32, 32, kernel_size=(1, 1), stride=(1, 1), bias=False)
          (bn2): BatchNorm2d(32, eps=0.001, momentum=0.1, affine=True, track_running_stats=True)
          (act2): Identity()
        )
        (3): DepthwiseSeparableConv(
          (conv_dw): Conv2d(32, 32, kernel_size=(3, 3), stride=(1, 1), padding=(1, 1), groups=32, bias=False)
          (bn1): BatchNorm2d(32, eps=0.001, momentum=0.1, affine=True, track_running_stats=True)
          (act1): SiLU(inplace=True)
          (se): SqueezeExcite(
            (conv_reduce): Conv2d(32, 8, kernel_size=(1, 1), stride=(1, 1))
            (act1): SiLU(inplace=True)
            (conv_expand): Conv2d(8, 32, kernel_size=(1, 1), stride=(1, 1))
          )
          (conv_pw): Conv2d(32, 32, kernel_size=(1, 1), stride=(1, 1), bias=False)
          (bn2): BatchNorm2d(32, eps=0.001, momentum=0.1, affine=True, track_running_stats=True)
          (act2): Identity()
        )
      )
      (1): Sequential(
        (0): InvertedResidual(
          (conv_pw): Conv2d(32, 192, kernel_size=(1, 1), stride=(1, 1), bias=False)
          (bn1): BatchNorm2d(192, eps=0.001, momentum=0.1, affine=True, track_running_stats=True)
          (act1): SiLU(inplace=True)
          (conv_dw): Conv2dSame(192, 192, kernel_size=(3, 3), stride=(2, 2), groups=192, bias=False)
          (bn2): BatchNorm2d(192, eps=0.001, momentum=0.1, affine=True, track_running_stats=True)
          (act2): SiLU(inplace=True)
          (se): SqueezeExcite(
            (conv_reduce): Conv2d(192, 8, kernel_size=(1, 1), stride=(1, 1))
            (act1): SiLU(inplace=True)
            (conv_expand): Conv2d(8, 192, kernel_size=(1, 1), stride=(1, 1))
          )
          (conv_pwl): Conv2d(192, 48, kernel_size=(1, 1), stride=(1, 1), bias=False)
          (bn3): BatchNorm2d(48, eps=0.001, momentum=0.1, affine=True, track_running_stats=True)
        )
        (1): InvertedResidual(
          (conv_pw): Conv2d(48, 288, kernel_size=(1, 1), stride=(1, 1), bias=False)
          (bn1): BatchNorm2d(288, eps=0.001, momentum=0.1, affine=True, track_running_stats=True)
          (act1): SiLU(inplace=True)
          (conv_dw): Conv2d(288, 288, kernel_size=(3, 3), stride=(1, 1), padding=(1, 1), groups=288, bias=False)
          (bn2): BatchNorm2d(288, eps=0.001, momentum=0.1, affine=True, track_running_stats=True)
          (act2): SiLU(inplace=True)
          (se): SqueezeExcite(
            (conv_reduce): Conv2d(288, 12, kernel_size=(1, 1), stride=(1, 1))
            (act1): SiLU(inplace=True)
            (conv_expand): Conv2d(12, 288, kernel_size=(1, 1), stride=(1, 1))
          )
          (conv_pwl): Conv2d(288, 48, kernel_size=(1, 1), stride=(1, 1), bias=False)
          (bn3): BatchNorm2d(48, eps=0.001, momentum=0.1, affine=True, track_running_stats=True)
        )
        (2): InvertedResidual(
          (conv_pw): Conv2d(48, 288, kernel_size=(1, 1), stride=(1, 1), bias=False)
          (bn1): BatchNorm2d(288, eps=0.001, momentum=0.1, affine=True, track_running_stats=True)
          (act1): SiLU(inplace=True)
          (conv_dw): Conv2d(288, 288, kernel_size=(3, 3), stride=(1, 1), padding=(1, 1), groups=288, bias=False)
          (bn2): BatchNorm2d(288, eps=0.001, momentum=0.1, affine=True, track_running_stats=True)
          (act2): SiLU(inplace=True)
          (se): SqueezeExcite(
            (conv_reduce): Conv2d(288, 12, kernel_size=(1, 1), stride=(1, 1))
            (act1): SiLU(inplace=True)
            (conv_expand): Conv2d(12, 288, kernel_size=(1, 1), stride=(1, 1))
          )
          (conv_pwl): Conv2d(288, 48, kernel_size=(1, 1), stride=(1, 1), bias=False)
          (bn3): BatchNorm2d(48, eps=0.001, momentum=0.1, affine=True, track_running_stats=True)
        )
        (3): InvertedResidual(
          (conv_pw): Conv2d(48, 288, kernel_size=(1, 1), stride=(1, 1), bias=False)
          (bn1): BatchNorm2d(288, eps=0.001, momentum=0.1, affine=True, track_running_stats=True)
          (act1): SiLU(inplace=True)
          (conv_dw): Conv2d(288, 288, kernel_size=(3, 3), stride=(1, 1), padding=(1, 1), groups=288, bias=False)
          (bn2): BatchNorm2d(288, eps=0.001, momentum=0.1, affine=True, track_running_stats=True)
          (act2): SiLU(inplace=True)
          (se): SqueezeExcite(
            (conv_reduce): Conv2d(288, 12, kernel_size=(1, 1), stride=(1, 1))
            (act1): SiLU(inplace=True)
            (conv_expand): Conv2d(12, 288, kernel_size=(1, 1), stride=(1, 1))
          )
          (conv_pwl): Conv2d(288, 48, kernel_size=(1, 1), stride=(1, 1), bias=False)
          (bn3): BatchNorm2d(48, eps=0.001, momentum=0.1, affine=True, track_running_stats=True)
        )
        (4): InvertedResidual(
          (conv_pw): Conv2d(48, 288, kernel_size=(1, 1), stride=(1, 1), bias=False)
          (bn1): BatchNorm2d(288, eps=0.001, momentum=0.1, affine=True, track_running_stats=True)
          (act1): SiLU(inplace=True)
          (conv_dw): Conv2d(288, 288, kernel_size=(3, 3), stride=(1, 1), padding=(1, 1), groups=288, bias=False)
          (bn2): BatchNorm2d(288, eps=0.001, momentum=0.1, affine=True, track_running_stats=True)
          (act2): SiLU(inplace=True)
          (se): SqueezeExcite(
            (conv_reduce): Conv2d(288, 12, kernel_size=(1, 1), stride=(1, 1))
            (act1): SiLU(inplace=True)
            (conv_expand): Conv2d(12, 288, kernel_size=(1, 1), stride=(1, 1))
          )
          (conv_pwl): Conv2d(288, 48, kernel_size=(1, 1), stride=(1, 1), bias=False)
          (bn3): BatchNorm2d(48, eps=0.001, momentum=0.1, affine=True, track_running_stats=True)
        )
        (5): InvertedResidual(
          (conv_pw): Conv2d(48, 288, kernel_size=(1, 1), stride=(1, 1), bias=False)
          (bn1): BatchNorm2d(288, eps=0.001, momentum=0.1, affine=True, track_running_stats=True)
          (act1): SiLU(inplace=True)
          (conv_dw): Conv2d(288, 288, kernel_size=(3, 3), stride=(1, 1), padding=(1, 1), groups=288, bias=False)
          (bn2): BatchNorm2d(288, eps=0.001, momentum=0.1, affine=True, track_running_stats=True)
          (act2): SiLU(inplace=True)
          (se): SqueezeExcite(
            (conv_reduce): Conv2d(288, 12, kernel_size=(1, 1), stride=(1, 1))
            (act1): SiLU(inplace=True)
            (conv_expand): Conv2d(12, 288, kernel_size=(1, 1), stride=(1, 1))
          )
          (conv_pwl): Conv2d(288, 48, kernel_size=(1, 1), stride=(1, 1), bias=False)
          (bn3): BatchNorm2d(48, eps=0.001, momentum=0.1, affine=True, track_running_stats=True)
        )
        (6): InvertedResidual(
          (conv_pw): Conv2d(48, 288, kernel_size=(1, 1), stride=(1, 1), bias=False)
          (bn1): BatchNorm2d(288, eps=0.001, momentum=0.1, affine=True, track_running_stats=True)
          (act1): SiLU(inplace=True)
          (conv_dw): Conv2d(288, 288, kernel_size=(3, 3), stride=(1, 1), padding=(1, 1), groups=288, bias=False)
          (bn2): BatchNorm2d(288, eps=0.001, momentum=0.1, affine=True, track_running_stats=True)
          (act2): SiLU(inplace=True)
          (se): SqueezeExcite(
            (conv_reduce): Conv2d(288, 12, kernel_size=(1, 1), stride=(1, 1))
            (act1): SiLU(inplace=True)
            (conv_expand): Conv2d(12, 288, kernel_size=(1, 1), stride=(1, 1))
          )
          (conv_pwl): Conv2d(288, 48, kernel_size=(1, 1), stride=(1, 1), bias=False)
          (bn3): BatchNorm2d(48, eps=0.001, momentum=0.1, affine=True, track_running_stats=True)
        )
      )
      (2): Sequential(
        (0): InvertedResidual(
          (conv_pw): Conv2d(48, 288, kernel_size=(1, 1), stride=(1, 1), bias=False)
          (bn1): BatchNorm2d(288, eps=0.001, momentum=0.1, affine=True, track_running_stats=True)
          (act1): SiLU(inplace=True)
          (conv_dw): Conv2dSame(288, 288, kernel_size=(5, 5), stride=(2, 2), groups=288, bias=False)
          (bn2): BatchNorm2d(288, eps=0.001, momentum=0.1, affine=True, track_running_stats=True)
          (act2): SiLU(inplace=True)
          (se): SqueezeExcite(
            (conv_reduce): Conv2d(288, 12, kernel_size=(1, 1), stride=(1, 1))
            (act1): SiLU(inplace=True)
            (conv_expand): Conv2d(12, 288, kernel_size=(1, 1), stride=(1, 1))
          )
          (conv_pwl): Conv2d(288, 80, kernel_size=(1, 1), stride=(1, 1), bias=False)
          (bn3): BatchNorm2d(80, eps=0.001, momentum=0.1, affine=True, track_running_stats=True)
        )
        (1): InvertedResidual(
          (conv_pw): Conv2d(80, 480, kernel_size=(1, 1), stride=(1, 1), bias=False)
          (bn1): BatchNorm2d(480, eps=0.001, momentum=0.1, affine=True, track_running_stats=True)
          (act1): SiLU(inplace=True)
          (conv_dw): Conv2d(480, 480, kernel_size=(5, 5), stride=(1, 1), padding=(2, 2), groups=480, bias=False)
          (bn2): BatchNorm2d(480, eps=0.001, momentum=0.1, affine=True, track_running_stats=True)
          (act2): SiLU(inplace=True)
          (se): SqueezeExcite(
            (conv_reduce): Conv2d(480, 20, kernel_size=(1, 1), stride=(1, 1))
            (act1): SiLU(inplace=True)
            (conv_expand): Conv2d(20, 480, kernel_size=(1, 1), stride=(1, 1))
          )
          (conv_pwl): Conv2d(480, 80, kernel_size=(1, 1), stride=(1, 1), bias=False)
          (bn3): BatchNorm2d(80, eps=0.001, momentum=0.1, affine=True, track_running_stats=True)
        )
        (2): InvertedResidual(
          (conv_pw): Conv2d(80, 480, kernel_size=(1, 1), stride=(1, 1), bias=False)
          (bn1): BatchNorm2d(480, eps=0.001, momentum=0.1, affine=True, track_running_stats=True)
          (act1): SiLU(inplace=True)
          (conv_dw): Conv2d(480, 480, kernel_size=(5, 5), stride=(1, 1), padding=(2, 2), groups=480, bias=False)
          (bn2): BatchNorm2d(480, eps=0.001, momentum=0.1, affine=True, track_running_stats=True)
          (act2): SiLU(inplace=True)
          (se): SqueezeExcite(
            (conv_reduce): Conv2d(480, 20, kernel_size=(1, 1), stride=(1, 1))
            (act1): SiLU(inplace=True)
            (conv_expand): Conv2d(20, 480, kernel_size=(1, 1), stride=(1, 1))
          )
          (conv_pwl): Conv2d(480, 80, kernel_size=(1, 1), stride=(1, 1), bias=False)
          (bn3): BatchNorm2d(80, eps=0.001, momentum=0.1, affine=True, track_running_stats=True)
        )
        (3): InvertedResidual(
          (conv_pw): Conv2d(80, 480, kernel_size=(1, 1), stride=(1, 1), bias=False)
          (bn1): BatchNorm2d(480, eps=0.001, momentum=0.1, affine=True, track_running_stats=True)
          (act1): SiLU(inplace=True)
          (conv_dw): Conv2d(480, 480, kernel_size=(5, 5), stride=(1, 1), padding=(2, 2), groups=480, bias=False)
          (bn2): BatchNorm2d(480, eps=0.001, momentum=0.1, affine=True, track_running_stats=True)
          (act2): SiLU(inplace=True)
          (se): SqueezeExcite(
            (conv_reduce): Conv2d(480, 20, kernel_size=(1, 1), stride=(1, 1))
            (act1): SiLU(inplace=True)
            (conv_expand): Conv2d(20, 480, kernel_size=(1, 1), stride=(1, 1))
          )
          (conv_pwl): Conv2d(480, 80, kernel_size=(1, 1), stride=(1, 1), bias=False)
          (bn3): BatchNorm2d(80, eps=0.001, momentum=0.1, affine=True, track_running_stats=True)
        )
        (4): InvertedResidual(
          (conv_pw): Conv2d(80, 480, kernel_size=(1, 1), stride=(1, 1), bias=False)
          (bn1): BatchNorm2d(480, eps=0.001, momentum=0.1, affine=True, track_running_stats=True)
          (act1): SiLU(inplace=True)
          (conv_dw): Conv2d(480, 480, kernel_size=(5, 5), stride=(1, 1), padding=(2, 2), groups=480, bias=False)
          (bn2): BatchNorm2d(480, eps=0.001, momentum=0.1, affine=True, track_running_stats=True)
          (act2): SiLU(inplace=True)
          (se): SqueezeExcite(
            (conv_reduce): Conv2d(480, 20, kernel_size=(1, 1), stride=(1, 1))
            (act1): SiLU(inplace=True)
            (conv_expand): Conv2d(20, 480, kernel_size=(1, 1), stride=(1, 1))
          )
          (conv_pwl): Conv2d(480, 80, kernel_size=(1, 1), stride=(1, 1), bias=False)
          (bn3): BatchNorm2d(80, eps=0.001, momentum=0.1, affine=True, track_running_stats=True)
        )
        (5): InvertedResidual(
          (conv_pw): Conv2d(80, 480, kernel_size=(1, 1), stride=(1, 1), bias=False)
          (bn1): BatchNorm2d(480, eps=0.001, momentum=0.1, affine=True, track_running_stats=True)
          (act1): SiLU(inplace=True)
          (conv_dw): Conv2d(480, 480, kernel_size=(5, 5), stride=(1, 1), padding=(2, 2), groups=480, bias=False)
          (bn2): BatchNorm2d(480, eps=0.001, momentum=0.1, affine=True, track_running_stats=True)
          (act2): SiLU(inplace=True)
          (se): SqueezeExcite(
            (conv_reduce): Conv2d(480, 20, kernel_size=(1, 1), stride=(1, 1))
            (act1): SiLU(inplace=True)
            (conv_expand): Conv2d(20, 480, kernel_size=(1, 1), stride=(1, 1))
          )
          (conv_pwl): Conv2d(480, 80, kernel_size=(1, 1), stride=(1, 1), bias=False)
          (bn3): BatchNorm2d(80, eps=0.001, momentum=0.1, affine=True, track_running_stats=True)
        )
        (6): InvertedResidual(
          (conv_pw): Conv2d(80, 480, kernel_size=(1, 1), stride=(1, 1), bias=False)
          (bn1): BatchNorm2d(480, eps=0.001, momentum=0.1, affine=True, track_running_stats=True)
          (act1): SiLU(inplace=True)
          (conv_dw): Conv2d(480, 480, kernel_size=(5, 5), stride=(1, 1), padding=(2, 2), groups=480, bias=False)
          (bn2): BatchNorm2d(480, eps=0.001, momentum=0.1, affine=True, track_running_stats=True)
          (act2): SiLU(inplace=True)
          (se): SqueezeExcite(
            (conv_reduce): Conv2d(480, 20, kernel_size=(1, 1), stride=(1, 1))
            (act1): SiLU(inplace=True)
            (conv_expand): Conv2d(20, 480, kernel_size=(1, 1), stride=(1, 1))
          )
          (conv_pwl): Conv2d(480, 80, kernel_size=(1, 1), stride=(1, 1), bias=False)
          (bn3): BatchNorm2d(80, eps=0.001, momentum=0.1, affine=True, track_running_stats=True)
        )
      )
      (3): Sequential(
        (0): InvertedResidual(
          (conv_pw): Conv2d(80, 480, kernel_size=(1, 1), stride=(1, 1), bias=False)
          (bn1): BatchNorm2d(480, eps=0.001, momentum=0.1, affine=True, track_running_stats=True)
          (act1): SiLU(inplace=True)
          (conv_dw): Conv2dSame(480, 480, kernel_size=(3, 3), stride=(2, 2), groups=480, bias=False)
          (bn2): BatchNorm2d(480, eps=0.001, momentum=0.1, affine=True, track_running_stats=True)
          (act2): SiLU(inplace=True)
          (se): SqueezeExcite(
            (conv_reduce): Conv2d(480, 20, kernel_size=(1, 1), stride=(1, 1))
            (act1): SiLU(inplace=True)
            (conv_expand): Conv2d(20, 480, kernel_size=(1, 1), stride=(1, 1))
          )
          (conv_pwl): Conv2d(480, 160, kernel_size=(1, 1), stride=(1, 1), bias=False)
          (bn3): BatchNorm2d(160, eps=0.001, momentum=0.1, affine=True, track_running_stats=True)
        )
        (1): InvertedResidual(
          (conv_pw): Conv2d(160, 960, kernel_size=(1, 1), stride=(1, 1), bias=False)
          (bn1): BatchNorm2d(960, eps=0.001, momentum=0.1, affine=True, track_running_stats=True)
          (act1): SiLU(inplace=True)
          (conv_dw): Conv2d(960, 960, kernel_size=(3, 3), stride=(1, 1), padding=(1, 1), groups=960, bias=False)
          (bn2): BatchNorm2d(960, eps=0.001, momentum=0.1, affine=True, track_running_stats=True)
          (act2): SiLU(inplace=True)
          (se): SqueezeExcite(
            (conv_reduce): Conv2d(960, 40, kernel_size=(1, 1), stride=(1, 1))
            (act1): SiLU(inplace=True)
            (conv_expand): Conv2d(40, 960, kernel_size=(1, 1), stride=(1, 1))
          )
          (conv_pwl): Conv2d(960, 160, kernel_size=(1, 1), stride=(1, 1), bias=False)
          (bn3): BatchNorm2d(160, eps=0.001, momentum=0.1, affine=True, track_running_stats=True)
        )
        (2): InvertedResidual(
          (conv_pw): Conv2d(160, 960, kernel_size=(1, 1), stride=(1, 1), bias=False)
          (bn1): BatchNorm2d(960, eps=0.001, momentum=0.1, affine=True, track_running_stats=True)
          (act1): SiLU(inplace=True)
          (conv_dw): Conv2d(960, 960, kernel_size=(3, 3), stride=(1, 1), padding=(1, 1), groups=960, bias=False)
          (bn2): BatchNorm2d(960, eps=0.001, momentum=0.1, affine=True, track_running_stats=True)
          (act2): SiLU(inplace=True)
          (se): SqueezeExcite(
            (conv_reduce): Conv2d(960, 40, kernel_size=(1, 1), stride=(1, 1))
            (act1): SiLU(inplace=True)
            (conv_expand): Conv2d(40, 960, kernel_size=(1, 1), stride=(1, 1))
          )
          (conv_pwl): Conv2d(960, 160, kernel_size=(1, 1), stride=(1, 1), bias=False)
          (bn3): BatchNorm2d(160, eps=0.001, momentum=0.1, affine=True, track_running_stats=True)
        )
        (3): InvertedResidual(
          (conv_pw): Conv2d(160, 960, kernel_size=(1, 1), stride=(1, 1), bias=False)
          (bn1): BatchNorm2d(960, eps=0.001, momentum=0.1, affine=True, track_running_stats=True)
          (act1): SiLU(inplace=True)
          (conv_dw): Conv2d(960, 960, kernel_size=(3, 3), stride=(1, 1), padding=(1, 1), groups=960, bias=False)
          (bn2): BatchNorm2d(960, eps=0.001, momentum=0.1, affine=True, track_running_stats=True)
          (act2): SiLU(inplace=True)
          (se): SqueezeExcite(
            (conv_reduce): Conv2d(960, 40, kernel_size=(1, 1), stride=(1, 1))
            (act1): SiLU(inplace=True)
            (conv_expand): Conv2d(40, 960, kernel_size=(1, 1), stride=(1, 1))
          )
          (conv_pwl): Conv2d(960, 160, kernel_size=(1, 1), stride=(1, 1), bias=False)
          (bn3): BatchNorm2d(160, eps=0.001, momentum=0.1, affine=True, track_running_stats=True)
        )
        (4): InvertedResidual(
          (conv_pw): Conv2d(160, 960, kernel_size=(1, 1), stride=(1, 1), bias=False)
          (bn1): BatchNorm2d(960, eps=0.001, momentum=0.1, affine=True, track_running_stats=True)
          (act1): SiLU(inplace=True)
          (conv_dw): Conv2d(960, 960, kernel_size=(3, 3), stride=(1, 1), padding=(1, 1), groups=960, bias=False)
          (bn2): BatchNorm2d(960, eps=0.001, momentum=0.1, affine=True, track_running_stats=True)
          (act2): SiLU(inplace=True)
          (se): SqueezeExcite(
            (conv_reduce): Conv2d(960, 40, kernel_size=(1, 1), stride=(1, 1))
            (act1): SiLU(inplace=True)
            (conv_expand): Conv2d(40, 960, kernel_size=(1, 1), stride=(1, 1))
          )
          (conv_pwl): Conv2d(960, 160, kernel_size=(1, 1), stride=(1, 1), bias=False)
          (bn3): BatchNorm2d(160, eps=0.001, momentum=0.1, affine=True, track_running_stats=True)
        )
        (5): InvertedResidual(
          (conv_pw): Conv2d(160, 960, kernel_size=(1, 1), stride=(1, 1), bias=False)
          (bn1): BatchNorm2d(960, eps=0.001, momentum=0.1, affine=True, track_running_stats=True)
          (act1): SiLU(inplace=True)
          (conv_dw): Conv2d(960, 960, kernel_size=(3, 3), stride=(1, 1), padding=(1, 1), groups=960, bias=False)
          (bn2): BatchNorm2d(960, eps=0.001, momentum=0.1, affine=True, track_running_stats=True)
          (act2): SiLU(inplace=True)
          (se): SqueezeExcite(
            (conv_reduce): Conv2d(960, 40, kernel_size=(1, 1), stride=(1, 1))
            (act1): SiLU(inplace=True)
            (conv_expand): Conv2d(40, 960, kernel_size=(1, 1), stride=(1, 1))
          )
          (conv_pwl): Conv2d(960, 160, kernel_size=(1, 1), stride=(1, 1), bias=False)
          (bn3): BatchNorm2d(160, eps=0.001, momentum=0.1, affine=True, track_running_stats=True)
        )
        (6): InvertedResidual(
          (conv_pw): Conv2d(160, 960, kernel_size=(1, 1), stride=(1, 1), bias=False)
          (bn1): BatchNorm2d(960, eps=0.001, momentum=0.1, affine=True, track_running_stats=True)
          (act1): SiLU(inplace=True)
          (conv_dw): Conv2d(960, 960, kernel_size=(3, 3), stride=(1, 1), padding=(1, 1), groups=960, bias=False)
          (bn2): BatchNorm2d(960, eps=0.001, momentum=0.1, affine=True, track_running_stats=True)
          (act2): SiLU(inplace=True)
          (se): SqueezeExcite(
            (conv_reduce): Conv2d(960, 40, kernel_size=(1, 1), stride=(1, 1))
            (act1): SiLU(inplace=True)
            (conv_expand): Conv2d(40, 960, kernel_size=(1, 1), stride=(1, 1))
          )
          (conv_pwl): Conv2d(960, 160, kernel_size=(1, 1), stride=(1, 1), bias=False)
          (bn3): BatchNorm2d(160, eps=0.001, momentum=0.1, affine=True, track_running_stats=True)
        )
        (7): InvertedResidual(
          (conv_pw): Conv2d(160, 960, kernel_size=(1, 1), stride=(1, 1), bias=False)
          (bn1): BatchNorm2d(960, eps=0.001, momentum=0.1, affine=True, track_running_stats=True)
          (act1): SiLU(inplace=True)
          (conv_dw): Conv2d(960, 960, kernel_size=(3, 3), stride=(1, 1), padding=(1, 1), groups=960, bias=False)
          (bn2): BatchNorm2d(960, eps=0.001, momentum=0.1, affine=True, track_running_stats=True)
          (act2): SiLU(inplace=True)
          (se): SqueezeExcite(
            (conv_reduce): Conv2d(960, 40, kernel_size=(1, 1), stride=(1, 1))
            (act1): SiLU(inplace=True)
            (conv_expand): Conv2d(40, 960, kernel_size=(1, 1), stride=(1, 1))
          )
          (conv_pwl): Conv2d(960, 160, kernel_size=(1, 1), stride=(1, 1), bias=False)
          (bn3): BatchNorm2d(160, eps=0.001, momentum=0.1, affine=True, track_running_stats=True)
        )
        (8): InvertedResidual(
          (conv_pw): Conv2d(160, 960, kernel_size=(1, 1), stride=(1, 1), bias=False)
          (bn1): BatchNorm2d(960, eps=0.001, momentum=0.1, affine=True, track_running_stats=True)
          (act1): SiLU(inplace=True)
          (conv_dw): Conv2d(960, 960, kernel_size=(3, 3), stride=(1, 1), padding=(1, 1), groups=960, bias=False)
          (bn2): BatchNorm2d(960, eps=0.001, momentum=0.1, affine=True, track_running_stats=True)
          (act2): SiLU(inplace=True)
          (se): SqueezeExcite(
            (conv_reduce): Conv2d(960, 40, kernel_size=(1, 1), stride=(1, 1))
            (act1): SiLU(inplace=True)
            (conv_expand): Conv2d(40, 960, kernel_size=(1, 1), stride=(1, 1))
          )
          (conv_pwl): Conv2d(960, 160, kernel_size=(1, 1), stride=(1, 1), bias=False)
          (bn3): BatchNorm2d(160, eps=0.001, momentum=0.1, affine=True, track_running_stats=True)
        )
        (9): InvertedResidual(
          (conv_pw): Conv2d(160, 960, kernel_size=(1, 1), stride=(1, 1), bias=False)
          (bn1): BatchNorm2d(960, eps=0.001, momentum=0.1, affine=True, track_running_stats=True)
          (act1): SiLU(inplace=True)
          (conv_dw): Conv2d(960, 960, kernel_size=(3, 3), stride=(1, 1), padding=(1, 1), groups=960, bias=False)
          (bn2): BatchNorm2d(960, eps=0.001, momentum=0.1, affine=True, track_running_stats=True)
          (act2): SiLU(inplace=True)
          (se): SqueezeExcite(
            (conv_reduce): Conv2d(960, 40, kernel_size=(1, 1), stride=(1, 1))
            (act1): SiLU(inplace=True)
            (conv_expand): Conv2d(40, 960, kernel_size=(1, 1), stride=(1, 1))
          )
          (conv_pwl): Conv2d(960, 160, kernel_size=(1, 1), stride=(1, 1), bias=False)
          (bn3): BatchNorm2d(160, eps=0.001, momentum=0.1, affine=True, track_running_stats=True)
        )
      )
      (4): Sequential(
        (0): InvertedResidual(
          (conv_pw): Conv2d(160, 960, kernel_size=(1, 1), stride=(1, 1), bias=False)
          (bn1): BatchNorm2d(960, eps=0.001, momentum=0.1, affine=True, track_running_stats=True)
          (act1): SiLU(inplace=True)
          (conv_dw): Conv2d(960, 960, kernel_size=(5, 5), stride=(1, 1), padding=(2, 2), groups=960, bias=False)
          (bn2): BatchNorm2d(960, eps=0.001, momentum=0.1, affine=True, track_running_stats=True)
          (act2): SiLU(inplace=True)
          (se): SqueezeExcite(
            (conv_reduce): Conv2d(960, 40, kernel_size=(1, 1), stride=(1, 1))
            (act1): SiLU(inplace=True)
            (conv_expand): Conv2d(40, 960, kernel_size=(1, 1), stride=(1, 1))
          )
          (conv_pwl): Conv2d(960, 224, kernel_size=(1, 1), stride=(1, 1), bias=False)
          (bn3): BatchNorm2d(224, eps=0.001, momentum=0.1, affine=True, track_running_stats=True)
        )
        (1): InvertedResidual(
          (conv_pw): Conv2d(224, 1344, kernel_size=(1, 1), stride=(1, 1), bias=False)
          (bn1): BatchNorm2d(1344, eps=0.001, momentum=0.1, affine=True, track_running_stats=True)
          (act1): SiLU(inplace=True)
          (conv_dw): Conv2d(1344, 1344, kernel_size=(5, 5), stride=(1, 1), padding=(2, 2), groups=1344, bias=False)
          (bn2): BatchNorm2d(1344, eps=0.001, momentum=0.1, affine=True, track_running_stats=True)
          (act2): SiLU(inplace=True)
          (se): SqueezeExcite(
            (conv_reduce): Conv2d(1344, 56, kernel_size=(1, 1), stride=(1, 1))
            (act1): SiLU(inplace=True)
            (conv_expand): Conv2d(56, 1344, kernel_size=(1, 1), stride=(1, 1))
          )
          (conv_pwl): Conv2d(1344, 224, kernel_size=(1, 1), stride=(1, 1), bias=False)
          (bn3): BatchNorm2d(224, eps=0.001, momentum=0.1, affine=True, track_running_stats=True)
        )
        (2): InvertedResidual(
          (conv_pw): Conv2d(224, 1344, kernel_size=(1, 1), stride=(1, 1), bias=False)
          (bn1): BatchNorm2d(1344, eps=0.001, momentum=0.1, affine=True, track_running_stats=True)
          (act1): SiLU(inplace=True)
          (conv_dw): Conv2d(1344, 1344, kernel_size=(5, 5), stride=(1, 1), padding=(2, 2), groups=1344, bias=False)
          (bn2): BatchNorm2d(1344, eps=0.001, momentum=0.1, affine=True, track_running_stats=True)
          (act2): SiLU(inplace=True)
          (se): SqueezeExcite(
            (conv_reduce): Conv2d(1344, 56, kernel_size=(1, 1), stride=(1, 1))
            (act1): SiLU(inplace=True)
            (conv_expand): Conv2d(56, 1344, kernel_size=(1, 1), stride=(1, 1))
          )
          (conv_pwl): Conv2d(1344, 224, kernel_size=(1, 1), stride=(1, 1), bias=False)
          (bn3): BatchNorm2d(224, eps=0.001, momentum=0.1, affine=True, track_running_stats=True)
        )
        (3): InvertedResidual(
          (conv_pw): Conv2d(224, 1344, kernel_size=(1, 1), stride=(1, 1), bias=False)
          (bn1): BatchNorm2d(1344, eps=0.001, momentum=0.1, affine=True, track_running_stats=True)
          (act1): SiLU(inplace=True)
          (conv_dw): Conv2d(1344, 1344, kernel_size=(5, 5), stride=(1, 1), padding=(2, 2), groups=1344, bias=False)
          (bn2): BatchNorm2d(1344, eps=0.001, momentum=0.1, affine=True, track_running_stats=True)
          (act2): SiLU(inplace=True)
          (se): SqueezeExcite(
            (conv_reduce): Conv2d(1344, 56, kernel_size=(1, 1), stride=(1, 1))
            (act1): SiLU(inplace=True)
            (conv_expand): Conv2d(56, 1344, kernel_size=(1, 1), stride=(1, 1))
          )
          (conv_pwl): Conv2d(1344, 224, kernel_size=(1, 1), stride=(1, 1), bias=False)
          (bn3): BatchNorm2d(224, eps=0.001, momentum=0.1, affine=True, track_running_stats=True)
        )
        (4): InvertedResidual(
          (conv_pw): Conv2d(224, 1344, kernel_size=(1, 1), stride=(1, 1), bias=False)
          (bn1): BatchNorm2d(1344, eps=0.001, momentum=0.1, affine=True, track_running_stats=True)
          (act1): SiLU(inplace=True)
          (conv_dw): Conv2d(1344, 1344, kernel_size=(5, 5), stride=(1, 1), padding=(2, 2), groups=1344, bias=False)
          (bn2): BatchNorm2d(1344, eps=0.001, momentum=0.1, affine=True, track_running_stats=True)
          (act2): SiLU(inplace=True)
          (se): SqueezeExcite(
            (conv_reduce): Conv2d(1344, 56, kernel_size=(1, 1), stride=(1, 1))
            (act1): SiLU(inplace=True)
            (conv_expand): Conv2d(56, 1344, kernel_size=(1, 1), stride=(1, 1))
          )
          (conv_pwl): Conv2d(1344, 224, kernel_size=(1, 1), stride=(1, 1), bias=False)
          (bn3): BatchNorm2d(224, eps=0.001, momentum=0.1, affine=True, track_running_stats=True)
        )
        (5): InvertedResidual(
          (conv_pw): Conv2d(224, 1344, kernel_size=(1, 1), stride=(1, 1), bias=False)
          (bn1): BatchNorm2d(1344, eps=0.001, momentum=0.1, affine=True, track_running_stats=True)
          (act1): SiLU(inplace=True)
          (conv_dw): Conv2d(1344, 1344, kernel_size=(5, 5), stride=(1, 1), padding=(2, 2), groups=1344, bias=False)
          (bn2): BatchNorm2d(1344, eps=0.001, momentum=0.1, affine=True, track_running_stats=True)
          (act2): SiLU(inplace=True)
          (se): SqueezeExcite(
            (conv_reduce): Conv2d(1344, 56, kernel_size=(1, 1), stride=(1, 1))
            (act1): SiLU(inplace=True)
            (conv_expand): Conv2d(56, 1344, kernel_size=(1, 1), stride=(1, 1))
          )
          (conv_pwl): Conv2d(1344, 224, kernel_size=(1, 1), stride=(1, 1), bias=False)
          (bn3): BatchNorm2d(224, eps=0.001, momentum=0.1, affine=True, track_running_stats=True)
        )
        (6): InvertedResidual(
          (conv_pw): Conv2d(224, 1344, kernel_size=(1, 1), stride=(1, 1), bias=False)
          (bn1): BatchNorm2d(1344, eps=0.001, momentum=0.1, affine=True, track_running_stats=True)
          (act1): SiLU(inplace=True)
          (conv_dw): Conv2d(1344, 1344, kernel_size=(5, 5), stride=(1, 1), padding=(2, 2), groups=1344, bias=False)
          (bn2): BatchNorm2d(1344, eps=0.001, momentum=0.1, affine=True, track_running_stats=True)
          (act2): SiLU(inplace=True)
          (se): SqueezeExcite(
            (conv_reduce): Conv2d(1344, 56, kernel_size=(1, 1), stride=(1, 1))
            (act1): SiLU(inplace=True)
            (conv_expand): Conv2d(56, 1344, kernel_size=(1, 1), stride=(1, 1))
          )
          (conv_pwl): Conv2d(1344, 224, kernel_size=(1, 1), stride=(1, 1), bias=False)
          (bn3): BatchNorm2d(224, eps=0.001, momentum=0.1, affine=True, track_running_stats=True)
        )
        (7): InvertedResidual(
          (conv_pw): Conv2d(224, 1344, kernel_size=(1, 1), stride=(1, 1), bias=False)
          (bn1): BatchNorm2d(1344, eps=0.001, momentum=0.1, affine=True, track_running_stats=True)
          (act1): SiLU(inplace=True)
          (conv_dw): Conv2d(1344, 1344, kernel_size=(5, 5), stride=(1, 1), padding=(2, 2), groups=1344, bias=False)
          (bn2): BatchNorm2d(1344, eps=0.001, momentum=0.1, affine=True, track_running_stats=True)
          (act2): SiLU(inplace=True)
          (se): SqueezeExcite(
            (conv_reduce): Conv2d(1344, 56, kernel_size=(1, 1), stride=(1, 1))
            (act1): SiLU(inplace=True)
            (conv_expand): Conv2d(56, 1344, kernel_size=(1, 1), stride=(1, 1))
          )
          (conv_pwl): Conv2d(1344, 224, kernel_size=(1, 1), stride=(1, 1), bias=False)
          (bn3): BatchNorm2d(224, eps=0.001, momentum=0.1, affine=True, track_running_stats=True)
        )
        (8): InvertedResidual(
          (conv_pw): Conv2d(224, 1344, kernel_size=(1, 1), stride=(1, 1), bias=False)
          (bn1): BatchNorm2d(1344, eps=0.001, momentum=0.1, affine=True, track_running_stats=True)
          (act1): SiLU(inplace=True)
          (conv_dw): Conv2d(1344, 1344, kernel_size=(5, 5), stride=(1, 1), padding=(2, 2), groups=1344, bias=False)
          (bn2): BatchNorm2d(1344, eps=0.001, momentum=0.1, affine=True, track_running_stats=True)
          (act2): SiLU(inplace=True)
          (se): SqueezeExcite(
            (conv_reduce): Conv2d(1344, 56, kernel_size=(1, 1), stride=(1, 1))
            (act1): SiLU(inplace=True)
            (conv_expand): Conv2d(56, 1344, kernel_size=(1, 1), stride=(1, 1))
          )
          (conv_pwl): Conv2d(1344, 224, kernel_size=(1, 1), stride=(1, 1), bias=False)
          (bn3): BatchNorm2d(224, eps=0.001, momentum=0.1, affine=True, track_running_stats=True)
        )
        (9): InvertedResidual(
          (conv_pw): Conv2d(224, 1344, kernel_size=(1, 1), stride=(1, 1), bias=False)
          (bn1): BatchNorm2d(1344, eps=0.001, momentum=0.1, affine=True, track_running_stats=True)
          (act1): SiLU(inplace=True)
          (conv_dw): Conv2d(1344, 1344, kernel_size=(5, 5), stride=(1, 1), padding=(2, 2), groups=1344, bias=False)
          (bn2): BatchNorm2d(1344, eps=0.001, momentum=0.1, affine=True, track_running_stats=True)
          (act2): SiLU(inplace=True)
          (se): SqueezeExcite(
            (conv_reduce): Conv2d(1344, 56, kernel_size=(1, 1), stride=(1, 1))
            (act1): SiLU(inplace=True)
            (conv_expand): Conv2d(56, 1344, kernel_size=(1, 1), stride=(1, 1))
          )
          (conv_pwl): Conv2d(1344, 224, kernel_size=(1, 1), stride=(1, 1), bias=False)
          (bn3): BatchNorm2d(224, eps=0.001, momentum=0.1, affine=True, track_running_stats=True)
        )
      )
      (5): Sequential(
        (0): InvertedResidual(
          (conv_pw): Conv2d(224, 1344, kernel_size=(1, 1), stride=(1, 1), bias=False)
          (bn1): BatchNorm2d(1344, eps=0.001, momentum=0.1, affine=True, track_running_stats=True)
          (act1): SiLU(inplace=True)
          (conv_dw): Conv2dSame(1344, 1344, kernel_size=(5, 5), stride=(2, 2), groups=1344, bias=False)
          (bn2): BatchNorm2d(1344, eps=0.001, momentum=0.1, affine=True, track_running_stats=True)
          (act2): SiLU(inplace=True)
          (se): SqueezeExcite(
            (conv_reduce): Conv2d(1344, 56, kernel_size=(1, 1), stride=(1, 1))
            (act1): SiLU(inplace=True)
            (conv_expand): Conv2d(56, 1344, kernel_size=(1, 1), stride=(1, 1))
          )
          (conv_pwl): Conv2d(1344, 384, kernel_size=(1, 1), stride=(1, 1), bias=False)
          (bn3): BatchNorm2d(384, eps=0.001, momentum=0.1, affine=True, track_running_stats=True)
        )
        (1): InvertedResidual(
          (conv_pw): Conv2d(384, 2304, kernel_size=(1, 1), stride=(1, 1), bias=False)
          (bn1): BatchNorm2d(2304, eps=0.001, momentum=0.1, affine=True, track_running_stats=True)
          (act1): SiLU(inplace=True)
          (conv_dw): Conv2d(2304, 2304, kernel_size=(5, 5), stride=(1, 1), padding=(2, 2), groups=2304, bias=False)
          (bn2): BatchNorm2d(2304, eps=0.001, momentum=0.1, affine=True, track_running_stats=True)
          (act2): SiLU(inplace=True)
          (se): SqueezeExcite(
            (conv_reduce): Conv2d(2304, 96, kernel_size=(1, 1), stride=(1, 1))
            (act1): SiLU(inplace=True)
            (conv_expand): Conv2d(96, 2304, kernel_size=(1, 1), stride=(1, 1))
          )
          (conv_pwl): Conv2d(2304, 384, kernel_size=(1, 1), stride=(1, 1), bias=False)
          (bn3): BatchNorm2d(384, eps=0.001, momentum=0.1, affine=True, track_running_stats=True)
        )
        (2): InvertedResidual(
          (conv_pw): Conv2d(384, 2304, kernel_size=(1, 1), stride=(1, 1), bias=False)
          (bn1): BatchNorm2d(2304, eps=0.001, momentum=0.1, affine=True, track_running_stats=True)
          (act1): SiLU(inplace=True)
          (conv_dw): Conv2d(2304, 2304, kernel_size=(5, 5), stride=(1, 1), padding=(2, 2), groups=2304, bias=False)
          (bn2): BatchNorm2d(2304, eps=0.001, momentum=0.1, affine=True, track_running_stats=True)
          (act2): SiLU(inplace=True)
          (se): SqueezeExcite(
            (conv_reduce): Conv2d(2304, 96, kernel_size=(1, 1), stride=(1, 1))
            (act1): SiLU(inplace=True)
            (conv_expand): Conv2d(96, 2304, kernel_size=(1, 1), stride=(1, 1))
          )
          (conv_pwl): Conv2d(2304, 384, kernel_size=(1, 1), stride=(1, 1), bias=False)
          (bn3): BatchNorm2d(384, eps=0.001, momentum=0.1, affine=True, track_running_stats=True)
        )
        (3): InvertedResidual(
          (conv_pw): Conv2d(384, 2304, kernel_size=(1, 1), stride=(1, 1), bias=False)
          (bn1): BatchNorm2d(2304, eps=0.001, momentum=0.1, affine=True, track_running_stats=True)
          (act1): SiLU(inplace=True)
          (conv_dw): Conv2d(2304, 2304, kernel_size=(5, 5), stride=(1, 1), padding=(2, 2), groups=2304, bias=False)
          (bn2): BatchNorm2d(2304, eps=0.001, momentum=0.1, affine=True, track_running_stats=True)
          (act2): SiLU(inplace=True)
          (se): SqueezeExcite(
            (conv_reduce): Conv2d(2304, 96, kernel_size=(1, 1), stride=(1, 1))
            (act1): SiLU(inplace=True)
            (conv_expand): Conv2d(96, 2304, kernel_size=(1, 1), stride=(1, 1))
          )
          (conv_pwl): Conv2d(2304, 384, kernel_size=(1, 1), stride=(1, 1), bias=False)
          (bn3): BatchNorm2d(384, eps=0.001, momentum=0.1, affine=True, track_running_stats=True)
        )
        (4): InvertedResidual(
          (conv_pw): Conv2d(384, 2304, kernel_size=(1, 1), stride=(1, 1), bias=False)
          (bn1): BatchNorm2d(2304, eps=0.001, momentum=0.1, affine=True, track_running_stats=True)
          (act1): SiLU(inplace=True)
          (conv_dw): Conv2d(2304, 2304, kernel_size=(5, 5), stride=(1, 1), padding=(2, 2), groups=2304, bias=False)
          (bn2): BatchNorm2d(2304, eps=0.001, momentum=0.1, affine=True, track_running_stats=True)
          (act2): SiLU(inplace=True)
          (se): SqueezeExcite(
            (conv_reduce): Conv2d(2304, 96, kernel_size=(1, 1), stride=(1, 1))
            (act1): SiLU(inplace=True)
            (conv_expand): Conv2d(96, 2304, kernel_size=(1, 1), stride=(1, 1))
          )
          (conv_pwl): Conv2d(2304, 384, kernel_size=(1, 1), stride=(1, 1), bias=False)
          (bn3): BatchNorm2d(384, eps=0.001, momentum=0.1, affine=True, track_running_stats=True)
        )
        (5): InvertedResidual(
          (conv_pw): Conv2d(384, 2304, kernel_size=(1, 1), stride=(1, 1), bias=False)
          (bn1): BatchNorm2d(2304, eps=0.001, momentum=0.1, affine=True, track_running_stats=True)
          (act1): SiLU(inplace=True)
          (conv_dw): Conv2d(2304, 2304, kernel_size=(5, 5), stride=(1, 1), padding=(2, 2), groups=2304, bias=False)
          (bn2): BatchNorm2d(2304, eps=0.001, momentum=0.1, affine=True, track_running_stats=True)
          (act2): SiLU(inplace=True)
          (se): SqueezeExcite(
            (conv_reduce): Conv2d(2304, 96, kernel_size=(1, 1), stride=(1, 1))
            (act1): SiLU(inplace=True)
            (conv_expand): Conv2d(96, 2304, kernel_size=(1, 1), stride=(1, 1))
          )
          (conv_pwl): Conv2d(2304, 384, kernel_size=(1, 1), stride=(1, 1), bias=False)
          (bn3): BatchNorm2d(384, eps=0.001, momentum=0.1, affine=True, track_running_stats=True)
        )
        (6): InvertedResidual(
          (conv_pw): Conv2d(384, 2304, kernel_size=(1, 1), stride=(1, 1), bias=False)
          (bn1): BatchNorm2d(2304, eps=0.001, momentum=0.1, affine=True, track_running_stats=True)
          (act1): SiLU(inplace=True)
          (conv_dw): Conv2d(2304, 2304, kernel_size=(5, 5), stride=(1, 1), padding=(2, 2), groups=2304, bias=False)
          (bn2): BatchNorm2d(2304, eps=0.001, momentum=0.1, affine=True, track_running_stats=True)
          (act2): SiLU(inplace=True)
          (se): SqueezeExcite(
            (conv_reduce): Conv2d(2304, 96, kernel_size=(1, 1), stride=(1, 1))
            (act1): SiLU(inplace=True)
            (conv_expand): Conv2d(96, 2304, kernel_size=(1, 1), stride=(1, 1))
          )
          (conv_pwl): Conv2d(2304, 384, kernel_size=(1, 1), stride=(1, 1), bias=False)
          (bn3): BatchNorm2d(384, eps=0.001, momentum=0.1, affine=True, track_running_stats=True)
        )
        (7): InvertedResidual(
          (conv_pw): Conv2d(384, 2304, kernel_size=(1, 1), stride=(1, 1), bias=False)
          (bn1): BatchNorm2d(2304, eps=0.001, momentum=0.1, affine=True, track_running_stats=True)
          (act1): SiLU(inplace=True)
          (conv_dw): Conv2d(2304, 2304, kernel_size=(5, 5), stride=(1, 1), padding=(2, 2), groups=2304, bias=False)
          (bn2): BatchNorm2d(2304, eps=0.001, momentum=0.1, affine=True, track_running_stats=True)
          (act2): SiLU(inplace=True)
          (se): SqueezeExcite(
            (conv_reduce): Conv2d(2304, 96, kernel_size=(1, 1), stride=(1, 1))
            (act1): SiLU(inplace=True)
            (conv_expand): Conv2d(96, 2304, kernel_size=(1, 1), stride=(1, 1))
          )
          (conv_pwl): Conv2d(2304, 384, kernel_size=(1, 1), stride=(1, 1), bias=False)
          (bn3): BatchNorm2d(384, eps=0.001, momentum=0.1, affine=True, track_running_stats=True)
        )
        (8): InvertedResidual(
          (conv_pw): Conv2d(384, 2304, kernel_size=(1, 1), stride=(1, 1), bias=False)
          (bn1): BatchNorm2d(2304, eps=0.001, momentum=0.1, affine=True, track_running_stats=True)
          (act1): SiLU(inplace=True)
          (conv_dw): Conv2d(2304, 2304, kernel_size=(5, 5), stride=(1, 1), padding=(2, 2), groups=2304, bias=False)
          (bn2): BatchNorm2d(2304, eps=0.001, momentum=0.1, affine=True, track_running_stats=True)
          (act2): SiLU(inplace=True)
          (se): SqueezeExcite(
            (conv_reduce): Conv2d(2304, 96, kernel_size=(1, 1), stride=(1, 1))
            (act1): SiLU(inplace=True)
            (conv_expand): Conv2d(96, 2304, kernel_size=(1, 1), stride=(1, 1))
          )
          (conv_pwl): Conv2d(2304, 384, kernel_size=(1, 1), stride=(1, 1), bias=False)
          (bn3): BatchNorm2d(384, eps=0.001, momentum=0.1, affine=True, track_running_stats=True)
        )
        (9): InvertedResidual(
          (conv_pw): Conv2d(384, 2304, kernel_size=(1, 1), stride=(1, 1), bias=False)
          (bn1): BatchNorm2d(2304, eps=0.001, momentum=0.1, affine=True, track_running_stats=True)
          (act1): SiLU(inplace=True)
          (conv_dw): Conv2d(2304, 2304, kernel_size=(5, 5), stride=(1, 1), padding=(2, 2), groups=2304, bias=False)
          (bn2): BatchNorm2d(2304, eps=0.001, momentum=0.1, affine=True, track_running_stats=True)
          (act2): SiLU(inplace=True)
          (se): SqueezeExcite(
            (conv_reduce): Conv2d(2304, 96, kernel_size=(1, 1), stride=(1, 1))
            (act1): SiLU(inplace=True)
            (conv_expand): Conv2d(96, 2304, kernel_size=(1, 1), stride=(1, 1))
          )
          (conv_pwl): Conv2d(2304, 384, kernel_size=(1, 1), stride=(1, 1), bias=False)
          (bn3): BatchNorm2d(384, eps=0.001, momentum=0.1, affine=True, track_running_stats=True)
        )
        (10): InvertedResidual(
          (conv_pw): Conv2d(384, 2304, kernel_size=(1, 1), stride=(1, 1), bias=False)
          (bn1): BatchNorm2d(2304, eps=0.001, momentum=0.1, affine=True, track_running_stats=True)
          (act1): SiLU(inplace=True)
          (conv_dw): Conv2d(2304, 2304, kernel_size=(5, 5), stride=(1, 1), padding=(2, 2), groups=2304, bias=False)
          (bn2): BatchNorm2d(2304, eps=0.001, momentum=0.1, affine=True, track_running_stats=True)
          (act2): SiLU(inplace=True)
          (se): SqueezeExcite(
            (conv_reduce): Conv2d(2304, 96, kernel_size=(1, 1), stride=(1, 1))
            (act1): SiLU(inplace=True)
            (conv_expand): Conv2d(96, 2304, kernel_size=(1, 1), stride=(1, 1))
          )
          (conv_pwl): Conv2d(2304, 384, kernel_size=(1, 1), stride=(1, 1), bias=False)
          (bn3): BatchNorm2d(384, eps=0.001, momentum=0.1, affine=True, track_running_stats=True)
        )
        (11): InvertedResidual(
          (conv_pw): Conv2d(384, 2304, kernel_size=(1, 1), stride=(1, 1), bias=False)
          (bn1): BatchNorm2d(2304, eps=0.001, momentum=0.1, affine=True, track_running_stats=True)
          (act1): SiLU(inplace=True)
          (conv_dw): Conv2d(2304, 2304, kernel_size=(5, 5), stride=(1, 1), padding=(2, 2), groups=2304, bias=False)
          (bn2): BatchNorm2d(2304, eps=0.001, momentum=0.1, affine=True, track_running_stats=True)
          (act2): SiLU(inplace=True)
          (se): SqueezeExcite(
            (conv_reduce): Conv2d(2304, 96, kernel_size=(1, 1), stride=(1, 1))
            (act1): SiLU(inplace=True)
            (conv_expand): Conv2d(96, 2304, kernel_size=(1, 1), stride=(1, 1))
          )
          (conv_pwl): Conv2d(2304, 384, kernel_size=(1, 1), stride=(1, 1), bias=False)
          (bn3): BatchNorm2d(384, eps=0.001, momentum=0.1, affine=True, track_running_stats=True)
        )
        (12): InvertedResidual(
          (conv_pw): Conv2d(384, 2304, kernel_size=(1, 1), stride=(1, 1), bias=False)
          (bn1): BatchNorm2d(2304, eps=0.001, momentum=0.1, affine=True, track_running_stats=True)
          (act1): SiLU(inplace=True)
          (conv_dw): Conv2d(2304, 2304, kernel_size=(5, 5), stride=(1, 1), padding=(2, 2), groups=2304, bias=False)
          (bn2): BatchNorm2d(2304, eps=0.001, momentum=0.1, affine=True, track_running_stats=True)
          (act2): SiLU(inplace=True)
          (se): SqueezeExcite(
            (conv_reduce): Conv2d(2304, 96, kernel_size=(1, 1), stride=(1, 1))
            (act1): SiLU(inplace=True)
            (conv_expand): Conv2d(96, 2304, kernel_size=(1, 1), stride=(1, 1))
          )
          (conv_pwl): Conv2d(2304, 384, kernel_size=(1, 1), stride=(1, 1), bias=False)
          (bn3): BatchNorm2d(384, eps=0.001, momentum=0.1, affine=True, track_running_stats=True)
        )
      )
      (6): Sequential(
        (0): InvertedResidual(
          (conv_pw): Conv2d(384, 2304, kernel_size=(1, 1), stride=(1, 1), bias=False)
          (bn1): BatchNorm2d(2304, eps=0.001, momentum=0.1, affine=True, track_running_stats=True)
          (act1): SiLU(inplace=True)
          (conv_dw): Conv2d(2304, 2304, kernel_size=(3, 3), stride=(1, 1), padding=(1, 1), groups=2304, bias=False)
          (bn2): BatchNorm2d(2304, eps=0.001, momentum=0.1, affine=True, track_running_stats=True)
          (act2): SiLU(inplace=True)
          (se): SqueezeExcite(
            (conv_reduce): Conv2d(2304, 96, kernel_size=(1, 1), stride=(1, 1))
            (act1): SiLU(inplace=True)
            (conv_expand): Conv2d(96, 2304, kernel_size=(1, 1), stride=(1, 1))
          )
          (conv_pwl): Conv2d(2304, 640, kernel_size=(1, 1), stride=(1, 1), bias=False)
          (bn3): BatchNorm2d(640, eps=0.001, momentum=0.1, affine=True, track_running_stats=True)
        )
        (1): InvertedResidual(
          (conv_pw): Conv2d(640, 3840, kernel_size=(1, 1), stride=(1, 1), bias=False)
          (bn1): BatchNorm2d(3840, eps=0.001, momentum=0.1, affine=True, track_running_stats=True)
          (act1): SiLU(inplace=True)
          (conv_dw): Conv2d(3840, 3840, kernel_size=(3, 3), stride=(1, 1), padding=(1, 1), groups=3840, bias=False)
          (bn2): BatchNorm2d(3840, eps=0.001, momentum=0.1, affine=True, track_running_stats=True)
          (act2): SiLU(inplace=True)
          (se): SqueezeExcite(
            (conv_reduce): Conv2d(3840, 160, kernel_size=(1, 1), stride=(1, 1))
            (act1): SiLU(inplace=True)
            (conv_expand): Conv2d(160, 3840, kernel_size=(1, 1), stride=(1, 1))
          )
          (conv_pwl): Conv2d(3840, 640, kernel_size=(1, 1), stride=(1, 1), bias=False)
          (bn3): BatchNorm2d(640, eps=0.001, momentum=0.1, affine=True, track_running_stats=True)
        )
        (2): InvertedResidual(
          (conv_pw): Conv2d(640, 3840, kernel_size=(1, 1), stride=(1, 1), bias=False)
          (bn1): BatchNorm2d(3840, eps=0.001, momentum=0.1, affine=True, track_running_stats=True)
          (act1): SiLU(inplace=True)
          (conv_dw): Conv2d(3840, 3840, kernel_size=(3, 3), stride=(1, 1), padding=(1, 1), groups=3840, bias=False)
          (bn2): BatchNorm2d(3840, eps=0.001, momentum=0.1, affine=True, track_running_stats=True)
          (act2): SiLU(inplace=True)
          (se): SqueezeExcite(
            (conv_reduce): Conv2d(3840, 160, kernel_size=(1, 1), stride=(1, 1))
            (act1): SiLU(inplace=True)
            (conv_expand): Conv2d(160, 3840, kernel_size=(1, 1), stride=(1, 1))
          )
          (conv_pwl): Conv2d(3840, 640, kernel_size=(1, 1), stride=(1, 1), bias=False)
          (bn3): BatchNorm2d(640, eps=0.001, momentum=0.1, affine=True, track_running_stats=True)
        )
        (3): InvertedResidual(
          (conv_pw): Conv2d(640, 3840, kernel_size=(1, 1), stride=(1, 1), bias=False)
          (bn1): BatchNorm2d(3840, eps=0.001, momentum=0.1, affine=True, track_running_stats=True)
          (act1): SiLU(inplace=True)
          (conv_dw): Conv2d(3840, 3840, kernel_size=(3, 3), stride=(1, 1), padding=(1, 1), groups=3840, bias=False)
          (bn2): BatchNorm2d(3840, eps=0.001, momentum=0.1, affine=True, track_running_stats=True)
          (act2): SiLU(inplace=True)
          (se): SqueezeExcite(
            (conv_reduce): Conv2d(3840, 160, kernel_size=(1, 1), stride=(1, 1))
            (act1): SiLU(inplace=True)
            (conv_expand): Conv2d(160, 3840, kernel_size=(1, 1), stride=(1, 1))
          )
          (conv_pwl): Conv2d(3840, 640, kernel_size=(1, 1), stride=(1, 1), bias=False)
          (bn3): BatchNorm2d(640, eps=0.001, momentum=0.1, affine=True, track_running_stats=True)
        )
      )
    )
    (conv_head): Conv2d(640, 2560, kernel_size=(1, 1), stride=(1, 1), bias=False)
    (bn2): BatchNorm2d(2560, eps=0.001, momentum=0.1, affine=True, track_running_stats=True)
    (act2): SiLU(inplace=True)
    (global_pool): Identity()
    (classifier): Identity()
  )
  (neck): SECONDFPN(
    (deblocks): ModuleList(
      (0): Sequential(
        (0): Conv2d(48, 96, kernel_size=(2, 2), stride=(2, 2), bias=False)
        (1): BatchNorm2d(96, eps=0.001, momentum=0.01, affine=True, track_running_stats=True)
        (2): ReLU(inplace=True)
      )
      (1): Sequential(
        (0): ConvTranspose2d(80, 96, kernel_size=(1, 1), stride=(1, 1), bias=False)
        (1): BatchNorm2d(96, eps=0.001, momentum=0.01, affine=True, track_running_stats=True)
        (2): ReLU(inplace=True)
      )
      (2): Sequential(
        (0): ConvTranspose2d(224, 96, kernel_size=(2, 2), stride=(2, 2), bias=False)
        (1): BatchNorm2d(96, eps=0.001, momentum=0.01, affine=True, track_running_stats=True)
        (2): ReLU(inplace=True)
      )
      (3): Sequential(
        (0): ConvTranspose2d(2560, 96, kernel_size=(4, 4), stride=(4, 4), bias=False)
        (1): BatchNorm2d(96, eps=0.001, momentum=0.01, affine=True, track_running_stats=True)
        (2): ReLU(inplace=True)
      )
    )
  )
  init_cfg=[{'type': 'Kaiming', 'layer': 'ConvTranspose2d'}, {'type': 'Constant', 'layer': 'NaiveSyncBatchNorm2d', 'val': 1.0}]
  (depth_net): GeometryDepth_Net(
    (stereo_volume_encoder): StereoVolumeEncoder(
      (stem): Sequential(
        (0): Conv2d(72, 72, kernel_size=(3, 3), stride=(1, 1), padding=(1, 1), bias=False)
        (1): GroupNorm(2, 72, eps=1e-05, affine=True)
      )
      (Unet): Sequential(
        (0): SimpleUnet(
          (conv1): Sequential(
            (0): Sequential(
              (0): Conv2d(72, 144, kernel_size=(3, 3), stride=(2, 2), padding=(1, 1), bias=False)
              (1): GroupNorm(2, 144, eps=1e-05, affine=True)
            )
            (1): ReLU(inplace=True)
          )
          (conv2): Sequential(
            (0): Sequential(
              (0): Conv2d(144, 144, kernel_size=(3, 3), stride=(1, 1), padding=(1, 1), bias=False)
              (1): GroupNorm(2, 144, eps=1e-05, affine=True)
            )
            (1): ReLU(inplace=True)
          )
          (conv3): Sequential(
            (0): Sequential(
              (0): Conv2d(144, 288, kernel_size=(3, 3), stride=(2, 2), padding=(1, 1), bias=False)
              (1): GroupNorm(2, 288, eps=1e-05, affine=True)
            )
            (1): ReLU(inplace=True)
          )
          (conv4): Sequential(
            (0): Sequential(
              (0): Conv2d(288, 288, kernel_size=(3, 3), stride=(1, 1), padding=(1, 1), bias=False)
              (1): GroupNorm(2, 288, eps=1e-05, affine=True)
            )
            (1): ReLU(inplace=True)
          )
          (conv5): Sequential(
            (0): ConvTranspose2d(288, 144, kernel_size=(3, 3), stride=(2, 2), padding=(1, 1), output_padding=(1, 1), bias=False)
            (1): BatchNorm2d(144, eps=1e-05, momentum=0.1, affine=True, track_running_stats=True)
          )
          (conv6): Sequential(
            (0): ConvTranspose2d(144, 72, kernel_size=(3, 3), stride=(2, 2), padding=(1, 1), output_padding=(1, 1), bias=False)
            (1): BatchNorm2d(72, eps=1e-05, momentum=0.1, affine=True, track_running_stats=True)
          )
          (redir1): Sequential(
            (0): Conv2d(72, 72, kernel_size=(1, 1), stride=(1, 1), bias=False)
            (1): GroupNorm(2, 72, eps=1e-05, affine=True)
          )
          (redir2): Sequential(
            (0): Conv2d(144, 144, kernel_size=(1, 1), stride=(1, 1), bias=False)
            (1): GroupNorm(2, 144, eps=1e-05, affine=True)
          )
        )
      )
      (conv_out): Conv2d(72, 72, kernel_size=(1, 1), stride=(1, 1))
    )
    (depth_net): DepthNet(
      (reduce_conv): Sequential(
        (0): Conv2d(384, 384, kernel_size=(3, 3), stride=(1, 1), padding=(1, 1))
        (1): BatchNorm2d(384, eps=1e-05, momentum=0.1, affine=True, track_running_stats=True)
        (2): ReLU(inplace=True)
      )
      (context_conv): Conv2d(384, 96, kernel_size=(1, 1), stride=(1, 1))
      (bn): BatchNorm1d(15, eps=1e-05, momentum=0.1, affine=True, track_running_stats=True)
      (depth_mlp): Mlp(
        (fc1): Linear(in_features=15, out_features=384, bias=True)
        (act): ReLU()
        (drop1): Dropout(p=0.0, inplace=False)
        (fc2): Linear(in_features=384, out_features=384, bias=True)
        (drop2): Dropout(p=0.0, inplace=False)
      )
      (depth_se): SELayer(
        (conv_reduce): Conv2d(384, 384, kernel_size=(1, 1), stride=(1, 1))
        (act1): ReLU()
        (conv_expand): Conv2d(384, 384, kernel_size=(1, 1), stride=(1, 1))
        (gate): Sigmoid()
      )
      (context_mlp): Mlp(
        (fc1): Linear(in_features=15, out_features=384, bias=True)
        (act): ReLU()
        (drop1): Dropout(p=0.0, inplace=False)
        (fc2): Linear(in_features=384, out_features=384, bias=True)
        (drop2): Dropout(p=0.0, inplace=False)
      )
      (context_se): SELayer(
        (conv_reduce): Conv2d(384, 384, kernel_size=(1, 1), stride=(1, 1))
        (act1): ReLU()
        (conv_expand): Conv2d(384, 384, kernel_size=(1, 1), stride=(1, 1))
        (gate): Sigmoid()
      )
      (depth_conv): Sequential(
        (0): BasicBlock(
          (conv1): Conv2d(384, 72, kernel_size=(3, 3), stride=(1, 1), padding=(1, 1), bias=False)
          (bn1): BatchNorm2d(72, eps=1e-05, momentum=0.1, affine=True, track_running_stats=True)
          (conv2): Conv2d(72, 72, kernel_size=(3, 3), stride=(1, 1), padding=(1, 1), bias=False)
          (bn2): BatchNorm2d(72, eps=1e-05, momentum=0.1, affine=True, track_running_stats=True)
          (relu): ReLU(inplace=True)
          (downsample): Conv2d(384, 72, kernel_size=(3, 3), stride=(1, 1), padding=(1, 1))
        )
        (1): BasicBlock(
          (conv1): Conv2d(72, 72, kernel_size=(3, 3), stride=(1, 1), padding=(1, 1), bias=False)
          (bn1): BatchNorm2d(72, eps=1e-05, momentum=0.1, affine=True, track_running_stats=True)
          (conv2): Conv2d(72, 72, kernel_size=(3, 3), stride=(1, 1), padding=(1, 1), bias=False)
          (bn2): BatchNorm2d(72, eps=1e-05, momentum=0.1, affine=True, track_running_stats=True)
          (relu): ReLU(inplace=True)
        )
        (2): BasicBlock(
          (conv1): Conv2d(72, 72, kernel_size=(3, 3), stride=(1, 1), padding=(1, 1), bias=False)
          (bn1): BatchNorm2d(72, eps=1e-05, momentum=0.1, affine=True, track_running_stats=True)
          (conv2): Conv2d(72, 72, kernel_size=(3, 3), stride=(1, 1), padding=(1, 1), bias=False)
          (bn2): BatchNorm2d(72, eps=1e-05, momentum=0.1, affine=True, track_running_stats=True)
          (relu): ReLU(inplace=True)
        )
        (3): ASPP(
          (aspp1): _ASPPModule(
            (atrous_conv): Conv2d(72, 72, kernel_size=(1, 1), stride=(1, 1), bias=False)
            (bn): BatchNorm2d(72, eps=1e-05, momentum=0.1, affine=True, track_running_stats=True)
            (relu): ReLU()
          )
          (aspp2): _ASPPModule(
            (atrous_conv): Conv2d(72, 72, kernel_size=(3, 3), stride=(1, 1), padding=(6, 6), dilation=(6, 6), bias=False)
            (bn): BatchNorm2d(72, eps=1e-05, momentum=0.1, affine=True, track_running_stats=True)
            (relu): ReLU()
          )
          (aspp3): _ASPPModule(
            (atrous_conv): Conv2d(72, 72, kernel_size=(3, 3), stride=(1, 1), padding=(12, 12), dilation=(12, 12), bias=False)
            (bn): BatchNorm2d(72, eps=1e-05, momentum=0.1, affine=True, track_running_stats=True)
            (relu): ReLU()
          )
          (aspp4): _ASPPModule(
            (atrous_conv): Conv2d(72, 72, kernel_size=(3, 3), stride=(1, 1), padding=(18, 18), dilation=(18, 18), bias=False)
            (bn): BatchNorm2d(72, eps=1e-05, momentum=0.1, affine=True, track_running_stats=True)
            (relu): ReLU()
          )
          (global_avg_pool): Sequential(
            (0): AdaptiveAvgPool2d(output_size=(1, 1))
            (1): Conv2d(72, 72, kernel_size=(1, 1), stride=(1, 1), bias=False)
            (2): BatchNorm2d(72, eps=1e-05, momentum=0.1, affine=True, track_running_stats=True)
            (3): ReLU()
          )
          (conv1): Conv2d(360, 72, kernel_size=(1, 1), stride=(1, 1), bias=False)
          (bn1): BatchNorm2d(72, eps=1e-05, momentum=0.1, affine=True, track_running_stats=True)
          (relu): ReLU()
          (dropout): Dropout(p=0.5, inplace=False)
        )
        (4): DeformConv2dPack(in_channels=72,
        out_channels=72,
        kernel_size=(3, 3),
        stride=(1, 1),
        padding=(1, 1),
        dilation=(1, 1),
        groups=4,
        deform_groups=1,
        bias=False)
        (5): Conv2d(72, 72, kernel_size=(1, 1), stride=(1, 1))
      )
    )
    (depth_aggregation): DepthAggregation(
      (stem): Conv3d(2, 32, kernel_size=(3, 3, 3), stride=(1, 1, 1), padding=(1, 1, 1))
      (mono_stereo_attention): Attention(
        (neighbor_atttention): NeighborhoodCrossAttention2D(
          head_dim=72, num_heads=1, kernel_size=5, dilation=1, rel_pos_bias=True
          (q): Linear(in_features=72, out_features=72, bias=True)
          (kv): Linear(in_features=72, out_features=144, bias=True)
          (attn_drop): Dropout(p=0.0, inplace=False)
          (proj): Linear(in_features=72, out_features=72, bias=True)
          (proj_drop): Dropout(p=0.0, inplace=False)
        )
      )
      (stereo_mono_attention): Attention(
        (neighbor_atttention): NeighborhoodCrossAttention2D(
          head_dim=72, num_heads=1, kernel_size=5, dilation=1, rel_pos_bias=True
          (q): Linear(in_features=72, out_features=72, bias=True)
          (kv): Linear(in_features=72, out_features=144, bias=True)
          (attn_drop): Dropout(p=0.0, inplace=False)
          (proj): Linear(in_features=72, out_features=72, bias=True)
          (proj_drop): Dropout(p=0.0, inplace=False)
        )
      )
      (UNet_3D): SimpleUnet3D(
        (conv1): Sequential(
          (0): Sequential(
            (0): Conv3d(32, 64, kernel_size=(3, 3, 3), stride=(2, 2, 2), padding=(1, 1, 1), bias=False)
            (1): GroupNorm(2, 64, eps=1e-05, affine=True)
          )
          (1): ReLU(inplace=True)
        )
        (conv2): Sequential(
          (0): Sequential(
            (0): Conv3d(64, 64, kernel_size=(3, 3, 3), stride=(1, 1, 1), padding=(1, 1, 1), bias=False)
            (1): GroupNorm(2, 64, eps=1e-05, affine=True)
          )
          (1): ReLU(inplace=True)
        )
        (conv3): Sequential(
          (0): Sequential(
            (0): Conv3d(64, 128, kernel_size=(3, 3, 3), stride=(2, 2, 2), padding=(1, 1, 1), bias=False)
            (1): GroupNorm(2, 128, eps=1e-05, affine=True)
          )
          (1): ReLU(inplace=True)
        )
        (conv4): Sequential(
          (0): Sequential(
            (0): Conv3d(128, 128, kernel_size=(3, 3, 3), stride=(1, 1, 1), padding=(1, 1, 1), bias=False)
            (1): GroupNorm(2, 128, eps=1e-05, affine=True)
          )
          (1): ReLU(inplace=True)
        )
        (conv5): Sequential(
          (0): ConvTranspose3d(128, 64, kernel_size=(3, 3, 3), stride=(2, 2, 2), padding=(1, 1, 1), output_padding=(1, 1, 1), bias=False)
          (1): BatchNorm3d(64, eps=1e-05, momentum=0.1, affine=True, track_running_stats=True)
        )
        (conv6): Sequential(
          (0): ConvTranspose3d(64, 32, kernel_size=(3, 3, 3), stride=(2, 2, 2), padding=(1, 1, 1), output_padding=(1, 1, 1), bias=False)
          (1): BatchNorm3d(32, eps=1e-05, momentum=0.1, affine=True, track_running_stats=True)
        )
        (redir1): Sequential(
          (0): Conv3d(32, 32, kernel_size=(1, 1, 1), stride=(1, 1, 1), bias=False)
          (1): GroupNorm(2, 32, eps=1e-05, affine=True)
        )
        (redir2): Sequential(
          (0): Conv3d(64, 64, kernel_size=(1, 1, 1), stride=(1, 1, 1), bias=False)
          (1): GroupNorm(2, 64, eps=1e-05, affine=True)
        )
      )
      (channel_attention): ChannelAttention3D(
        (conv1): Sequential(
          (0): Conv3d(32, 32, kernel_size=(3, 3, 3), stride=(1, 1, 1), padding=(1, 1, 1))
          (1): GELU(approximate=none)
          (2): GroupNorm(1, 32, eps=1e-05, affine=True)
        )
        (avg_pool): AdaptiveAvgPool3d(output_size=1)
        (conv2): Sequential(
          (0): Conv3d(32, 4, kernel_size=(1, 1, 1), stride=(1, 1, 1))
          (1): GELU(approximate=none)
          (2): Conv3d(4, 32, kernel_size=(1, 1, 1), stride=(1, 1, 1))
          (3): GELU(approximate=none)
        )
        (sigmoid): Sigmoid()
        (conv): Sequential(
          (0): Conv3d(32, 32, kernel_size=(3, 3, 3), stride=(1, 1, 1), padding=(1, 1, 1))
          (1): GELU(approximate=none)
          (2): GroupNorm(2, 32, eps=1e-05, affine=True)
        )
      )
      (out_conv): Conv3d(32, 1, kernel_size=(3, 3, 3), stride=(1, 1, 1), padding=(1, 1, 1))
    )
  )
  (lifter): LSSViewTransformer()
  (occ_encoder_backbone): CustomResNet3D(
    (layers): Sequential(
      (0): Sequential(
        (0): BasicBlock3D(
          (conv1): ConvModule(
            (conv): Conv3d(96, 96, kernel_size=(3, 3, 3), stride=(1, 1, 1), padding=(1, 1, 1), bias=False)
            (bn): BatchNorm3d(96, eps=1e-05, momentum=0.1, affine=True, track_running_stats=True)
            (activate): ReLU(inplace=True)
          )
          (conv2): ConvModule(
            (conv): Conv3d(96, 96, kernel_size=(3, 3, 3), stride=(1, 1, 1), padding=(1, 1, 1), bias=False)
            (bn): BatchNorm3d(96, eps=1e-05, momentum=0.1, affine=True, track_running_stats=True)
          )
          (downsample): ConvModule(
            (conv): Conv3d(96, 96, kernel_size=(3, 3, 3), stride=(1, 1, 1), padding=(1, 1, 1), bias=False)
            (bn): BatchNorm3d(96, eps=1e-05, momentum=0.1, affine=True, track_running_stats=True)
          )
          (relu): ReLU(inplace=True)
          (drop_path): Identity()
        )
        (1): BasicBlock3D(
          (conv1): ConvModule(
            (conv): Conv3d(96, 96, kernel_size=(3, 3, 3), stride=(1, 1, 1), padding=(1, 1, 1), bias=False)
            (bn): BatchNorm3d(96, eps=1e-05, momentum=0.1, affine=True, track_running_stats=True)
            (activate): ReLU(inplace=True)
          )
          (conv2): ConvModule(
            (conv): Conv3d(96, 96, kernel_size=(3, 3, 3), stride=(1, 1, 1), padding=(1, 1, 1), bias=False)
            (bn): BatchNorm3d(96, eps=1e-05, momentum=0.1, affine=True, track_running_stats=True)
          )
          (relu): ReLU(inplace=True)
          (drop_path): DropPath(drop_prob=0.050)
        )
      )
      (1): Sequential(
        (0): BasicBlock3D(
          (conv1): ConvModule(
            (conv): Conv3d(96, 96, kernel_size=(3, 3, 3), stride=(2, 2, 2), padding=(1, 1, 1), bias=False)
            (bn): BatchNorm3d(96, eps=1e-05, momentum=0.1, affine=True, track_running_stats=True)
            (activate): ReLU(inplace=True)
          )
          (conv2): ConvModule(
            (conv): Conv3d(96, 96, kernel_size=(3, 3, 3), stride=(1, 1, 1), padding=(1, 1, 1), bias=False)
            (bn): BatchNorm3d(96, eps=1e-05, momentum=0.1, affine=True, track_running_stats=True)
          )
          (downsample): ConvModule(
            (conv): Conv3d(96, 96, kernel_size=(3, 3, 3), stride=(2, 2, 2), padding=(1, 1, 1), bias=False)
            (bn): BatchNorm3d(96, eps=1e-05, momentum=0.1, affine=True, track_running_stats=True)
          )
          (relu): ReLU(inplace=True)
          (drop_path): DropPath(drop_prob=0.100)
        )
        (1): BasicBlock3D(
          (conv1): ConvModule(
            (conv): Conv3d(96, 96, kernel_size=(3, 3, 3), stride=(1, 1, 1), padding=(1, 1, 1), bias=False)
            (bn): BatchNorm3d(96, eps=1e-05, momentum=0.1, affine=True, track_running_stats=True)
            (activate): ReLU(inplace=True)
          )
          (conv2): ConvModule(
            (conv): Conv3d(96, 96, kernel_size=(3, 3, 3), stride=(1, 1, 1), padding=(1, 1, 1), bias=False)
            (bn): BatchNorm3d(96, eps=1e-05, momentum=0.1, affine=True, track_running_stats=True)
          )
          (relu): ReLU(inplace=True)
          (drop_path): DropPath(drop_prob=0.150)
        )
      )
      (2): Sequential(
        (0): BasicBlock3D(
          (conv1): ConvModule(
            (conv): Conv3d(96, 96, kernel_size=(3, 3, 3), stride=(2, 2, 2), padding=(1, 1, 1), bias=False)
            (bn): BatchNorm3d(96, eps=1e-05, momentum=0.1, affine=True, track_running_stats=True)
            (activate): ReLU(inplace=True)
          )
          (conv2): ConvModule(
            (conv): Conv3d(96, 96, kernel_size=(3, 3, 3), stride=(1, 1, 1), padding=(1, 1, 1), bias=False)
            (bn): BatchNorm3d(96, eps=1e-05, momentum=0.1, affine=True, track_running_stats=True)
          )
          (downsample): ConvModule(
            (conv): Conv3d(96, 96, kernel_size=(3, 3, 3), stride=(2, 2, 2), padding=(1, 1, 1), bias=False)
            (bn): BatchNorm3d(96, eps=1e-05, momentum=0.1, affine=True, track_running_stats=True)
          )
          (relu): ReLU(inplace=True)
          (drop_path): DropPath(drop_prob=0.200)
        )
        (1): BasicBlock3D(
          (conv1): ConvModule(
            (conv): Conv3d(96, 96, kernel_size=(3, 3, 3), stride=(1, 1, 1), padding=(1, 1, 1), bias=False)
            (bn): BatchNorm3d(96, eps=1e-05, momentum=0.1, affine=True, track_running_stats=True)
            (activate): ReLU(inplace=True)
          )
          (conv2): ConvModule(
            (conv): Conv3d(96, 96, kernel_size=(3, 3, 3), stride=(1, 1, 1), padding=(1, 1, 1), bias=False)
            (bn): BatchNorm3d(96, eps=1e-05, momentum=0.1, affine=True, track_running_stats=True)
          )
          (relu): ReLU(inplace=True)
          (drop_path): DropPath(drop_prob=0.250)
        )
      )
    )
  )
  (occ_encoder_neck): GeneralizedLSSFPN(
    (lateral_convs): ModuleList(
      (0): ConvModule(
        (conv): Conv3d(192, 96, kernel_size=(1, 1, 1), stride=(1, 1, 1), bias=False)
        (gn): GroupNorm(24, 96, eps=1e-05, affine=True)
        (activate): ReLU(inplace=True)
      )
      (1): ConvModule(
        (conv): Conv3d(192, 96, kernel_size=(1, 1, 1), stride=(1, 1, 1), bias=False)
        (gn): GroupNorm(24, 96, eps=1e-05, affine=True)
        (activate): ReLU(inplace=True)
      )
    )
    (fpn_convs): ModuleList(
      (0): ConvModule(
        (conv): Conv3d(96, 96, kernel_size=(3, 3, 3), stride=(1, 1, 1), padding=(1, 1, 1), bias=False)
        (gn): GroupNorm(24, 96, eps=1e-05, affine=True)
        (activate): ReLU(inplace=True)
      )
      (1): ConvModule(
        (conv): Conv3d(96, 96, kernel_size=(3, 3, 3), stride=(1, 1, 1), padding=(1, 1, 1), bias=False)
        (gn): GroupNorm(24, 96, eps=1e-05, affine=True)
        (activate): ReLU(inplace=True)
      )
    )
  )
  (head): OccHead(
    (occ_convs): ModuleList(
      (0): Sequential(
        (0): Conv3d(96, 48, kernel_size=(3, 3, 3), stride=(1, 1, 1), padding=(1, 1, 1), bias=False)
        (1): GroupNorm(24, 48, eps=1e-05, affine=True)
        (2): ReLU(inplace=True)
        (3): Conv3d(48, 13, kernel_size=(1, 1, 1), stride=(1, 1, 1), bias=False)
      )
    )
  )
  (loss_occ): MultiLoss(
    (losses): ModuleList(
      (0): FocalLoss()
      (1): LovaszLoss()
      (2): Sem_Scal_Loss()
      (3): Geo_Scal_Loss()
    )
  )
)
2026/04/05 12:14:18 - mmengine - INFO - converted sync bn.
2026/04/05 12:14:19 - mmengine - INFO - enabled DDP static graph.
2026/04/05 12:14:45 - mmengine - INFO - [TRAIN] Epoch 1 Iter     0/2851   FocalLoss: 0.111 (0.111),   LovaszLoss: 0.926 (0.926),   Sem_Scal_Loss: 6.267 (6.267),   Geo_Scal_Loss: 3.934 (3.934),   Loss: 22.243 (22.243),   GradNorm: 128.918,   lr: 0.0000010,   time: 15.344 (3.436)
2026/04/05 12:16:44 - mmengine - INFO - [TRAIN] Epoch 1 Iter    50/2851   FocalLoss: 0.029 (0.074),   LovaszLoss: 0.924 (0.923),   Sem_Scal_Loss: 8.301 (6.821),   Geo_Scal_Loss: 3.095 (3.461),   Loss: 15.197 (18.639),   GradNorm: 23.757,   lr: 0.0000030,   time: 2.386 (0.525)
2026/04/05 12:18:43 - mmengine - INFO - [TRAIN] Epoch 1 Iter   100/2851   FocalLoss: 0.021 (0.026),   LovaszLoss: 0.918 (0.919),   Sem_Scal_Loss: 6.913 (6.760),   Geo_Scal_Loss: 2.653 (3.054),   Loss: 12.584 (13.355),   GradNorm: 12.050,   lr: 0.0000049,   time: 2.386 (0.546)
2026/04/05 12:20:42 - mmengine - INFO - [TRAIN] Epoch 1 Iter   150/2851   FocalLoss: 0.013 (0.020),   LovaszLoss: 0.882 (0.904),   Sem_Scal_Loss: 5.185 (6.458),   Geo_Scal_Loss: 2.188 (2.596),   Loss: 9.553 (12.001),   GradNorm: 23.088,   lr: 0.0000069,   time: 2.446 (0.607)
2026/04/05 12:22:42 - mmengine - INFO - [TRAIN] Epoch 1 Iter   200/2851   FocalLoss: 0.016 (0.018),   LovaszLoss: 0.866 (0.878),   Sem_Scal_Loss: 5.372 (5.784),   Geo_Scal_Loss: 2.097 (2.231),   Loss: 9.916 (10.668),   GradNorm: 26.956,   lr: 0.0000088,   time: 2.420 (0.498)
2026/04/05 12:24:41 - mmengine - INFO - [TRAIN] Epoch 1 Iter   250/2851   FocalLoss: 0.016 (0.015),   LovaszLoss: 0.775 (0.840),   Sem_Scal_Loss: 4.730 (5.027),   Geo_Scal_Loss: 1.789 (1.905),   Loss: 8.880 (9.302),   GradNorm: 18.761,   lr: 0.0000108,   time: 2.462 (0.634)
2026/04/05 12:26:41 - mmengine - INFO - [TRAIN] Epoch 1 Iter   300/2851   FocalLoss: 0.015 (0.014),   LovaszLoss: 0.766 (0.802),   Sem_Scal_Loss: 3.189 (4.372),   Geo_Scal_Loss: 1.426 (1.678),   Loss: 6.894 (8.248),   GradNorm: 35.632,   lr: 0.0000127,   time: 2.369 (0.495)
2026/04/05 12:28:41 - mmengine - INFO - [TRAIN] Epoch 1 Iter   350/2851   FocalLoss: 0.010 (0.013),   LovaszLoss: 0.712 (0.774),   Sem_Scal_Loss: 2.449 (4.040),   Geo_Scal_Loss: 1.100 (1.606),   Loss: 5.293 (7.690),   GradNorm: 13.291,   lr: 0.0000147,   time: 2.402 (0.532)
2026/04/05 12:30:42 - mmengine - INFO - [TRAIN] Epoch 1 Iter   400/2851   FocalLoss: 0.010 (0.012),   LovaszLoss: 0.751 (0.751),   Sem_Scal_Loss: 3.566 (3.637),   Geo_Scal_Loss: 1.611 (1.484),   Loss: 6.958 (7.038),   GradNorm: 12.453,   lr: 0.0000166,   time: 2.482 (0.648)
2026/04/05 12:32:40 - mmengine - INFO - [TRAIN] Epoch 1 Iter   450/2851   FocalLoss: 0.009 (0.011),   LovaszLoss: 0.704 (0.740),   Sem_Scal_Loss: 3.104 (3.479),   Geo_Scal_Loss: 1.073 (1.422),   Loss: 5.760 (6.740),   GradNorm: 12.407,   lr: 0.0000186,   time: 2.372 (0.592)
2026/04/05 12:34:38 - mmengine - INFO - [TRAIN] Epoch 1 Iter   500/2851   FocalLoss: 0.015 (0.011),   LovaszLoss: 0.743 (0.735),   Sem_Scal_Loss: 2.611 (3.285),   Geo_Scal_Loss: 1.231 (1.351),   Loss: 6.080 (6.449),   GradNorm: 13.661,   lr: 0.0000205,   time: 2.439 (0.500)
2026/04/05 12:36:36 - mmengine - INFO - [TRAIN] Epoch 1 Iter   550/2851   FocalLoss: 0.013 (0.010),   LovaszLoss: 0.759 (0.718),   Sem_Scal_Loss: 3.060 (3.112),   Geo_Scal_Loss: 1.338 (1.327),   Loss: 6.494 (6.175),   GradNorm: 11.560,   lr: 0.0000225,   time: 2.443 (0.524)
2026/04/05 12:38:36 - mmengine - INFO - [TRAIN] Epoch 1 Iter   600/2851   FocalLoss: 0.010 (0.010),   LovaszLoss: 0.734 (0.708),   Sem_Scal_Loss: 2.645 (2.897),   Geo_Scal_Loss: 1.392 (1.264),   Loss: 5.778 (5.877),   GradNorm: 11.635,   lr: 0.0000244,   time: 2.412 (0.478)
2026/04/05 12:40:38 - mmengine - INFO - [TRAIN] Epoch 1 Iter   650/2851   FocalLoss: 0.011 (0.009),   LovaszLoss: 0.674 (0.694),   Sem_Scal_Loss: 1.956 (2.857),   Geo_Scal_Loss: 1.158 (1.209),   Loss: 4.898 (5.698),   GradNorm: 15.086,   lr: 0.0000264,   time: 2.421 (0.541)
2026/04/05 12:42:38 - mmengine - INFO - [TRAIN] Epoch 1 Iter   700/2851   FocalLoss: 0.009 (0.010),   LovaszLoss: 0.666 (0.692),   Sem_Scal_Loss: 3.587 (2.821),   Geo_Scal_Loss: 1.008 (1.227),   Loss: 6.168 (5.702),   GradNorm: 12.987,   lr: 0.0000283,   time: 2.392 (0.565)
2026/04/05 12:44:37 - mmengine - INFO - [TRAIN] Epoch 1 Iter   750/2851   FocalLoss: 0.008 (0.010),   LovaszLoss: 0.687 (0.691),   Sem_Scal_Loss: 2.661 (2.693),   Geo_Scal_Loss: 1.245 (1.154),   Loss: 5.350 (5.532),   GradNorm: 8.248,   lr: 0.0000303,   time: 2.304 (0.527)
2026/04/05 12:46:37 - mmengine - INFO - [TRAIN] Epoch 1 Iter   800/2851   FocalLoss: 0.007 (0.008),   LovaszLoss: 0.698 (0.670),   Sem_Scal_Loss: 3.321 (2.442),   Geo_Scal_Loss: 1.540 (1.099),   Loss: 6.222 (5.059),   GradNorm: 19.423,   lr: 0.0000322,   time: 2.385 (0.591)
2026/04/05 12:48:39 - mmengine - INFO - [TRAIN] Epoch 1 Iter   850/2851   FocalLoss: 0.007 (0.008),   LovaszLoss: 0.672 (0.664),   Sem_Scal_Loss: 2.459 (2.529),   Geo_Scal_Loss: 0.908 (1.119),   Loss: 4.744 (5.162),   GradNorm: 9.280,   lr: 0.0000342,   time: 2.380 (0.487)
2026/04/05 12:50:41 - mmengine - INFO - [TRAIN] Epoch 1 Iter   900/2851   FocalLoss: 0.009 (0.009),   LovaszLoss: 0.695 (0.667),   Sem_Scal_Loss: 3.628 (2.510),   Geo_Scal_Loss: 1.165 (1.104),   Loss: 6.416 (5.188),   GradNorm: 15.921,   lr: 0.0000361,   time: 2.435 (0.573)
2026/04/05 12:52:41 - mmengine - INFO - [TRAIN] Epoch 1 Iter   950/2851   FocalLoss: 0.007 (0.008),   LovaszLoss: 0.613 (0.662),   Sem_Scal_Loss: 1.578 (2.431),   Geo_Scal_Loss: 0.782 (1.112),   Loss: 3.718 (5.039),   GradNorm: 11.016,   lr: 0.0000381,   time: 2.371 (0.607)
2026/04/05 12:54:41 - mmengine - INFO - [TRAIN] Epoch 1 Iter  1000/2851   FocalLoss: 0.007 (0.008),   LovaszLoss: 0.568 (0.658),   Sem_Scal_Loss: 1.380 (2.441),   Geo_Scal_Loss: 0.906 (1.066),   Loss: 3.511 (5.006),   GradNorm: 8.582,   lr: 0.0000399,   time: 2.527 (0.519)
2026/04/05 12:56:42 - mmengine - INFO - [TRAIN] Epoch 1 Iter  1050/2851   FocalLoss: 0.008 (0.008),   LovaszLoss: 0.607 (0.642),   Sem_Scal_Loss: 1.651 (2.344),   Geo_Scal_Loss: 0.813 (1.040),   Loss: 3.897 (4.872),   GradNorm: 7.977,   lr: 0.0000399,   time: 2.324 (0.484)
2026/04/05 12:58:42 - mmengine - INFO - [TRAIN] Epoch 1 Iter  1100/2851   FocalLoss: 0.006 (0.008),   LovaszLoss: 0.612 (0.640),   Sem_Scal_Loss: 1.844 (2.257),   Geo_Scal_Loss: 0.857 (1.025),   Loss: 3.870 (4.729),   GradNorm: 15.053,   lr: 0.0000399,   time: 2.451 (0.574)
2026/04/05 13:00:47 - mmengine - INFO - [TRAIN] Epoch 1 Iter  1150/2851   FocalLoss: 0.009 (0.008),   LovaszLoss: 0.661 (0.633),   Sem_Scal_Loss: 2.507 (2.186),   Geo_Scal_Loss: 0.907 (1.028),   Loss: 5.019 (4.657),   GradNorm: 9.122,   lr: 0.0000398,   time: 2.531 (0.564)
2026/04/05 13:02:49 - mmengine - INFO - [TRAIN] Epoch 1 Iter  1200/2851   FocalLoss: 0.008 (0.009),   LovaszLoss: 0.670 (0.635),   Sem_Scal_Loss: 2.254 (2.298),   Geo_Scal_Loss: 1.436 (1.038),   Loss: 5.110 (4.829),   GradNorm: 7.922,   lr: 0.0000398,   time: 2.433 (0.604)
2026/04/05 13:04:51 - mmengine - INFO - [TRAIN] Epoch 1 Iter  1250/2851   FocalLoss: 0.011 (0.008),   LovaszLoss: 0.683 (0.638),   Sem_Scal_Loss: 2.651 (2.290),   Geo_Scal_Loss: 1.040 (1.029),   Loss: 5.475 (4.780),   GradNorm: 9.690,   lr: 0.0000398,   time: 2.369 (0.491)
2026/04/05 13:06:49 - mmengine - INFO - [TRAIN] Epoch 1 Iter  1300/2851   FocalLoss: 0.008 (0.008),   LovaszLoss: 0.672 (0.604),   Sem_Scal_Loss: 4.033 (2.077),   Geo_Scal_Loss: 1.090 (0.946),   Loss: 6.611 (4.395),   GradNorm: 14.363,   lr: 0.0000398,   time: 2.392 (0.588)
2026/04/05 13:08:47 - mmengine - INFO - [TRAIN] Epoch 1 Iter  1350/2851   FocalLoss: 0.006 (0.008),   LovaszLoss: 0.533 (0.608),   Sem_Scal_Loss: 1.480 (2.176),   Geo_Scal_Loss: 0.840 (0.963),   Loss: 3.426 (4.535),   GradNorm: 10.267,   lr: 0.0000398,   time: 2.308 (0.512)
2026/04/05 13:10:46 - mmengine - INFO - [TRAIN] Epoch 1 Iter  1400/2851   FocalLoss: 0.006 (0.007),   LovaszLoss: 0.547 (0.605),   Sem_Scal_Loss: 1.279 (2.217),   Geo_Scal_Loss: 0.802 (0.917),   Loss: 3.178 (4.486),   GradNorm: 10.866,   lr: 0.0000398,   time: 2.359 (0.585)
2026/04/05 13:12:45 - mmengine - INFO - [TRAIN] Epoch 1 Iter  1450/2851   FocalLoss: 0.010 (0.008),   LovaszLoss: 0.576 (0.607),   Sem_Scal_Loss: 1.415 (2.037),   Geo_Scal_Loss: 0.910 (0.988),   Loss: 3.916 (4.448),   GradNorm: 7.483,   lr: 0.0000398,   time: 2.330 (0.483)
2026/04/05 13:14:42 - mmengine - INFO - [TRAIN] Epoch 1 Iter  1500/2851   FocalLoss: 0.007 (0.008),   LovaszLoss: 0.572 (0.605),   Sem_Scal_Loss: 1.804 (2.186),   Geo_Scal_Loss: 0.921 (1.006),   Loss: 4.033 (4.600),   GradNorm: 9.297,   lr: 0.0000397,   time: 2.310 (0.481)
2026/04/05 13:16:44 - mmengine - INFO - [TRAIN] Epoch 1 Iter  1550/2851   FocalLoss: 0.005 (0.007),   LovaszLoss: 0.501 (0.609),   Sem_Scal_Loss: 1.325 (2.256),   Geo_Scal_Loss: 0.653 (0.968),   Loss: 3.023 (4.571),   GradNorm: 7.722,   lr: 0.0000397,   time: 2.281 (0.511)
2026/04/05 13:18:43 - mmengine - INFO - [TRAIN] Epoch 1 Iter  1600/2851   FocalLoss: 0.010 (0.008),   LovaszLoss: 0.606 (0.596),   Sem_Scal_Loss: 1.679 (2.068),   Geo_Scal_Loss: 0.724 (0.942),   Loss: 4.043 (4.386),   GradNorm: 9.431,   lr: 0.0000397,   time: 2.367 (0.494)
2026/04/05 13:20:41 - mmengine - INFO - [TRAIN] Epoch 1 Iter  1650/2851   FocalLoss: 0.008 (0.007),   LovaszLoss: 0.599 (0.591),   Sem_Scal_Loss: 3.193 (2.075),   Geo_Scal_Loss: 0.853 (0.954),   Loss: 5.465 (4.362),   GradNorm: 8.521,   lr: 0.0000397,   time: 2.499 (0.540)
2026/04/05 13:22:39 - mmengine - INFO - [TRAIN] Epoch 1 Iter  1700/2851   FocalLoss: 0.006 (0.007),   LovaszLoss: 0.577 (0.588),   Sem_Scal_Loss: 1.723 (2.036),   Geo_Scal_Loss: 0.996 (0.942),   Loss: 3.919 (4.296),   GradNorm: 8.503,   lr: 0.0000397,   time: 2.419 (0.611)
2026/04/05 13:24:38 - mmengine - INFO - [TRAIN] Epoch 1 Iter  1750/2851   FocalLoss: 0.006 (0.007),   LovaszLoss: 0.557 (0.590),   Sem_Scal_Loss: 1.700 (2.242),   Geo_Scal_Loss: 0.918 (0.959),   Loss: 3.769 (4.531),   GradNorm: 12.780,   lr: 0.0000396,   time: 2.463 (0.614)
2026/04/05 13:26:37 - mmengine - INFO - [TRAIN] Epoch 1 Iter  1800/2851   FocalLoss: 0.005 (0.008),   LovaszLoss: 0.596 (0.588),   Sem_Scal_Loss: 2.661 (2.047),   Geo_Scal_Loss: 0.946 (0.946),   Loss: 4.751 (4.334),   GradNorm: 7.090,   lr: 0.0000396,   time: 2.394 (0.572)
2026/04/05 13:28:38 - mmengine - INFO - [TRAIN] Epoch 1 Iter  1850/2851   FocalLoss: 0.006 (0.007),   LovaszLoss: 0.451 (0.566),   Sem_Scal_Loss: 0.923 (2.002),   Geo_Scal_Loss: 0.596 (0.934),   Loss: 2.570 (4.208),   GradNorm: 7.139,   lr: 0.0000396,   time: 2.341 (0.537)
2026/04/05 13:30:35 - mmengine - INFO - [TRAIN] Epoch 1 Iter  1900/2851   FocalLoss: 0.005 (0.007),   LovaszLoss: 0.557 (0.562),   Sem_Scal_Loss: 1.522 (1.809),   Geo_Scal_Loss: 0.830 (0.900),   Loss: 3.419 (4.021),   GradNorm: 8.586,   lr: 0.0000396,   time: 2.252 (0.477)
2026/04/05 13:32:34 - mmengine - INFO - [TRAIN] Epoch 1 Iter  1950/2851   FocalLoss: 0.010 (0.007),   LovaszLoss: 0.607 (0.549),   Sem_Scal_Loss: 2.445 (1.766),   Geo_Scal_Loss: 0.891 (0.847),   Loss: 4.927 (3.882),   GradNorm: 6.465,   lr: 0.0000396,   time: 2.353 (0.566)
2026/04/05 13:34:35 - mmengine - INFO - [TRAIN] Epoch 1 Iter  2000/2851   FocalLoss: 0.006 (0.007),   LovaszLoss: 0.531 (0.562),   Sem_Scal_Loss: 1.531 (1.855),   Geo_Scal_Loss: 0.677 (0.903),   Loss: 3.325 (3.999),   GradNorm: 8.777,   lr: 0.0000395,   time: 2.418 (0.583)
2026/04/05 13:36:34 - mmengine - INFO - [TRAIN] Epoch 1 Iter  2050/2851   FocalLoss: 0.005 (0.007),   LovaszLoss: 0.662 (0.565),   Sem_Scal_Loss: 2.883 (1.913),   Geo_Scal_Loss: 1.215 (0.947),   Loss: 5.299 (4.162),   GradNorm: 8.142,   lr: 0.0000395,   time: 2.417 (0.513)
2026/04/05 13:38:34 - mmengine - INFO - [TRAIN] Epoch 1 Iter  2100/2851   FocalLoss: 0.004 (0.007),   LovaszLoss: 0.518 (0.560),   Sem_Scal_Loss: 1.625 (1.882),   Geo_Scal_Loss: 0.739 (0.893),   Loss: 3.313 (4.056),   GradNorm: 8.038,   lr: 0.0000395,   time: 2.484 (0.597)
2026/04/05 13:40:34 - mmengine - INFO - [TRAIN] Epoch 1 Iter  2150/2851   FocalLoss: 0.005 (0.007),   LovaszLoss: 0.542 (0.573),   Sem_Scal_Loss: 1.598 (1.998),   Geo_Scal_Loss: 0.757 (0.950),   Loss: 3.407 (4.245),   GradNorm: 7.770,   lr: 0.0000395,   time: 2.443 (0.512)
2026/04/05 13:42:35 - mmengine - INFO - [TRAIN] Epoch 1 Iter  2200/2851   FocalLoss: 0.004 (0.007),   LovaszLoss: 0.565 (0.563),   Sem_Scal_Loss: 1.819 (1.919),   Geo_Scal_Loss: 0.622 (0.901),   Loss: 3.448 (4.089),   GradNorm: 7.396,   lr: 0.0000394,   time: 2.324 (0.463)
2026/04/05 13:44:35 - mmengine - INFO - [TRAIN] Epoch 1 Iter  2250/2851   FocalLoss: 0.008 (0.008),   LovaszLoss: 0.596 (0.570),   Sem_Scal_Loss: 1.812 (1.951),   Geo_Scal_Loss: 1.113 (0.939),   Loss: 4.359 (4.229),   GradNorm: 5.846,   lr: 0.0000394,   time: 2.307 (0.503)
2026/04/05 13:46:33 - mmengine - INFO - [TRAIN] Epoch 1 Iter  2300/2851   FocalLoss: 0.005 (0.007),   LovaszLoss: 0.526 (0.551),   Sem_Scal_Loss: 1.288 (1.765),   Geo_Scal_Loss: 0.791 (0.884),   Loss: 3.079 (3.866),   GradNorm: 4.794,   lr: 0.0000394,   time: 2.336 (0.506)
2026/04/05 13:48:32 - mmengine - INFO - [TRAIN] Epoch 1 Iter  2350/2851   FocalLoss: 0.009 (0.007),   LovaszLoss: 0.474 (0.558),   Sem_Scal_Loss: 1.376 (1.860),   Geo_Scal_Loss: 0.796 (0.918),   Loss: 3.563 (4.072),   GradNorm: 7.523,   lr: 0.0000393,   time: 2.374 (0.499)
2026/04/05 13:50:32 - mmengine - INFO - [TRAIN] Epoch 1 Iter  2400/2851   FocalLoss: 0.006 (0.007),   LovaszLoss: 0.518 (0.551),   Sem_Scal_Loss: 1.050 (1.757),   Geo_Scal_Loss: 0.765 (0.936),   Loss: 2.895 (3.955),   GradNorm: 10.858,   lr: 0.0000393,   time: 2.547 (0.576)
2026/04/05 13:52:33 - mmengine - INFO - [TRAIN] Epoch 1 Iter  2450/2851   FocalLoss: 0.006 (0.007),   LovaszLoss: 0.548 (0.562),   Sem_Scal_Loss: 1.858 (2.029),   Geo_Scal_Loss: 0.664 (0.978),   Loss: 3.680 (4.306),   GradNorm: 9.844,   lr: 0.0000393,   time: 2.294 (0.521)
2026/04/05 13:54:33 - mmengine - INFO - [TRAIN] Epoch 1 Iter  2500/2851   FocalLoss: 0.009 (0.007),   LovaszLoss: 0.640 (0.553),   Sem_Scal_Loss: 1.931 (1.782),   Geo_Scal_Loss: 0.773 (0.829),   Loss: 4.208 (3.843),   GradNorm: 10.696,   lr: 0.0000393,   time: 2.458 (0.603)
2026/04/05 13:56:36 - mmengine - INFO - [TRAIN] Epoch 1 Iter  2550/2851   FocalLoss: 0.007 (0.007),   LovaszLoss: 0.507 (0.552),   Sem_Scal_Loss: 1.226 (1.853),   Geo_Scal_Loss: 0.697 (0.864),   Loss: 3.098 (3.945),   GradNorm: 4.125,   lr: 0.0000392,   time: 2.391 (0.503)
2026/04/05 13:58:34 - mmengine - INFO - [TRAIN] Epoch 1 Iter  2600/2851   FocalLoss: 0.004 (0.007),   LovaszLoss: 0.462 (0.546),   Sem_Scal_Loss: 1.060 (1.720),   Geo_Scal_Loss: 0.741 (0.889),   Loss: 2.668 (3.851),   GradNorm: 6.987,   lr: 0.0000392,   time: 2.304 (0.480)
2026/04/05 14:00:32 - mmengine - INFO - [TRAIN] Epoch 1 Iter  2650/2851   FocalLoss: 0.005 (0.006),   LovaszLoss: 0.557 (0.541),   Sem_Scal_Loss: 1.450 (1.670),   Geo_Scal_Loss: 0.978 (0.849),   Loss: 3.445 (3.704),   GradNorm: 5.123,   lr: 0.0000392,   time: 2.407 (0.619)
2026/04/05 14:02:30 - mmengine - INFO - [TRAIN] Epoch 1 Iter  2700/2851   FocalLoss: 0.009 (0.007),   LovaszLoss: 0.529 (0.532),   Sem_Scal_Loss: 1.344 (1.648),   Geo_Scal_Loss: 0.912 (0.905),   Loss: 3.680 (3.800),   GradNorm: 8.266,   lr: 0.0000391,   time: 2.270 (0.491)
2026/04/05 14:04:28 - mmengine - INFO - [TRAIN] Epoch 1 Iter  2750/2851   FocalLoss: 0.005 (0.007),   LovaszLoss: 0.495 (0.550),   Sem_Scal_Loss: 1.759 (1.964),   Geo_Scal_Loss: 0.767 (0.905),   Loss: 3.555 (4.156),   GradNorm: 14.325,   lr: 0.0000391,   time: 2.279 (0.484)
2026/04/05 14:06:27 - mmengine - INFO - [TRAIN] Epoch 1 Iter  2800/2851   FocalLoss: 0.006 (0.006),   LovaszLoss: 0.521 (0.545),   Sem_Scal_Loss: 1.403 (1.871),   Geo_Scal_Loss: 1.062 (0.911),   Loss: 3.574 (3.971),   GradNorm: 6.691,   lr: 0.0000391,   time: 2.286 (0.487)
2026/04/05 14:08:24 - mmengine - INFO - [TRAIN] Epoch 1 Iter  2850/2851   FocalLoss: 0.008 (0.007),   LovaszLoss: 0.543 (0.531),   Sem_Scal_Loss: 1.462 (1.627),   Geo_Scal_Loss: 0.775 (0.882),   Loss: 3.628 (3.762),   GradNorm: 7.718,   lr: 0.0000390,   time: 3.750 (0.469)
2026/04/05 14:08:40 - mmengine - INFO - [EVAL] Iter     0/1232   FocalLoss: 0.021 (0.021),   LovaszLoss: 0.662 (0.662),   Sem_Scal_Loss: 3.409 (3.409),   Geo_Scal_Loss: 1.187 (1.187),   Loss: 7.346 (7.346),   
2026/04/05 14:09:08 - mmengine - INFO - [EVAL] Iter    50/1232   FocalLoss: 0.005 (0.009),   LovaszLoss: 0.519 (0.550),   Sem_Scal_Loss: 1.605 (1.960),   Geo_Scal_Loss: 0.788 (0.946),   Loss: 3.462 (4.351),   
2026/04/05 14:09:34 - mmengine - INFO - [EVAL] Iter   100/1232   FocalLoss: 0.006 (0.008),   LovaszLoss: 0.530 (0.534),   Sem_Scal_Loss: 1.317 (1.789),   Geo_Scal_Loss: 1.054 (0.878),   Loss: 3.521 (4.048),   
2026/04/05 14:10:01 - mmengine - INFO - [EVAL] Iter   150/1232   FocalLoss: 0.005 (0.008),   LovaszLoss: 0.557 (0.531),   Sem_Scal_Loss: 1.487 (1.748),   Geo_Scal_Loss: 1.150 (0.876),   Loss: 3.734 (3.990),   
2026/04/05 14:10:28 - mmengine - INFO - [EVAL] Iter   200/1232   FocalLoss: 0.006 (0.008),   LovaszLoss: 0.509 (0.535),   Sem_Scal_Loss: 1.373 (1.818),   Geo_Scal_Loss: 0.917 (0.891),   Loss: 3.431 (4.079),   
2026/04/05 14:10:54 - mmengine - INFO - [EVAL] Iter   250/1232   FocalLoss: 0.007 (0.008),   LovaszLoss: 0.509 (0.527),   Sem_Scal_Loss: 2.913 (1.772),   Geo_Scal_Loss: 0.641 (0.875),   Loss: 4.749 (3.977),   
2026/04/05 14:11:21 - mmengine - INFO - [EVAL] Iter   300/1232   FocalLoss: 0.007 (0.008),   LovaszLoss: 0.593 (0.526),   Sem_Scal_Loss: 1.727 (1.786),   Geo_Scal_Loss: 1.001 (0.876),   Loss: 3.985 (3.985),   
2026/04/05 14:11:48 - mmengine - INFO - [EVAL] Iter   350/1232   FocalLoss: 0.005 (0.008),   LovaszLoss: 0.407 (0.522),   Sem_Scal_Loss: 0.849 (1.753),   Geo_Scal_Loss: 0.586 (0.867),   Loss: 2.313 (3.929),   
2026/04/05 14:12:14 - mmengine - INFO - [EVAL] Iter   400/1232   FocalLoss: 0.007 (0.008),   LovaszLoss: 0.622 (0.524),   Sem_Scal_Loss: 1.867 (1.746),   Geo_Scal_Loss: 1.042 (0.868),   Loss: 4.244 (3.930),   
2026/04/05 14:12:41 - mmengine - INFO - [EVAL] Iter   450/1232   FocalLoss: 0.007 (0.008),   LovaszLoss: 0.525 (0.523),   Sem_Scal_Loss: 1.336 (1.726),   Geo_Scal_Loss: 0.845 (0.869),   Loss: 3.393 (3.913),   
2026/04/05 14:13:07 - mmengine - INFO - [EVAL] Iter   500/1232   FocalLoss: 0.011 (0.008),   LovaszLoss: 0.478 (0.522),   Sem_Scal_Loss: 1.118 (1.709),   Geo_Scal_Loss: 0.578 (0.861),   Loss: 3.231 (3.883),   
2026/04/05 14:13:33 - mmengine - INFO - [EVAL] Iter   550/1232   FocalLoss: 0.009 (0.008),   LovaszLoss: 0.606 (0.523),   Sem_Scal_Loss: 2.438 (1.720),   Geo_Scal_Loss: 0.897 (0.863),   Loss: 4.834 (3.888),   
2026/04/05 14:14:00 - mmengine - INFO - [EVAL] Iter   600/1232   FocalLoss: 0.005 (0.008),   LovaszLoss: 0.327 (0.523),   Sem_Scal_Loss: 0.765 (1.731),   Geo_Scal_Loss: 0.695 (0.862),   Loss: 2.336 (3.892),   
2026/04/05 14:14:27 - mmengine - INFO - [EVAL] Iter   650/1232   FocalLoss: 0.007 (0.008),   LovaszLoss: 0.621 (0.523),   Sem_Scal_Loss: 2.034 (1.724),   Geo_Scal_Loss: 1.080 (0.863),   Loss: 4.434 (3.892),   
2026/04/05 14:14:53 - mmengine - INFO - [EVAL] Iter   700/1232   FocalLoss: 0.010 (0.008),   LovaszLoss: 0.515 (0.523),   Sem_Scal_Loss: 1.199 (1.727),   Geo_Scal_Loss: 0.877 (0.863),   Loss: 3.599 (3.894),   
2026/04/05 14:15:20 - mmengine - INFO - [EVAL] Iter   750/1232   FocalLoss: 0.006 (0.008),   LovaszLoss: 0.475 (0.521),   Sem_Scal_Loss: 1.216 (1.710),   Geo_Scal_Loss: 0.640 (0.859),   Loss: 2.979 (3.873),   
2026/04/05 14:15:47 - mmengine - INFO - [EVAL] Iter   800/1232   FocalLoss: 0.011 (0.008),   LovaszLoss: 0.552 (0.521),   Sem_Scal_Loss: 2.877 (1.707),   Geo_Scal_Loss: 0.767 (0.858),   Loss: 5.256 (3.874),   
2026/04/05 14:16:14 - mmengine - INFO - [EVAL] Iter   850/1232   FocalLoss: 0.011 (0.008),   LovaszLoss: 0.637 (0.521),   Sem_Scal_Loss: 2.257 (1.705),   Geo_Scal_Loss: 1.674 (0.861),   Loss: 5.671 (3.871),   
2026/04/05 14:16:41 - mmengine - INFO - [EVAL] Iter   900/1232   FocalLoss: 0.010 (0.008),   LovaszLoss: 0.534 (0.522),   Sem_Scal_Loss: 1.505 (1.712),   Geo_Scal_Loss: 0.794 (0.866),   Loss: 3.869 (3.894),   
2026/04/05 14:17:08 - mmengine - INFO - [EVAL] Iter   950/1232   FocalLoss: 0.009 (0.008),   LovaszLoss: 0.504 (0.522),   Sem_Scal_Loss: 1.412 (1.710),   Geo_Scal_Loss: 0.978 (0.868),   Loss: 3.798 (3.900),   
2026/04/05 14:17:35 - mmengine - INFO - [EVAL] Iter  1000/1232   FocalLoss: 0.008 (0.008),   LovaszLoss: 0.625 (0.523),   Sem_Scal_Loss: 2.985 (1.721),   Geo_Scal_Loss: 1.212 (0.871),   Loss: 5.582 (3.914),   
2026/04/05 14:18:02 - mmengine - INFO - [EVAL] Iter  1050/1232   FocalLoss: 0.004 (0.008),   LovaszLoss: 0.534 (0.525),   Sem_Scal_Loss: 1.456 (1.736),   Geo_Scal_Loss: 1.139 (0.876),   Loss: 3.577 (3.938),   
2026/04/05 14:18:28 - mmengine - INFO - [EVAL] Iter  1100/1232   FocalLoss: 0.007 (0.008),   LovaszLoss: 0.459 (0.525),   Sem_Scal_Loss: 1.064 (1.742),   Geo_Scal_Loss: 0.567 (0.873),   Loss: 2.799 (3.946),   
2026/04/05 14:18:54 - mmengine - INFO - [EVAL] Iter  1150/1232   FocalLoss: 0.006 (0.008),   LovaszLoss: 0.636 (0.526),   Sem_Scal_Loss: 2.649 (1.746),   Geo_Scal_Loss: 0.963 (0.875),   Loss: 4.886 (3.957),   
2026/04/05 14:19:21 - mmengine - INFO - [EVAL] Iter  1200/1232   FocalLoss: 0.007 (0.008),   LovaszLoss: 0.462 (0.526),   Sem_Scal_Loss: 1.789 (1.756),   Geo_Scal_Loss: 0.655 (0.876),   Loss: 3.557 (3.969),   
2026/04/05 14:19:53 - mmengine - INFO - Current val iou of sem_cls is [ 0.963  0.384  0.515  0.368  0.231  0.382  0.514  0.544  0.395  0.284
  0.423  0.333]
2026/04/05 14:19:53 - mmengine - INFO - Current val iou of sem is 0.3973714667822478
2026/04/05 14:19:53 - mmengine - INFO - Current val iou of geo is 0.5130469365373931
2026/04/05 14:20:11 - mmengine - INFO - [TRAIN] Epoch 2 Iter     0/2851   FocalLoss: 0.007 (0.007),   LovaszLoss: 0.514 (0.514),   Sem_Scal_Loss: 1.469 (1.469),   Geo_Scal_Loss: 0.701 (0.701),   Loss: 3.392 (3.392),   GradNorm: 8.854,   lr: 0.0000390,   time: 7.573 (4.338)
2026/04/05 14:22:12 - mmengine - INFO - [TRAIN] Epoch 2 Iter    50/2851   FocalLoss: 0.006 (0.006),   LovaszLoss: 0.503 (0.526),   Sem_Scal_Loss: 1.158 (1.672),   Geo_Scal_Loss: 0.693 (0.822),   Loss: 2.930 (3.650),   GradNorm: 7.410,   lr: 0.0000390,   time: 2.372 (0.465)
2026/04/05 14:24:15 - mmengine - INFO - [TRAIN] Epoch 2 Iter   100/2851   FocalLoss: 0.006 (0.007),   LovaszLoss: 0.447 (0.520),   Sem_Scal_Loss: 0.996 (1.562),   Geo_Scal_Loss: 0.719 (0.865),   Loss: 2.776 (3.653),   GradNorm: 12.986,   lr: 0.0000390,   time: 2.511 (0.569)
2026/04/05 14:26:16 - mmengine - INFO - [TRAIN] Epoch 2 Iter   150/2851   FocalLoss: 0.007 (0.007),   LovaszLoss: 0.543 (0.530),   Sem_Scal_Loss: 2.085 (1.736),   Geo_Scal_Loss: 0.974 (0.858),   Loss: 4.298 (3.842),   GradNorm: 6.639,   lr: 0.0000389,   time: 2.486 (0.502)
2026/04/05 14:28:15 - mmengine - INFO - [TRAIN] Epoch 2 Iter   200/2851   FocalLoss: 0.005 (0.007),   LovaszLoss: 0.546 (0.552),   Sem_Scal_Loss: 2.122 (1.906),   Geo_Scal_Loss: 0.975 (0.925),   Loss: 4.154 (4.129),   GradNorm: 7.473,   lr: 0.0000389,   time: 2.303 (0.488)
2026/04/05 14:30:15 - mmengine - INFO - [TRAIN] Epoch 2 Iter   250/2851   FocalLoss: 0.005 (0.006),   LovaszLoss: 0.452 (0.518),   Sem_Scal_Loss: 1.027 (1.620),   Geo_Scal_Loss: 0.686 (0.823),   Loss: 2.640 (3.595),   GradNorm: 12.001,   lr: 0.0000389,   time: 2.391 (0.523)
2026/04/05 14:32:17 - mmengine - INFO - [TRAIN] Epoch 2 Iter   300/2851   FocalLoss: 0.006 (0.007),   LovaszLoss: 0.560 (0.530),   Sem_Scal_Loss: 2.092 (1.697),   Geo_Scal_Loss: 0.852 (0.832),   Loss: 4.102 (3.763),   GradNorm: 5.147,   lr: 0.0000388,   time: 2.442 (0.485)
2026/04/05 14:34:17 - mmengine - INFO - [TRAIN] Epoch 2 Iter   350/2851   FocalLoss: 0.004 (0.007),   LovaszLoss: 0.476 (0.528),   Sem_Scal_Loss: 2.179 (1.718),   Geo_Scal_Loss: 0.648 (0.858),   Loss: 3.735 (3.810),   GradNorm: 6.728,   lr: 0.0000388,   time: 2.474 (0.477)
2026/04/05 14:36:19 - mmengine - INFO - [TRAIN] Epoch 2 Iter   400/2851   FocalLoss: 0.008 (0.007),   LovaszLoss: 0.509 (0.518),   Sem_Scal_Loss: 2.042 (1.625),   Geo_Scal_Loss: 0.571 (0.833),   Loss: 3.917 (3.642),   GradNorm: 6.552,   lr: 0.0000388,   time: 2.306 (0.491)
2026/04/05 14:38:22 - mmengine - INFO - [TRAIN] Epoch 2 Iter   450/2851   FocalLoss: 0.005 (0.007),   LovaszLoss: 0.485 (0.524),   Sem_Scal_Loss: 1.120 (1.560),   Geo_Scal_Loss: 0.673 (0.852),   Loss: 2.757 (3.613),   GradNorm: 3.936,   lr: 0.0000387,   time: 2.468 (0.477)
2026/04/05 14:40:25 - mmengine - INFO - [TRAIN] Epoch 2 Iter   500/2851   FocalLoss: 0.005 (0.006),   LovaszLoss: 0.526 (0.515),   Sem_Scal_Loss: 1.747 (1.431),   Geo_Scal_Loss: 0.907 (0.795),   Loss: 3.728 (3.368),   GradNorm: 6.101,   lr: 0.0000387,   time: 2.453 (0.467)
2026/04/05 14:42:26 - mmengine - INFO - [TRAIN] Epoch 2 Iter   550/2851   FocalLoss: 0.006 (0.007),   LovaszLoss: 0.394 (0.525),   Sem_Scal_Loss: 0.822 (1.748),   Geo_Scal_Loss: 0.743 (0.854),   Loss: 2.566 (3.786),   GradNorm: 15.666,   lr: 0.0000386,   time: 2.540 (0.482)
2026/04/05 14:44:26 - mmengine - INFO - [TRAIN] Epoch 2 Iter   600/2851   FocalLoss: 0.007 (0.007),   LovaszLoss: 0.531 (0.528),   Sem_Scal_Loss: 1.303 (1.742),   Geo_Scal_Loss: 0.937 (0.846),   Loss: 3.473 (3.809),   GradNorm: 7.338,   lr: 0.0000386,   time: 2.375 (0.485)
2026/04/05 14:46:25 - mmengine - INFO - [TRAIN] Epoch 2 Iter   650/2851   FocalLoss: 0.006 (0.006),   LovaszLoss: 0.371 (0.510),   Sem_Scal_Loss: 0.761 (1.578),   Geo_Scal_Loss: 0.549 (0.782),   Loss: 2.265 (3.509),   GradNorm: 12.212,   lr: 0.0000386,   time: 2.409 (0.513)
2026/04/05 14:48:24 - mmengine - INFO - [TRAIN] Epoch 2 Iter   700/2851   FocalLoss: 0.006 (0.006),   LovaszLoss: 0.493 (0.512),   Sem_Scal_Loss: 1.239 (1.588),   Geo_Scal_Loss: 0.947 (0.794),   Loss: 3.249 (3.515),   GradNorm: 6.821,   lr: 0.0000385,   time: 2.413 (0.517)
2026/04/05 14:50:24 - mmengine - INFO - [TRAIN] Epoch 2 Iter   750/2851   FocalLoss: 0.006 (0.007),   LovaszLoss: 0.503 (0.526),   Sem_Scal_Loss: 1.248 (1.695),   Geo_Scal_Loss: 0.836 (0.846),   Loss: 3.154 (3.779),   GradNorm: 6.188,   lr: 0.0000385,   time: 2.569 (0.674)
2026/04/05 14:52:23 - mmengine - INFO - [TRAIN] Epoch 2 Iter   800/2851   FocalLoss: 0.006 (0.006),   LovaszLoss: 0.497 (0.508),   Sem_Scal_Loss: 1.826 (1.547),   Geo_Scal_Loss: 0.719 (0.807),   Loss: 3.650 (3.474),   GradNorm: 10.618,   lr: 0.0000384,   time: 2.334 (0.513)
2026/04/05 14:54:22 - mmengine - INFO - [TRAIN] Epoch 2 Iter   850/2851   FocalLoss: 0.006 (0.006),   LovaszLoss: 0.547 (0.507),   Sem_Scal_Loss: 2.378 (1.529),   Geo_Scal_Loss: 0.715 (0.818),   Loss: 4.239 (3.492),   GradNorm: 7.528,   lr: 0.0000384,   time: 2.422 (0.547)
2026/04/05 14:56:21 - mmengine - INFO - [TRAIN] Epoch 2 Iter   900/2851   FocalLoss: 0.004 (0.007),   LovaszLoss: 0.418 (0.520),   Sem_Scal_Loss: 0.909 (1.626),   Geo_Scal_Loss: 0.838 (0.809),   Loss: 2.570 (3.605),   GradNorm: 6.315,   lr: 0.0000384,   time: 2.380 (0.495)
2026/04/05 14:58:21 - mmengine - INFO - [TRAIN] Epoch 2 Iter   950/2851   FocalLoss: 0.008 (0.007),   LovaszLoss: 0.481 (0.517),   Sem_Scal_Loss: 1.141 (1.557),   Geo_Scal_Loss: 0.705 (0.843),   Loss: 3.153 (3.607),   GradNorm: 6.664,   lr: 0.0000383,   time: 2.386 (0.493)
2026/04/05 15:00:20 - mmengine - INFO - [TRAIN] Epoch 2 Iter  1000/2851   FocalLoss: 0.006 (0.007),   LovaszLoss: 0.558 (0.505),   Sem_Scal_Loss: 1.446 (1.450),   Geo_Scal_Loss: 0.898 (0.808),   Loss: 3.512 (3.422),   GradNorm: 7.816,   lr: 0.0000383,   time: 2.386 (0.635)
2026/04/05 15:02:20 - mmengine - INFO - [TRAIN] Epoch 2 Iter  1050/2851   FocalLoss: 0.005 (0.006),   LovaszLoss: 0.505 (0.507),   Sem_Scal_Loss: 1.224 (1.485),   Geo_Scal_Loss: 0.900 (0.802),   Loss: 3.133 (3.421),   GradNorm: 11.703,   lr: 0.0000382,   time: 2.439 (0.605)
2026/04/05 15:04:19 - mmengine - INFO - [TRAIN] Epoch 2 Iter  1100/2851   FocalLoss: 0.006 (0.007),   LovaszLoss: 0.533 (0.511),   Sem_Scal_Loss: 1.259 (1.533),   Geo_Scal_Loss: 0.800 (0.786),   Loss: 3.182 (3.495),   GradNorm: 7.010,   lr: 0.0000382,   time: 2.438 (0.534)
2026/04/05 15:06:18 - mmengine - INFO - [TRAIN] Epoch 2 Iter  1150/2851   FocalLoss: 0.006 (0.006),   LovaszLoss: 0.571 (0.505),   Sem_Scal_Loss: 2.544 (1.478),   Geo_Scal_Loss: 0.709 (0.807),   Loss: 4.455 (3.421),   GradNorm: 7.688,   lr: 0.0000381,   time: 2.355 (0.515)
2026/04/05 15:08:17 - mmengine - INFO - [TRAIN] Epoch 2 Iter  1200/2851   FocalLoss: 0.006 (0.006),   LovaszLoss: 0.465 (0.502),   Sem_Scal_Loss: 1.049 (1.374),   Geo_Scal_Loss: 0.797 (0.822),   Loss: 2.906 (3.328),   GradNorm: 4.472,   lr: 0.0000381,   time: 2.372 (0.585)
2026/04/05 15:10:17 - mmengine - INFO - [TRAIN] Epoch 2 Iter  1250/2851   FocalLoss: 0.010 (0.006),   LovaszLoss: 0.558 (0.513),   Sem_Scal_Loss: 1.508 (1.438),   Geo_Scal_Loss: 0.929 (0.796),   Loss: 4.025 (3.370),   GradNorm: 6.596,   lr: 0.0000380,   time: 2.283 (0.484)
2026/04/05 15:12:16 - mmengine - INFO - [TRAIN] Epoch 2 Iter  1300/2851   FocalLoss: 0.006 (0.007),   LovaszLoss: 0.593 (0.499),   Sem_Scal_Loss: 1.845 (1.421),   Geo_Scal_Loss: 1.135 (0.824),   Loss: 4.215 (3.445),   GradNorm: 8.678,   lr: 0.0000380,   time: 2.364 (0.603)
2026/04/05 15:14:15 - mmengine - INFO - [TRAIN] Epoch 2 Iter  1350/2851   FocalLoss: 0.011 (0.007),   LovaszLoss: 0.592 (0.503),   Sem_Scal_Loss: 1.862 (1.562),   Geo_Scal_Loss: 1.219 (0.795),   Loss: 4.822 (3.533),   GradNorm: 5.252,   lr: 0.0000379,   time: 2.481 (0.506)
2026/04/05 15:16:13 - mmengine - INFO - [TRAIN] Epoch 2 Iter  1400/2851   FocalLoss: 0.008 (0.006),   LovaszLoss: 0.506 (0.500),   Sem_Scal_Loss: 1.362 (1.398),   Geo_Scal_Loss: 0.693 (0.798),   Loss: 3.356 (3.336),   GradNorm: 5.445,   lr: 0.0000379,   time: 2.405 (0.492)
2026/04/05 15:18:13 - mmengine - INFO - [TRAIN] Epoch 2 Iter  1450/2851   FocalLoss: 0.006 (0.006),   LovaszLoss: 0.535 (0.502),   Sem_Scal_Loss: 1.413 (1.547),   Geo_Scal_Loss: 0.769 (0.806),   Loss: 3.324 (3.453),   GradNorm: 8.710,   lr: 0.0000379,   time: 2.329 (0.567)
2026/04/05 15:20:12 - mmengine - INFO - [TRAIN] Epoch 2 Iter  1500/2851   FocalLoss: 0.007 (0.006),   LovaszLoss: 0.505 (0.500),   Sem_Scal_Loss: 0.969 (1.413),   Geo_Scal_Loss: 0.657 (0.787),   Loss: 2.793 (3.337),   GradNorm: 4.927,   lr: 0.0000378,   time: 2.294 (0.500)
2026/04/05 15:22:11 - mmengine - INFO - [TRAIN] Epoch 2 Iter  1550/2851   FocalLoss: 0.007 (0.006),   LovaszLoss: 0.466 (0.510),   Sem_Scal_Loss: 1.050 (1.645),   Geo_Scal_Loss: 0.813 (0.785),   Loss: 3.033 (3.554),   GradNorm: 6.808,   lr: 0.0000378,   time: 2.373 (0.486)
2026/04/05 15:24:11 - mmengine - INFO - [TRAIN] Epoch 2 Iter  1600/2851   FocalLoss: 0.005 (0.006),   LovaszLoss: 0.442 (0.515),   Sem_Scal_Loss: 0.968 (1.687),   Geo_Scal_Loss: 0.684 (0.828),   Loss: 2.593 (3.669),   GradNorm: 4.755,   lr: 0.0000377,   time: 2.328 (0.514)
2026/04/05 15:26:11 - mmengine - INFO - [TRAIN] Epoch 2 Iter  1650/2851   FocalLoss: 0.003 (0.006),   LovaszLoss: 0.388 (0.497),   Sem_Scal_Loss: 0.858 (1.484),   Geo_Scal_Loss: 0.602 (0.760),   Loss: 2.144 (3.388),   GradNorm: 4.221,   lr: 0.0000377,   time: 2.374 (0.512)
2026/04/05 15:28:11 - mmengine - INFO - [TRAIN] Epoch 2 Iter  1700/2851   FocalLoss: 0.008 (0.007),   LovaszLoss: 0.549 (0.516),   Sem_Scal_Loss: 1.288 (1.596),   Geo_Scal_Loss: 0.875 (0.809),   Loss: 3.533 (3.591),   GradNorm: 5.955,   lr: 0.0000376,   time: 2.430 (0.534)
2026/04/05 15:30:14 - mmengine - INFO - [TRAIN] Epoch 2 Iter  1750/2851   FocalLoss: 0.006 (0.006),   LovaszLoss: 0.425 (0.490),   Sem_Scal_Loss: 0.927 (1.411),   Geo_Scal_Loss: 0.721 (0.783),   Loss: 2.722 (3.295),   GradNorm: 7.262,   lr: 0.0000375,   time: 2.458 (0.564)
2026/04/05 15:32:16 - mmengine - INFO - [TRAIN] Epoch 2 Iter  1800/2851   FocalLoss: 0.008 (0.006),   LovaszLoss: 0.462 (0.505),   Sem_Scal_Loss: 1.013 (1.580),   Geo_Scal_Loss: 0.770 (0.789),   Loss: 3.036 (3.503),   GradNorm: 5.334,   lr: 0.0000375,   time: 2.435 (0.533)
2026/04/05 15:34:14 - mmengine - INFO - [TRAIN] Epoch 2 Iter  1850/2851   FocalLoss: 0.005 (0.006),   LovaszLoss: 0.412 (0.511),   Sem_Scal_Loss: 0.850 (1.572),   Geo_Scal_Loss: 0.566 (0.797),   Loss: 2.318 (3.517),   GradNorm: 7.413,   lr: 0.0000374,   time: 2.535 (0.658)
2026/04/05 15:36:15 - mmengine - INFO - [TRAIN] Epoch 2 Iter  1900/2851   FocalLoss: 0.006 (0.006),   LovaszLoss: 0.497 (0.500),   Sem_Scal_Loss: 1.152 (1.508),   Geo_Scal_Loss: 0.936 (0.795),   Loss: 3.191 (3.394),   GradNorm: 5.153,   lr: 0.0000374,   time: 2.295 (0.534)
2026/04/05 15:38:18 - mmengine - INFO - [TRAIN] Epoch 2 Iter  1950/2851   FocalLoss: 0.005 (0.007),   LovaszLoss: 0.432 (0.509),   Sem_Scal_Loss: 0.930 (1.495),   Geo_Scal_Loss: 0.621 (0.778),   Loss: 2.437 (3.432),   GradNorm: 5.263,   lr: 0.0000373,   time: 2.434 (0.613)
2026/04/05 15:40:18 - mmengine - INFO - [TRAIN] Epoch 2 Iter  2000/2851   FocalLoss: 0.008 (0.007),   LovaszLoss: 0.494 (0.504),   Sem_Scal_Loss: 1.117 (1.549),   Geo_Scal_Loss: 0.987 (0.782),   Loss: 3.350 (3.516),   GradNorm: 7.109,   lr: 0.0000373,   time: 2.399 (0.482)
2026/04/05 15:42:18 - mmengine - INFO - [TRAIN] Epoch 2 Iter  2050/2851   FocalLoss: 0.005 (0.006),   LovaszLoss: 0.532 (0.503),   Sem_Scal_Loss: 1.318 (1.573),   Geo_Scal_Loss: 0.723 (0.777),   Loss: 3.033 (3.458),   GradNorm: 9.500,   lr: 0.0000372,   time: 2.494 (0.589)
2026/04/05 15:44:19 - mmengine - INFO - [TRAIN] Epoch 2 Iter  2100/2851   FocalLoss: 0.006 (0.006),   LovaszLoss: 0.518 (0.510),   Sem_Scal_Loss: 1.451 (1.520),   Geo_Scal_Loss: 0.753 (0.823),   Loss: 3.346 (3.483),   GradNorm: 5.000,   lr: 0.0000372,   time: 2.404 (0.496)
2026/04/05 15:46:20 - mmengine - INFO - [TRAIN] Epoch 2 Iter  2150/2851   FocalLoss: 0.007 (0.006),   LovaszLoss: 0.569 (0.494),   Sem_Scal_Loss: 2.985 (1.502),   Geo_Scal_Loss: 0.997 (0.757),   Loss: 5.278 (3.347),   GradNorm: 11.402,   lr: 0.0000371,   time: 2.441 (0.608)
2026/04/05 15:48:21 - mmengine - INFO - [TRAIN] Epoch 2 Iter  2200/2851   FocalLoss: 0.006 (0.006),   LovaszLoss: 0.396 (0.504),   Sem_Scal_Loss: 0.812 (1.471),   Geo_Scal_Loss: 0.535 (0.761),   Loss: 2.338 (3.350),   GradNorm: 9.171,   lr: 0.0000371,   time: 2.415 (0.613)
2026/04/05 15:50:22 - mmengine - INFO - [TRAIN] Epoch 2 Iter  2250/2851   FocalLoss: 0.007 (0.006),   LovaszLoss: 0.548 (0.505),   Sem_Scal_Loss: 1.955 (1.605),   Geo_Scal_Loss: 0.942 (0.804),   Loss: 4.177 (3.513),   GradNorm: 15.514,   lr: 0.0000370,   time: 2.367 (0.516)
2026/04/05 15:52:22 - mmengine - INFO - [TRAIN] Epoch 2 Iter  2300/2851   FocalLoss: 0.007 (0.006),   LovaszLoss: 0.490 (0.494),   Sem_Scal_Loss: 1.203 (1.484),   Geo_Scal_Loss: 0.777 (0.730),   Loss: 3.196 (3.331),   GradNorm: 5.541,   lr: 0.0000369,   time: 2.402 (0.505)
2026/04/05 15:54:22 - mmengine - INFO - [TRAIN] Epoch 2 Iter  2350/2851   FocalLoss: 0.009 (0.006),   LovaszLoss: 0.463 (0.494),   Sem_Scal_Loss: 1.028 (1.395),   Geo_Scal_Loss: 0.537 (0.745),   Loss: 2.915 (3.266),   GradNorm: 7.625,   lr: 0.0000369,   time: 2.331 (0.521)
2026/04/05 15:56:22 - mmengine - INFO - [TRAIN] Epoch 2 Iter  2400/2851   FocalLoss: 0.006 (0.006),   LovaszLoss: 0.482 (0.504),   Sem_Scal_Loss: 1.120 (1.599),   Geo_Scal_Loss: 0.720 (0.806),   Loss: 2.896 (3.552),   GradNorm: 4.826,   lr: 0.0000368,   time: 2.553 (0.607)
2026/04/05 15:58:23 - mmengine - INFO - [TRAIN] Epoch 2 Iter  2450/2851   FocalLoss: 0.006 (0.006),   LovaszLoss: 0.505 (0.501),   Sem_Scal_Loss: 1.234 (1.492),   Geo_Scal_Loss: 0.957 (0.801),   Loss: 3.313 (3.416),   GradNorm: 4.381,   lr: 0.0000368,   time: 2.378 (0.523)
2026/04/05 16:00:25 - mmengine - INFO - [TRAIN] Epoch 2 Iter  2500/2851   FocalLoss: 0.005 (0.007),   LovaszLoss: 0.470 (0.502),   Sem_Scal_Loss: 1.242 (1.480),   Geo_Scal_Loss: 0.789 (0.774),   Loss: 3.019 (3.407),   GradNorm: 6.231,   lr: 0.0000367,   time: 2.337 (0.482)
2026/04/05 16:02:24 - mmengine - INFO - [TRAIN] Epoch 2 Iter  2550/2851   FocalLoss: 0.005 (0.007),   LovaszLoss: 0.405 (0.506),   Sem_Scal_Loss: 0.918 (1.645),   Geo_Scal_Loss: 0.630 (0.779),   Loss: 2.453 (3.588),   GradNorm: 7.531,   lr: 0.0000366,   time: 2.303 (0.493)
2026/04/05 16:04:24 - mmengine - INFO - [TRAIN] Epoch 2 Iter  2600/2851   FocalLoss: 0.006 (0.006),   LovaszLoss: 0.507 (0.507),   Sem_Scal_Loss: 1.250 (1.515),   Geo_Scal_Loss: 0.623 (0.794),   Loss: 2.984 (3.465),   GradNorm: 5.039,   lr: 0.0000366,   time: 2.397 (0.503)
2026/04/05 16:06:25 - mmengine - INFO - [TRAIN] Epoch 2 Iter  2650/2851   FocalLoss: 0.004 (0.006),   LovaszLoss: 0.369 (0.496),   Sem_Scal_Loss: 0.792 (1.492),   Geo_Scal_Loss: 0.620 (0.786),   Loss: 2.137 (3.369),   GradNorm: 4.165,   lr: 0.0000365,   time: 2.456 (0.547)
2026/04/05 16:08:29 - mmengine - INFO - [TRAIN] Epoch 2 Iter  2700/2851   FocalLoss: 0.006 (0.006),   LovaszLoss: 0.484 (0.481),   Sem_Scal_Loss: 1.116 (1.381),   Geo_Scal_Loss: 0.718 (0.726),   Loss: 2.911 (3.173),   GradNorm: 6.118,   lr: 0.0000365,   time: 2.508 (0.678)
2026/04/05 16:10:30 - mmengine - INFO - [TRAIN] Epoch 2 Iter  2750/2851   FocalLoss: 0.006 (0.006),   LovaszLoss: 0.521 (0.489),   Sem_Scal_Loss: 1.456 (1.425),   Geo_Scal_Loss: 0.892 (0.763),   Loss: 3.429 (3.285),   GradNorm: 4.639,   lr: 0.0000364,   time: 2.423 (0.480)
2026/04/05 16:12:29 - mmengine - INFO - [TRAIN] Epoch 2 Iter  2800/2851   FocalLoss: 0.009 (0.006),   LovaszLoss: 0.554 (0.501),   Sem_Scal_Loss: 1.343 (1.527),   Geo_Scal_Loss: 0.916 (0.800),   Loss: 3.676 (3.462),   GradNorm: 6.311,   lr: 0.0000363,   time: 2.393 (0.530)
2026/04/05 16:14:26 - mmengine - INFO - [TRAIN] Epoch 2 Iter  2850/2851   FocalLoss: 0.005 (0.006),   LovaszLoss: 0.596 (0.483),   Sem_Scal_Loss: 2.765 (1.448),   Geo_Scal_Loss: 1.058 (0.757),   Loss: 4.967 (3.279),   GradNorm: 13.519,   lr: 0.0000363,   time: 1.566 (0.459)
2026/04/05 16:14:40 - mmengine - INFO - [EVAL] Iter     0/1232   FocalLoss: 0.017 (0.017),   LovaszLoss: 0.604 (0.604),   Sem_Scal_Loss: 3.090 (3.090),   Geo_Scal_Loss: 1.032 (1.032),   Loss: 6.447 (6.447),   
2026/04/05 16:15:09 - mmengine - INFO - [EVAL] Iter    50/1232   FocalLoss: 0.005 (0.007),   LovaszLoss: 0.481 (0.497),   Sem_Scal_Loss: 1.380 (1.645),   Geo_Scal_Loss: 0.787 (0.834),   Loss: 3.152 (3.701),   
2026/04/05 16:15:37 - mmengine - INFO - [EVAL] Iter   100/1232   FocalLoss: 0.006 (0.007),   LovaszLoss: 0.499 (0.483),   Sem_Scal_Loss: 1.179 (1.559),   Geo_Scal_Loss: 0.973 (0.777),   Loss: 3.210 (3.516),   
2026/04/05 16:16:04 - mmengine - INFO - [EVAL] Iter   150/1232   FocalLoss: 0.004 (0.007),   LovaszLoss: 0.512 (0.479),   Sem_Scal_Loss: 1.313 (1.488),   Geo_Scal_Loss: 0.993 (0.775),   Loss: 3.258 (3.423),   
2026/04/05 16:16:32 - mmengine - INFO - [EVAL] Iter   200/1232   FocalLoss: 0.006 (0.007),   LovaszLoss: 0.466 (0.485),   Sem_Scal_Loss: 1.172 (1.550),   Geo_Scal_Loss: 0.838 (0.794),   Loss: 3.069 (3.519),   
2026/04/05 16:16:59 - mmengine - INFO - [EVAL] Iter   250/1232   FocalLoss: 0.005 (0.007),   LovaszLoss: 0.468 (0.477),   Sem_Scal_Loss: 1.833 (1.506),   Geo_Scal_Loss: 0.567 (0.783),   Loss: 3.371 (3.433),   
2026/04/05 16:17:26 - mmengine - INFO - [EVAL] Iter   300/1232   FocalLoss: 0.005 (0.007),   LovaszLoss: 0.532 (0.477),   Sem_Scal_Loss: 1.359 (1.529),   Geo_Scal_Loss: 0.915 (0.781),   Loss: 3.347 (3.446),   
2026/04/05 16:17:52 - mmengine - INFO - [EVAL] Iter   350/1232   FocalLoss: 0.004 (0.006),   LovaszLoss: 0.341 (0.472),   Sem_Scal_Loss: 0.669 (1.502),   Geo_Scal_Loss: 0.515 (0.773),   Loss: 1.913 (3.396),   
2026/04/05 16:18:19 - mmengine - INFO - [EVAL] Iter   400/1232   FocalLoss: 0.005 (0.006),   LovaszLoss: 0.539 (0.475),   Sem_Scal_Loss: 1.441 (1.500),   Geo_Scal_Loss: 0.873 (0.774),   Loss: 3.399 (3.399),   
2026/04/05 16:18:46 - mmengine - INFO - [EVAL] Iter   450/1232   FocalLoss: 0.006 (0.006),   LovaszLoss: 0.475 (0.473),   Sem_Scal_Loss: 1.139 (1.480),   Geo_Scal_Loss: 0.920 (0.773),   Loss: 3.128 (3.375),   
2026/04/05 16:19:12 - mmengine - INFO - [EVAL] Iter   500/1232   FocalLoss: 0.013 (0.006),   LovaszLoss: 0.468 (0.473),   Sem_Scal_Loss: 1.209 (1.465),   Geo_Scal_Loss: 0.548 (0.766),   Loss: 3.563 (3.350),   
2026/04/05 16:19:38 - mmengine - INFO - [EVAL] Iter   550/1232   FocalLoss: 0.008 (0.006),   LovaszLoss: 0.558 (0.474),   Sem_Scal_Loss: 2.266 (1.480),   Geo_Scal_Loss: 0.767 (0.767),   Loss: 4.361 (3.361),   
2026/04/05 16:20:04 - mmengine - INFO - [EVAL] Iter   600/1232   FocalLoss: 0.006 (0.006),   LovaszLoss: 0.342 (0.473),   Sem_Scal_Loss: 0.905 (1.477),   Geo_Scal_Loss: 0.781 (0.765),   Loss: 2.593 (3.353),   
2026/04/05 16:20:30 - mmengine - INFO - [EVAL] Iter   650/1232   FocalLoss: 0.007 (0.006),   LovaszLoss: 0.564 (0.474),   Sem_Scal_Loss: 1.618 (1.473),   Geo_Scal_Loss: 1.049 (0.767),   Loss: 3.883 (3.357),   
2026/04/05 16:20:56 - mmengine - INFO - [EVAL] Iter   700/1232   FocalLoss: 0.008 (0.006),   LovaszLoss: 0.462 (0.474),   Sem_Scal_Loss: 0.986 (1.468),   Geo_Scal_Loss: 0.737 (0.767),   Loss: 2.952 (3.352),   
2026/04/05 16:21:22 - mmengine - INFO - [EVAL] Iter   750/1232   FocalLoss: 0.005 (0.006),   LovaszLoss: 0.440 (0.472),   Sem_Scal_Loss: 1.523 (1.448),   Geo_Scal_Loss: 0.546 (0.764),   Loss: 2.960 (3.329),   
2026/04/05 16:21:48 - mmengine - INFO - [EVAL] Iter   800/1232   FocalLoss: 0.007 (0.006),   LovaszLoss: 0.482 (0.472),   Sem_Scal_Loss: 2.490 (1.445),   Geo_Scal_Loss: 0.590 (0.764),   Loss: 4.214 (3.329),   
2026/04/05 16:22:14 - mmengine - INFO - [EVAL] Iter   850/1232   FocalLoss: 0.011 (0.006),   LovaszLoss: 0.628 (0.472),   Sem_Scal_Loss: 2.201 (1.443),   Geo_Scal_Loss: 1.654 (0.766),   Loss: 5.573 (3.327),   
2026/04/05 16:22:41 - mmengine - INFO - [EVAL] Iter   900/1232   FocalLoss: 0.009 (0.007),   LovaszLoss: 0.488 (0.474),   Sem_Scal_Loss: 1.158 (1.450),   Geo_Scal_Loss: 0.738 (0.772),   Loss: 3.263 (3.348),   
2026/04/05 16:23:07 - mmengine - INFO - [EVAL] Iter   950/1232   FocalLoss: 0.008 (0.007),   LovaszLoss: 0.452 (0.474),   Sem_Scal_Loss: 1.219 (1.444),   Geo_Scal_Loss: 0.937 (0.774),   Loss: 3.402 (3.350),   
2026/04/05 16:23:33 - mmengine - INFO - [EVAL] Iter  1000/1232   FocalLoss: 0.007 (0.007),   LovaszLoss: 0.611 (0.475),   Sem_Scal_Loss: 2.514 (1.453),   Geo_Scal_Loss: 1.114 (0.778),   Loss: 4.967 (3.365),   
2026/04/05 16:23:59 - mmengine - INFO - [EVAL] Iter  1050/1232   FocalLoss: 0.003 (0.007),   LovaszLoss: 0.449 (0.476),   Sem_Scal_Loss: 1.184 (1.466),   Geo_Scal_Loss: 0.959 (0.780),   Loss: 2.901 (3.381),   
2026/04/05 16:24:26 - mmengine - INFO - [EVAL] Iter  1100/1232   FocalLoss: 0.007 (0.007),   LovaszLoss: 0.440 (0.476),   Sem_Scal_Loss: 0.968 (1.471),   Geo_Scal_Loss: 0.513 (0.778),   Loss: 2.593 (3.387),   
2026/04/05 16:24:51 - mmengine - INFO - [EVAL] Iter  1150/1232   FocalLoss: 0.005 (0.007),   LovaszLoss: 0.558 (0.477),   Sem_Scal_Loss: 2.367 (1.474),   Geo_Scal_Loss: 0.748 (0.781),   Loss: 4.141 (3.401),   
2026/04/05 16:25:17 - mmengine - INFO - [EVAL] Iter  1200/1232   FocalLoss: 0.006 (0.007),   LovaszLoss: 0.400 (0.477),   Sem_Scal_Loss: 1.024 (1.480),   Geo_Scal_Loss: 0.667 (0.782),   Loss: 2.729 (3.408),   
2026/04/05 16:25:50 - mmengine - INFO - Current val iou of sem_cls is [ 0.965  0.384  0.553  0.411  0.316  0.435  0.546  0.605  0.452  0.339
  0.520  0.379]
2026/04/05 16:25:50 - mmengine - INFO - Current val iou of sem is 0.4493060574186794
2026/04/05 16:25:50 - mmengine - INFO - Current val iou of geo is 0.5738374752579786
2026/04/05 16:26:08 - mmengine - INFO - [TRAIN] Epoch 3 Iter     0/2851   FocalLoss: 0.007 (0.007),   LovaszLoss: 0.520 (0.520),   Sem_Scal_Loss: 1.283 (1.283),   Geo_Scal_Loss: 0.798 (0.798),   Loss: 3.270 (3.270),   GradNorm: 4.817,   lr: 0.0000363,   time: 7.806 (3.601)
2026/04/05 16:28:10 - mmengine - INFO - [TRAIN] Epoch 3 Iter    50/2851   FocalLoss: 0.003 (0.006),   LovaszLoss: 0.507 (0.475),   Sem_Scal_Loss: 1.513 (1.253),   Geo_Scal_Loss: 0.842 (0.718),   Loss: 3.175 (3.005),   GradNorm: 4.132,   lr: 0.0000362,   time: 2.441 (0.655)
2026/04/05 16:30:12 - mmengine - INFO - [TRAIN] Epoch 3 Iter   100/2851   FocalLoss: 0.006 (0.006),   LovaszLoss: 0.544 (0.481),   Sem_Scal_Loss: 1.726 (1.449),   Geo_Scal_Loss: 0.914 (0.735),   Loss: 3.788 (3.255),   GradNorm: 9.075,   lr: 0.0000361,   time: 2.393 (0.504)
2026/04/05 16:32:11 - mmengine - INFO - [TRAIN] Epoch 3 Iter   150/2851   FocalLoss: 0.009 (0.006),   LovaszLoss: 0.500 (0.490),   Sem_Scal_Loss: 1.509 (1.510),   Geo_Scal_Loss: 0.634 (0.759),   Loss: 3.510 (3.368),   GradNorm: 8.548,   lr: 0.0000361,   time: 2.367 (0.498)
2026/04/05 16:34:11 - mmengine - INFO - [TRAIN] Epoch 3 Iter   200/2851   FocalLoss: 0.005 (0.006),   LovaszLoss: 0.388 (0.480),   Sem_Scal_Loss: 0.723 (1.401),   Geo_Scal_Loss: 0.568 (0.743),   Loss: 2.162 (3.250),   GradNorm: 5.030,   lr: 0.0000360,   time: 2.375 (0.536)
2026/04/05 16:36:10 - mmengine - INFO - [TRAIN] Epoch 3 Iter   250/2851   FocalLoss: 0.008 (0.006),   LovaszLoss: 0.552 (0.480),   Sem_Scal_Loss: 1.584 (1.304),   Geo_Scal_Loss: 0.902 (0.723),   Loss: 3.822 (3.080),   GradNorm: 11.814,   lr: 0.0000360,   time: 2.493 (0.506)
2026/04/05 16:38:10 - mmengine - INFO - [TRAIN] Epoch 3 Iter   300/2851   FocalLoss: 0.004 (0.006),   LovaszLoss: 0.381 (0.492),   Sem_Scal_Loss: 0.749 (1.427),   Geo_Scal_Loss: 0.554 (0.768),   Loss: 2.079 (3.297),   GradNorm: 7.530,   lr: 0.0000359,   time: 2.377 (0.512)
2026/04/05 16:40:13 - mmengine - INFO - [TRAIN] Epoch 3 Iter   350/2851   FocalLoss: 0.005 (0.006),   LovaszLoss: 0.455 (0.482),   Sem_Scal_Loss: 0.986 (1.366),   Geo_Scal_Loss: 0.783 (0.725),   Loss: 2.742 (3.156),   GradNorm: 5.479,   lr: 0.0000358,   time: 2.408 (0.577)
2026/04/05 16:42:14 - mmengine - INFO - [TRAIN] Epoch 3 Iter   400/2851   FocalLoss: 0.005 (0.006),   LovaszLoss: 0.522 (0.469),   Sem_Scal_Loss: 1.661 (1.247),   Geo_Scal_Loss: 0.689 (0.725),   Loss: 3.332 (3.027),   GradNorm: 8.823,   lr: 0.0000358,   time: 2.409 (0.531)
2026/04/05 16:44:16 - mmengine - INFO - [TRAIN] Epoch 3 Iter   450/2851   FocalLoss: 0.008 (0.006),   LovaszLoss: 0.449 (0.486),   Sem_Scal_Loss: 0.919 (1.370),   Geo_Scal_Loss: 0.559 (0.714),   Loss: 2.755 (3.182),   GradNorm: 6.337,   lr: 0.0000357,   time: 2.303 (0.529)
2026/04/05 16:46:19 - mmengine - INFO - [TRAIN] Epoch 3 Iter   500/2851   FocalLoss: 0.005 (0.006),   LovaszLoss: 0.399 (0.475),   Sem_Scal_Loss: 0.850 (1.357),   Geo_Scal_Loss: 0.580 (0.728),   Loss: 2.330 (3.180),   GradNorm: 4.417,   lr: 0.0000356,   time: 2.389 (0.527)
2026/04/05 16:48:20 - mmengine - INFO - [TRAIN] Epoch 3 Iter   550/2851   FocalLoss: 0.003 (0.006),   LovaszLoss: 0.361 (0.471),   Sem_Scal_Loss: 0.738 (1.280),   Geo_Scal_Loss: 0.572 (0.707),   Loss: 1.990 (3.013),   GradNorm: 5.214,   lr: 0.0000356,   time: 2.404 (0.638)
2026/04/05 16:50:21 - mmengine - INFO - [TRAIN] Epoch 3 Iter   600/2851   FocalLoss: 0.005 (0.005),   LovaszLoss: 0.420 (0.465),   Sem_Scal_Loss: 0.915 (1.176),   Geo_Scal_Loss: 0.475 (0.690),   Loss: 2.356 (2.877),   GradNorm: 9.566,   lr: 0.0000355,   time: 2.459 (0.598)
2026/04/05 16:52:23 - mmengine - INFO - [TRAIN] Epoch 3 Iter   650/2851   FocalLoss: 0.008 (0.006),   LovaszLoss: 0.473 (0.477),   Sem_Scal_Loss: 1.241 (1.306),   Geo_Scal_Loss: 0.790 (0.743),   Loss: 3.310 (3.151),   GradNorm: 7.057,   lr: 0.0000354,   time: 2.490 (0.583)
2026/04/05 16:54:23 - mmengine - INFO - [TRAIN] Epoch 3 Iter   700/2851   FocalLoss: 0.004 (0.006),   LovaszLoss: 0.402 (0.474),   Sem_Scal_Loss: 0.980 (1.303),   Geo_Scal_Loss: 0.584 (0.734),   Loss: 2.398 (3.118),   GradNorm: 5.625,   lr: 0.0000353,   time: 2.346 (0.485)
2026/04/05 16:56:25 - mmengine - INFO - [TRAIN] Epoch 3 Iter   750/2851   FocalLoss: 0.003 (0.006),   LovaszLoss: 0.403 (0.455),   Sem_Scal_Loss: 0.921 (1.199),   Geo_Scal_Loss: 0.579 (0.710),   Loss: 2.168 (2.921),   GradNorm: 4.412,   lr: 0.0000353,   time: 2.648 (0.727)
2026/04/05 16:58:25 - mmengine - INFO - [TRAIN] Epoch 3 Iter   800/2851   FocalLoss: 0.007 (0.006),   LovaszLoss: 0.482 (0.476),   Sem_Scal_Loss: 1.230 (1.279),   Geo_Scal_Loss: 0.659 (0.706),   Loss: 3.045 (3.039),   GradNorm: 4.912,   lr: 0.0000352,   time: 2.344 (0.503)
2026/04/05 17:00:25 - mmengine - INFO - [TRAIN] Epoch 3 Iter   850/2851   FocalLoss: 0.005 (0.006),   LovaszLoss: 0.425 (0.487),   Sem_Scal_Loss: 0.881 (1.424),   Geo_Scal_Loss: 0.601 (0.728),   Loss: 2.393 (3.249),   GradNorm: 6.633,   lr: 0.0000351,   time: 2.366 (0.548)
2026/04/05 17:02:27 - mmengine - INFO - [TRAIN] Epoch 3 Iter   900/2851   FocalLoss: 0.006 (0.005),   LovaszLoss: 0.527 (0.462),   Sem_Scal_Loss: 1.463 (1.281),   Geo_Scal_Loss: 0.721 (0.697),   Loss: 3.307 (2.976),   GradNorm: 6.602,   lr: 0.0000351,   time: 2.362 (0.514)
2026/04/05 17:04:30 - mmengine - INFO - [TRAIN] Epoch 3 Iter   950/2851   FocalLoss: 0.004 (0.006),   LovaszLoss: 0.432 (0.487),   Sem_Scal_Loss: 1.795 (1.448),   Geo_Scal_Loss: 0.508 (0.745),   Loss: 3.101 (3.320),   GradNorm: 8.014,   lr: 0.0000350,   time: 2.506 (0.602)
2026/04/05 17:06:32 - mmengine - INFO - [TRAIN] Epoch 3 Iter  1000/2851   FocalLoss: 0.005 (0.006),   LovaszLoss: 0.419 (0.456),   Sem_Scal_Loss: 1.922 (1.191),   Geo_Scal_Loss: 0.562 (0.681),   Loss: 3.400 (2.895),   GradNorm: 7.298,   lr: 0.0000349,   time: 2.506 (0.535)
2026/04/05 17:08:33 - mmengine - INFO - [TRAIN] Epoch 3 Iter  1050/2851   FocalLoss: 0.006 (0.006),   LovaszLoss: 0.411 (0.467),   Sem_Scal_Loss: 0.912 (1.208),   Geo_Scal_Loss: 0.454 (0.707),   Loss: 2.334 (2.941),   GradNorm: 5.282,   lr: 0.0000348,   time: 2.380 (0.588)
2026/04/05 17:10:33 - mmengine - INFO - [TRAIN] Epoch 3 Iter  1100/2851   FocalLoss: 0.009 (0.006),   LovaszLoss: 0.597 (0.478),   Sem_Scal_Loss: 3.676 (1.247),   Geo_Scal_Loss: 0.651 (0.738),   Loss: 5.778 (3.078),   GradNorm: 13.662,   lr: 0.0000348,   time: 2.357 (0.554)
2026/04/05 17:12:32 - mmengine - INFO - [TRAIN] Epoch 3 Iter  1150/2851   FocalLoss: 0.006 (0.005),   LovaszLoss: 0.485 (0.459),   Sem_Scal_Loss: 0.956 (1.223),   Geo_Scal_Loss: 0.652 (0.710),   Loss: 2.682 (2.920),   GradNorm: 4.733,   lr: 0.0000347,   time: 2.451 (0.613)
2026/04/05 17:14:34 - mmengine - INFO - [TRAIN] Epoch 3 Iter  1200/2851   FocalLoss: 0.008 (0.006),   LovaszLoss: 0.501 (0.479),   Sem_Scal_Loss: 1.149 (1.343),   Geo_Scal_Loss: 1.065 (0.742),   Loss: 3.484 (3.152),   GradNorm: 5.169,   lr: 0.0000346,   time: 2.393 (0.488)
2026/04/05 17:16:35 - mmengine - INFO - [TRAIN] Epoch 3 Iter  1250/2851   FocalLoss: 0.004 (0.005),   LovaszLoss: 0.494 (0.468),   Sem_Scal_Loss: 1.473 (1.368),   Geo_Scal_Loss: 0.697 (0.679),   Loss: 3.045 (3.040),   GradNorm: 6.008,   lr: 0.0000346,   time: 2.325 (0.517)
2026/04/05 17:18:36 - mmengine - INFO - [TRAIN] Epoch 3 Iter  1300/2851   FocalLoss: 0.007 (0.006),   LovaszLoss: 0.510 (0.462),   Sem_Scal_Loss: 1.175 (1.216),   Geo_Scal_Loss: 0.750 (0.679),   Loss: 3.141 (2.933),   GradNorm: 4.896,   lr: 0.0000345,   time: 2.360 (0.550)
2026/04/05 17:20:37 - mmengine - INFO - [TRAIN] Epoch 3 Iter  1350/2851   FocalLoss: 0.004 (0.005),   LovaszLoss: 0.444 (0.464),   Sem_Scal_Loss: 1.238 (1.253),   Geo_Scal_Loss: 0.539 (0.674),   Loss: 2.588 (2.937),   GradNorm: 4.376,   lr: 0.0000344,   time: 2.341 (0.525)
2026/04/05 17:22:39 - mmengine - INFO - [TRAIN] Epoch 3 Iter  1400/2851   FocalLoss: 0.007 (0.006),   LovaszLoss: 0.432 (0.487),   Sem_Scal_Loss: 0.911 (1.299),   Geo_Scal_Loss: 0.655 (0.760),   Loss: 2.662 (3.171),   GradNorm: 7.938,   lr: 0.0000343,   time: 2.527 (0.569)
2026/04/05 17:24:41 - mmengine - INFO - [TRAIN] Epoch 3 Iter  1450/2851   FocalLoss: 0.006 (0.005),   LovaszLoss: 0.560 (0.476),   Sem_Scal_Loss: 1.456 (1.382),   Geo_Scal_Loss: 0.954 (0.694),   Loss: 3.593 (3.085),   GradNorm: 6.946,   lr: 0.0000343,   time: 2.422 (0.639)
2026/04/05 17:26:41 - mmengine - INFO - [TRAIN] Epoch 3 Iter  1500/2851   FocalLoss: 0.006 (0.006),   LovaszLoss: 0.481 (0.476),   Sem_Scal_Loss: 1.201 (1.410),   Geo_Scal_Loss: 0.697 (0.708),   Loss: 2.936 (3.150),   GradNorm: 5.199,   lr: 0.0000342,   time: 2.499 (0.604)
2026/04/05 17:28:40 - mmengine - INFO - [TRAIN] Epoch 3 Iter  1550/2851   FocalLoss: 0.007 (0.006),   LovaszLoss: 0.513 (0.472),   Sem_Scal_Loss: 1.292 (1.326),   Geo_Scal_Loss: 0.741 (0.683),   Loss: 3.203 (3.061),   GradNorm: 6.444,   lr: 0.0000341,   time: 2.366 (0.487)
2026/04/05 17:30:39 - mmengine - INFO - [TRAIN] Epoch 3 Iter  1600/2851   FocalLoss: 0.007 (0.006),   LovaszLoss: 0.468 (0.472),   Sem_Scal_Loss: 1.045 (1.277),   Geo_Scal_Loss: 1.014 (0.706),   Loss: 3.268 (3.008),   GradNorm: 5.169,   lr: 0.0000340,   time: 2.349 (0.511)
2026/04/05 17:32:38 - mmengine - INFO - [TRAIN] Epoch 3 Iter  1650/2851   FocalLoss: 0.007 (0.006),   LovaszLoss: 0.513 (0.489),   Sem_Scal_Loss: 1.171 (1.402),   Geo_Scal_Loss: 0.596 (0.770),   Loss: 2.934 (3.281),   GradNorm: 8.635,   lr: 0.0000339,   time: 2.475 (0.593)
2026/04/05 17:34:38 - mmengine - INFO - [TRAIN] Epoch 3 Iter  1700/2851   FocalLoss: 0.006 (0.006),   LovaszLoss: 0.547 (0.469),   Sem_Scal_Loss: 1.877 (1.407),   Geo_Scal_Loss: 0.892 (0.684),   Loss: 3.948 (3.146),   GradNorm: 9.319,   lr: 0.0000339,   time: 2.376 (0.467)
2026/04/05 17:36:37 - mmengine - INFO - [TRAIN] Epoch 3 Iter  1750/2851   FocalLoss: 0.006 (0.006),   LovaszLoss: 0.539 (0.473),   Sem_Scal_Loss: 1.555 (1.275),   Geo_Scal_Loss: 0.714 (0.712),   Loss: 3.432 (3.011),   GradNorm: 6.142,   lr: 0.0000338,   time: 2.527 (0.519)
2026/04/05 17:38:37 - mmengine - INFO - [TRAIN] Epoch 3 Iter  1800/2851   FocalLoss: 0.007 (0.006),   LovaszLoss: 0.445 (0.477),   Sem_Scal_Loss: 0.937 (1.323),   Geo_Scal_Loss: 0.764 (0.713),   Loss: 2.808 (3.089),   GradNorm: 5.658,   lr: 0.0000337,   time: 2.399 (0.508)
2026/04/05 17:40:36 - mmengine - INFO - [TRAIN] Epoch 3 Iter  1850/2851   FocalLoss: 0.006 (0.006),   LovaszLoss: 0.550 (0.487),   Sem_Scal_Loss: 5.715 (1.448),   Geo_Scal_Loss: 0.648 (0.750),   Loss: 7.468 (3.266),   GradNorm: 17.326,   lr: 0.0000336,   time: 2.393 (0.493)
2026/04/05 17:42:36 - mmengine - INFO - [TRAIN] Epoch 3 Iter  1900/2851   FocalLoss: 0.005 (0.006),   LovaszLoss: 0.469 (0.469),   Sem_Scal_Loss: 1.122 (1.312),   Geo_Scal_Loss: 0.848 (0.709),   Loss: 2.903 (3.041),   GradNorm: 4.228,   lr: 0.0000335,   time: 2.248 (0.463)
2026/04/05 17:44:34 - mmengine - INFO - [TRAIN] Epoch 3 Iter  1950/2851   FocalLoss: 0.005 (0.006),   LovaszLoss: 0.466 (0.480),   Sem_Scal_Loss: 3.650 (1.355),   Geo_Scal_Loss: 0.751 (0.732),   Loss: 5.383 (3.174),   GradNorm: 20.607,   lr: 0.0000335,   time: 2.393 (0.513)
2026/04/05 17:46:34 - mmengine - INFO - [TRAIN] Epoch 3 Iter  2000/2851   FocalLoss: 0.002 (0.006),   LovaszLoss: 0.421 (0.469),   Sem_Scal_Loss: 1.048 (1.331),   Geo_Scal_Loss: 0.629 (0.716),   Loss: 2.327 (3.077),   GradNorm: 8.480,   lr: 0.0000334,   time: 2.556 (0.534)
2026/04/05 17:48:33 - mmengine - INFO - [TRAIN] Epoch 3 Iter  2050/2851   FocalLoss: 0.005 (0.006),   LovaszLoss: 0.412 (0.455),   Sem_Scal_Loss: 0.968 (1.136),   Geo_Scal_Loss: 0.665 (0.675),   Loss: 2.503 (2.849),   GradNorm: 17.200,   lr: 0.0000333,   time: 2.461 (0.498)
2026/04/05 17:50:32 - mmengine - INFO - [TRAIN] Epoch 3 Iter  2100/2851   FocalLoss: 0.007 (0.005),   LovaszLoss: 0.413 (0.477),   Sem_Scal_Loss: 0.809 (1.436),   Geo_Scal_Loss: 0.733 (0.698),   Loss: 2.637 (3.152),   GradNorm: 7.072,   lr: 0.0000332,   time: 2.329 (0.506)
2026/04/05 17:52:32 - mmengine - INFO - [TRAIN] Epoch 3 Iter  2150/2851   FocalLoss: 0.005 (0.006),   LovaszLoss: 0.358 (0.478),   Sem_Scal_Loss: 0.665 (1.268),   Geo_Scal_Loss: 0.549 (0.708),   Loss: 2.111 (3.027),   GradNorm: 3.432,   lr: 0.0000331,   time: 2.370 (0.516)
2026/04/05 17:54:31 - mmengine - INFO - [TRAIN] Epoch 3 Iter  2200/2851   FocalLoss: 0.005 (0.005),   LovaszLoss: 0.487 (0.464),   Sem_Scal_Loss: 1.223 (1.243),   Geo_Scal_Loss: 0.737 (0.680),   Loss: 2.926 (2.916),   GradNorm: 4.339,   lr: 0.0000331,   time: 2.327 (0.531)
2026/04/05 17:56:30 - mmengine - INFO - [TRAIN] Epoch 3 Iter  2250/2851   FocalLoss: 0.008 (0.006),   LovaszLoss: 0.498 (0.474),   Sem_Scal_Loss: 1.325 (1.561),   Geo_Scal_Loss: 0.840 (0.676),   Loss: 3.414 (3.267),   GradNorm: 6.089,   lr: 0.0000330,   time: 2.363 (0.514)
2026/04/05 17:58:32 - mmengine - INFO - [TRAIN] Epoch 3 Iter  2300/2851   FocalLoss: 0.006 (0.005),   LovaszLoss: 0.469 (0.462),   Sem_Scal_Loss: 1.018 (1.224),   Geo_Scal_Loss: 0.842 (0.685),   Loss: 2.939 (2.914),   GradNorm: 5.359,   lr: 0.0000329,   time: 2.433 (0.537)
2026/04/05 18:00:33 - mmengine - INFO - [TRAIN] Epoch 3 Iter  2350/2851   FocalLoss: 0.004 (0.005),   LovaszLoss: 0.397 (0.468),   Sem_Scal_Loss: 0.773 (1.330),   Geo_Scal_Loss: 0.545 (0.683),   Loss: 2.113 (3.003),   GradNorm: 5.507,   lr: 0.0000328,   time: 2.407 (0.508)
2026/04/05 18:02:34 - mmengine - INFO - [TRAIN] Epoch 3 Iter  2400/2851   FocalLoss: 0.005 (0.005),   LovaszLoss: 0.433 (0.469),   Sem_Scal_Loss: 0.925 (1.292),   Geo_Scal_Loss: 0.712 (0.718),   Loss: 2.541 (3.018),   GradNorm: 5.053,   lr: 0.0000327,   time: 2.396 (0.502)
2026/04/05 18:04:35 - mmengine - INFO - [TRAIN] Epoch 3 Iter  2450/2851   FocalLoss: 0.009 (0.006),   LovaszLoss: 0.433 (0.477),   Sem_Scal_Loss: 0.968 (1.331),   Geo_Scal_Loss: 0.762 (0.713),   Loss: 3.061 (3.102),   GradNorm: 7.448,   lr: 0.0000326,   time: 2.328 (0.486)
2026/04/05 18:06:34 - mmengine - INFO - [TRAIN] Epoch 3 Iter  2500/2851   FocalLoss: 0.007 (0.006),   LovaszLoss: 0.455 (0.475),   Sem_Scal_Loss: 0.985 (1.247),   Geo_Scal_Loss: 0.650 (0.712),   Loss: 2.768 (3.029),   GradNorm: 6.271,   lr: 0.0000326,   time: 2.491 (0.502)
2026/04/05 18:08:35 - mmengine - INFO - [TRAIN] Epoch 3 Iter  2550/2851   FocalLoss: 0.004 (0.005),   LovaszLoss: 0.389 (0.463),   Sem_Scal_Loss: 0.722 (1.250),   Geo_Scal_Loss: 0.523 (0.678),   Loss: 1.995 (2.930),   GradNorm: 4.233,   lr: 0.0000325,   time: 2.319 (0.472)
2026/04/05 18:10:34 - mmengine - INFO - [TRAIN] Epoch 3 Iter  2600/2851   FocalLoss: 0.011 (0.006),   LovaszLoss: 0.554 (0.473),   Sem_Scal_Loss: 2.030 (1.352),   Geo_Scal_Loss: 0.778 (0.723),   Loss: 4.421 (3.135),   GradNorm: 10.049,   lr: 0.0000324,   time: 2.473 (0.547)
2026/04/05 18:12:34 - mmengine - INFO - [TRAIN] Epoch 3 Iter  2650/2851   FocalLoss: 0.007 (0.006),   LovaszLoss: 0.464 (0.479),   Sem_Scal_Loss: 1.048 (1.316),   Geo_Scal_Loss: 0.812 (0.722),   Loss: 3.031 (3.096),   GradNorm: 4.364,   lr: 0.0000323,   time: 2.409 (0.537)
2026/04/05 18:14:33 - mmengine - INFO - [TRAIN] Epoch 3 Iter  2700/2851   FocalLoss: 0.005 (0.006),   LovaszLoss: 0.357 (0.455),   Sem_Scal_Loss: 0.694 (1.278),   Geo_Scal_Loss: 0.598 (0.667),   Loss: 2.143 (2.958),   GradNorm: 3.961,   lr: 0.0000322,   time: 2.387 (0.561)
2026/04/05 18:16:33 - mmengine - INFO - [TRAIN] Epoch 3 Iter  2750/2851   FocalLoss: 0.006 (0.006),   LovaszLoss: 0.540 (0.471),   Sem_Scal_Loss: 1.778 (1.372),   Geo_Scal_Loss: 0.769 (0.678),   Loss: 3.649 (3.082),   GradNorm: 6.471,   lr: 0.0000321,   time: 2.386 (0.485)
2026/04/05 18:18:31 - mmengine - INFO - [TRAIN] Epoch 3 Iter  2800/2851   FocalLoss: 0.006 (0.006),   LovaszLoss: 0.379 (0.460),   Sem_Scal_Loss: 0.759 (1.201),   Geo_Scal_Loss: 0.575 (0.681),   Loss: 2.286 (2.898),   GradNorm: 5.318,   lr: 0.0000321,   time: 2.381 (0.496)
2026/04/05 18:20:29 - mmengine - INFO - [TRAIN] Epoch 3 Iter  2850/2851   FocalLoss: 0.010 (0.006),   LovaszLoss: 0.494 (0.467),   Sem_Scal_Loss: 1.908 (1.215),   Geo_Scal_Loss: 0.791 (0.712),   Loss: 4.194 (2.986),   GradNorm: 13.206,   lr: 0.0000320,   time: 1.612 (0.464)
2026/04/05 18:20:45 - mmengine - INFO - [EVAL] Iter     0/1232   FocalLoss: 0.015 (0.015),   LovaszLoss: 0.577 (0.577),   Sem_Scal_Loss: 3.199 (3.199),   Geo_Scal_Loss: 0.886 (0.886),   Loss: 6.164 (6.164),   
2026/04/05 18:21:12 - mmengine - INFO - [EVAL] Iter    50/1232   FocalLoss: 0.004 (0.007),   LovaszLoss: 0.465 (0.479),   Sem_Scal_Loss: 1.110 (1.503),   Geo_Scal_Loss: 0.639 (0.767),   Loss: 2.653 (3.474),   
2026/04/05 18:21:38 - mmengine - INFO - [EVAL] Iter   100/1232   FocalLoss: 0.005 (0.007),   LovaszLoss: 0.481 (0.466),   Sem_Scal_Loss: 1.068 (1.378),   Geo_Scal_Loss: 0.886 (0.717),   Loss: 2.973 (3.265),   
2026/04/05 18:22:05 - mmengine - INFO - [EVAL] Iter   150/1232   FocalLoss: 0.004 (0.007),   LovaszLoss: 0.477 (0.458),   Sem_Scal_Loss: 1.147 (1.317),   Geo_Scal_Loss: 0.757 (0.700),   Loss: 2.785 (3.145),   
2026/04/05 18:22:33 - mmengine - INFO - [EVAL] Iter   200/1232   FocalLoss: 0.006 (0.007),   LovaszLoss: 0.456 (0.464),   Sem_Scal_Loss: 1.116 (1.370),   Geo_Scal_Loss: 0.733 (0.715),   Loss: 2.871 (3.224),   
2026/04/05 18:22:59 - mmengine - INFO - [EVAL] Iter   250/1232   FocalLoss: 0.005 (0.006),   LovaszLoss: 0.461 (0.456),   Sem_Scal_Loss: 2.243 (1.324),   Geo_Scal_Loss: 0.507 (0.703),   Loss: 3.674 (3.133),   
2026/04/05 18:23:26 - mmengine - INFO - [EVAL] Iter   300/1232   FocalLoss: 0.006 (0.006),   LovaszLoss: 0.543 (0.455),   Sem_Scal_Loss: 1.377 (1.348),   Geo_Scal_Loss: 0.876 (0.703),   Loss: 3.350 (3.147),   
2026/04/05 18:23:53 - mmengine - INFO - [EVAL] Iter   350/1232   FocalLoss: 0.004 (0.006),   LovaszLoss: 0.333 (0.450),   Sem_Scal_Loss: 0.637 (1.332),   Geo_Scal_Loss: 0.484 (0.696),   Loss: 1.862 (3.109),   
2026/04/05 18:24:19 - mmengine - INFO - [EVAL] Iter   400/1232   FocalLoss: 0.006 (0.006),   LovaszLoss: 0.533 (0.453),   Sem_Scal_Loss: 1.302 (1.327),   Geo_Scal_Loss: 0.862 (0.698),   Loss: 3.302 (3.114),   
2026/04/05 18:24:45 - mmengine - INFO - [EVAL] Iter   450/1232   FocalLoss: 0.005 (0.006),   LovaszLoss: 0.461 (0.452),   Sem_Scal_Loss: 1.074 (1.314),   Geo_Scal_Loss: 0.765 (0.697),   Loss: 2.838 (3.102),   
2026/04/05 18:25:11 - mmengine - INFO - [EVAL] Iter   500/1232   FocalLoss: 0.014 (0.006),   LovaszLoss: 0.459 (0.451),   Sem_Scal_Loss: 1.162 (1.307),   Geo_Scal_Loss: 0.505 (0.692),   Loss: 3.524 (3.087),   
2026/04/05 18:25:38 - mmengine - INFO - [EVAL] Iter   550/1232   FocalLoss: 0.007 (0.006),   LovaszLoss: 0.559 (0.453),   Sem_Scal_Loss: 3.256 (1.323),   Geo_Scal_Loss: 0.727 (0.693),   Loss: 5.237 (3.098),   
2026/04/05 18:26:03 - mmengine - INFO - [EVAL] Iter   600/1232   FocalLoss: 0.006 (0.006),   LovaszLoss: 0.340 (0.452),   Sem_Scal_Loss: 0.849 (1.335),   Geo_Scal_Loss: 0.797 (0.692),   Loss: 2.544 (3.107),   
2026/04/05 18:26:29 - mmengine - INFO - [EVAL] Iter   650/1232   FocalLoss: 0.007 (0.006),   LovaszLoss: 0.540 (0.453),   Sem_Scal_Loss: 1.377 (1.332),   Geo_Scal_Loss: 0.961 (0.694),   Loss: 3.534 (3.111),   
2026/04/05 18:26:55 - mmengine - INFO - [EVAL] Iter   700/1232   FocalLoss: 0.008 (0.006),   LovaszLoss: 0.439 (0.453),   Sem_Scal_Loss: 0.889 (1.322),   Geo_Scal_Loss: 0.664 (0.695),   Loss: 2.775 (3.102),   
2026/04/05 18:27:21 - mmengine - INFO - [EVAL] Iter   750/1232   FocalLoss: 0.004 (0.006),   LovaszLoss: 0.421 (0.451),   Sem_Scal_Loss: 1.401 (1.301),   Geo_Scal_Loss: 0.495 (0.692),   Loss: 2.739 (3.075),   
2026/04/05 18:27:46 - mmengine - INFO - [EVAL] Iter   800/1232   FocalLoss: 0.006 (0.006),   LovaszLoss: 0.472 (0.450),   Sem_Scal_Loss: 2.457 (1.295),   Geo_Scal_Loss: 0.552 (0.691),   Loss: 4.113 (3.069),   
2026/04/05 18:28:11 - mmengine - INFO - [EVAL] Iter   850/1232   FocalLoss: 0.011 (0.006),   LovaszLoss: 0.599 (0.450),   Sem_Scal_Loss: 2.021 (1.293),   Geo_Scal_Loss: 1.501 (0.693),   Loss: 5.180 (3.065),   
2026/04/05 18:28:36 - mmengine - INFO - [EVAL] Iter   900/1232   FocalLoss: 0.009 (0.006),   LovaszLoss: 0.473 (0.451),   Sem_Scal_Loss: 1.177 (1.298),   Geo_Scal_Loss: 0.676 (0.698),   Loss: 3.275 (3.085),   
2026/04/05 18:29:02 - mmengine - INFO - [EVAL] Iter   950/1232   FocalLoss: 0.007 (0.006),   LovaszLoss: 0.420 (0.452),   Sem_Scal_Loss: 0.995 (1.295),   Geo_Scal_Loss: 0.798 (0.700),   Loss: 2.889 (3.089),   
2026/04/05 18:29:28 - mmengine - INFO - [EVAL] Iter  1000/1232   FocalLoss: 0.009 (0.006),   LovaszLoss: 0.585 (0.452),   Sem_Scal_Loss: 2.115 (1.301),   Geo_Scal_Loss: 1.155 (0.702),   Loss: 4.710 (3.099),   
2026/04/05 18:29:53 - mmengine - INFO - [EVAL] Iter  1050/1232   FocalLoss: 0.004 (0.006),   LovaszLoss: 0.465 (0.454),   Sem_Scal_Loss: 1.166 (1.311),   Geo_Scal_Loss: 0.829 (0.706),   Loss: 2.820 (3.116),   
2026/04/05 18:30:18 - mmengine - INFO - [EVAL] Iter  1100/1232   FocalLoss: 0.006 (0.006),   LovaszLoss: 0.399 (0.454),   Sem_Scal_Loss: 0.819 (1.316),   Geo_Scal_Loss: 0.444 (0.704),   Loss: 2.230 (3.123),   
2026/04/05 18:30:43 - mmengine - INFO - [EVAL] Iter  1150/1232   FocalLoss: 0.004 (0.007),   LovaszLoss: 0.529 (0.455),   Sem_Scal_Loss: 2.691 (1.319),   Geo_Scal_Loss: 0.649 (0.706),   Loss: 4.263 (3.135),   
2026/04/05 18:31:08 - mmengine - INFO - [EVAL] Iter  1200/1232   FocalLoss: 0.006 (0.007),   LovaszLoss: 0.379 (0.455),   Sem_Scal_Loss: 0.935 (1.329),   Geo_Scal_Loss: 0.614 (0.707),   Loss: 2.529 (3.146),   
2026/04/05 18:31:39 - mmengine - INFO - Current val iou of sem_cls is [ 0.968  0.391  0.576  0.431  0.344  0.456  0.592  0.635  0.473  0.350
  0.561  0.422]
2026/04/05 18:31:39 - mmengine - INFO - Current val iou of sem is 0.4755493100415391
2026/04/05 18:31:39 - mmengine - INFO - Current val iou of geo is 0.5940543792687842
2026/04/05 18:31:57 - mmengine - INFO - [TRAIN] Epoch 4 Iter     0/2851   FocalLoss: 0.007 (0.007),   LovaszLoss: 0.499 (0.499),   Sem_Scal_Loss: 1.595 (1.595),   Geo_Scal_Loss: 0.627 (0.627),   Loss: 3.384 (3.384),   GradNorm: 13.241,   lr: 0.0000320,   time: 7.947 (4.450)
2026/04/05 18:33:58 - mmengine - INFO - [TRAIN] Epoch 4 Iter    50/2851   FocalLoss: 0.005 (0.006),   LovaszLoss: 0.419 (0.467),   Sem_Scal_Loss: 0.856 (1.383),   Geo_Scal_Loss: 0.715 (0.697),   Loss: 2.482 (3.120),   GradNorm: 6.272,   lr: 0.0000319,   time: 2.494 (0.575)
2026/04/05 18:36:01 - mmengine - INFO - [TRAIN] Epoch 4 Iter   100/2851   FocalLoss: 0.005 (0.005),   LovaszLoss: 0.414 (0.444),   Sem_Scal_Loss: 1.219 (1.143),   Geo_Scal_Loss: 0.420 (0.659),   Loss: 2.505 (2.784),   GradNorm: 6.489,   lr: 0.0000318,   time: 2.465 (0.478)
2026/04/05 18:38:03 - mmengine - INFO - [TRAIN] Epoch 4 Iter   150/2851   FocalLoss: 0.005 (0.005),   LovaszLoss: 0.339 (0.454),   Sem_Scal_Loss: 0.618 (1.296),   Geo_Scal_Loss: 0.474 (0.701),   Loss: 1.956 (2.978),   GradNorm: 9.169,   lr: 0.0000317,   time: 2.339 (0.471)
2026/04/05 18:40:04 - mmengine - INFO - [TRAIN] Epoch 4 Iter   200/2851   FocalLoss: 0.004 (0.005),   LovaszLoss: 0.323 (0.455),   Sem_Scal_Loss: 0.606 (1.137),   Geo_Scal_Loss: 0.490 (0.671),   Loss: 1.809 (2.805),   GradNorm: 5.975,   lr: 0.0000316,   time: 2.515 (0.488)
2026/04/05 18:42:04 - mmengine - INFO - [TRAIN] Epoch 4 Iter   250/2851   FocalLoss: 0.005 (0.005),   LovaszLoss: 0.393 (0.442),   Sem_Scal_Loss: 0.778 (1.169),   Geo_Scal_Loss: 0.825 (0.652),   Loss: 2.521 (2.787),   GradNorm: 6.181,   lr: 0.0000315,   time: 2.381 (0.526)
2026/04/05 18:44:04 - mmengine - INFO - [TRAIN] Epoch 4 Iter   300/2851   FocalLoss: 0.005 (0.005),   LovaszLoss: 0.405 (0.436),   Sem_Scal_Loss: 0.845 (1.078),   Geo_Scal_Loss: 0.534 (0.636),   Loss: 2.238 (2.669),   GradNorm: 8.462,   lr: 0.0000314,   time: 2.434 (0.468)
2026/04/05 18:46:03 - mmengine - INFO - [TRAIN] Epoch 4 Iter   350/2851   FocalLoss: 0.007 (0.006),   LovaszLoss: 0.497 (0.464),   Sem_Scal_Loss: 1.238 (1.268),   Geo_Scal_Loss: 0.838 (0.675),   Loss: 3.290 (2.957),   GradNorm: 5.064,   lr: 0.0000313,   time: 2.352 (0.547)
2026/04/05 18:48:03 - mmengine - INFO - [TRAIN] Epoch 4 Iter   400/2851   FocalLoss: 0.004 (0.006),   LovaszLoss: 0.441 (0.464),   Sem_Scal_Loss: 1.011 (1.275),   Geo_Scal_Loss: 0.563 (0.688),   Loss: 2.455 (2.978),   GradNorm: 12.383,   lr: 0.0000313,   time: 2.476 (0.564)
2026/04/05 18:50:05 - mmengine - INFO - [TRAIN] Epoch 4 Iter   450/2851   FocalLoss: 0.006 (0.005),   LovaszLoss: 0.485 (0.454),   Sem_Scal_Loss: 1.591 (1.143),   Geo_Scal_Loss: 0.643 (0.676),   Loss: 3.314 (2.790),   GradNorm: 8.282,   lr: 0.0000312,   time: 2.431 (0.620)
2026/04/05 18:52:05 - mmengine - INFO - [TRAIN] Epoch 4 Iter   500/2851   FocalLoss: 0.005 (0.005),   LovaszLoss: 0.418 (0.461),   Sem_Scal_Loss: 0.948 (1.236),   Geo_Scal_Loss: 0.562 (0.664),   Loss: 2.417 (2.887),   GradNorm: 6.545,   lr: 0.0000311,   time: 2.319 (0.487)
2026/04/05 18:54:04 - mmengine - INFO - [TRAIN] Epoch 4 Iter   550/2851   FocalLoss: 0.005 (0.005),   LovaszLoss: 0.448 (0.447),   Sem_Scal_Loss: 1.343 (1.075),   Geo_Scal_Loss: 0.625 (0.655),   Loss: 2.871 (2.692),   GradNorm: 8.225,   lr: 0.0000310,   time: 2.282 (0.463)
2026/04/05 18:56:03 - mmengine - INFO - [TRAIN] Epoch 4 Iter   600/2851   FocalLoss: 0.005 (0.005),   LovaszLoss: 0.417 (0.464),   Sem_Scal_Loss: 0.833 (1.301),   Geo_Scal_Loss: 0.603 (0.682),   Loss: 2.374 (2.997),   GradNorm: 6.173,   lr: 0.0000309,   time: 2.372 (0.545)
2026/04/05 18:58:02 - mmengine - INFO - [TRAIN] Epoch 4 Iter   650/2851   FocalLoss: 0.005 (0.006),   LovaszLoss: 0.425 (0.458),   Sem_Scal_Loss: 0.899 (1.196),   Geo_Scal_Loss: 0.539 (0.671),   Loss: 2.339 (2.876),   GradNorm: 3.695,   lr: 0.0000308,   time: 2.443 (0.508)
2026/04/05 19:00:01 - mmengine - INFO - [TRAIN] Epoch 4 Iter   700/2851   FocalLoss: 0.011 (0.005),   LovaszLoss: 0.590 (0.453),   Sem_Scal_Loss: 2.629 (1.152),   Geo_Scal_Loss: 0.931 (0.632),   Loss: 5.238 (2.763),   GradNorm: 8.797,   lr: 0.0000307,   time: 2.349 (0.512)
2026/04/05 19:02:00 - mmengine - INFO - [TRAIN] Epoch 4 Iter   750/2851   FocalLoss: 0.006 (0.005),   LovaszLoss: 0.459 (0.443),   Sem_Scal_Loss: 1.029 (1.078),   Geo_Scal_Loss: 0.887 (0.637),   Loss: 2.981 (2.707),   GradNorm: 3.772,   lr: 0.0000306,   time: 2.512 (0.496)
2026/04/05 19:03:59 - mmengine - INFO - [TRAIN] Epoch 4 Iter   800/2851   FocalLoss: 0.006 (0.005),   LovaszLoss: 0.529 (0.447),   Sem_Scal_Loss: 1.340 (1.148),   Geo_Scal_Loss: 0.690 (0.629),   Loss: 3.130 (2.732),   GradNorm: 7.640,   lr: 0.0000305,   time: 2.375 (0.517)
2026/04/05 19:06:02 - mmengine - INFO - [TRAIN] Epoch 4 Iter   850/2851   FocalLoss: 0.006 (0.005),   LovaszLoss: 0.453 (0.441),   Sem_Scal_Loss: 3.294 (1.118),   Geo_Scal_Loss: 0.625 (0.640),   Loss: 4.988 (2.731),   GradNorm: 11.893,   lr: 0.0000304,   time: 2.470 (0.483)
2026/04/05 19:08:00 - mmengine - INFO - [TRAIN] Epoch 4 Iter   900/2851   FocalLoss: 0.007 (0.005),   LovaszLoss: 0.492 (0.450),   Sem_Scal_Loss: 1.113 (1.133),   Geo_Scal_Loss: 0.995 (0.689),   Loss: 3.347 (2.814),   GradNorm: 5.790,   lr: 0.0000303,   time: 2.470 (0.599)
2026/04/05 19:10:00 - mmengine - INFO - [TRAIN] Epoch 4 Iter   950/2851   FocalLoss: 0.006 (0.005),   LovaszLoss: 0.640 (0.456),   Sem_Scal_Loss: 2.249 (1.259),   Geo_Scal_Loss: 0.852 (0.662),   Loss: 4.309 (2.907),   GradNorm: 11.793,   lr: 0.0000303,   time: 2.477 (0.541)
2026/04/05 19:11:59 - mmengine - INFO - [TRAIN] Epoch 4 Iter  1000/2851   FocalLoss: 0.005 (0.005),   LovaszLoss: 0.510 (0.461),   Sem_Scal_Loss: 1.479 (1.229),   Geo_Scal_Loss: 0.581 (0.671),   Loss: 3.075 (2.880),   GradNorm: 4.882,   lr: 0.0000302,   time: 2.357 (0.505)
2026/04/05 19:13:59 - mmengine - INFO - [TRAIN] Epoch 4 Iter  1050/2851   FocalLoss: 0.004 (0.005),   LovaszLoss: 0.486 (0.446),   Sem_Scal_Loss: 1.104 (1.146),   Geo_Scal_Loss: 0.625 (0.673),   Loss: 2.659 (2.754),   GradNorm: 7.433,   lr: 0.0000301,   time: 2.344 (0.515)
2026/04/05 19:15:58 - mmengine - INFO - [TRAIN] Epoch 4 Iter  1100/2851   FocalLoss: 0.004 (0.005),   LovaszLoss: 0.466 (0.441),   Sem_Scal_Loss: 1.772 (1.202),   Geo_Scal_Loss: 0.484 (0.605),   Loss: 3.109 (2.761),   GradNorm: 7.619,   lr: 0.0000300,   time: 2.418 (0.481)
2026/04/05 19:17:58 - mmengine - INFO - [TRAIN] Epoch 4 Iter  1150/2851   FocalLoss: 0.006 (0.006),   LovaszLoss: 0.500 (0.439),   Sem_Scal_Loss: 1.343 (1.025),   Geo_Scal_Loss: 0.902 (0.651),   Loss: 3.384 (2.671),   GradNorm: 4.505,   lr: 0.0000299,   time: 2.362 (0.528)
2026/04/05 19:19:57 - mmengine - INFO - [TRAIN] Epoch 4 Iter  1200/2851   FocalLoss: 0.004 (0.006),   LovaszLoss: 0.462 (0.456),   Sem_Scal_Loss: 0.981 (1.150),   Geo_Scal_Loss: 0.680 (0.644),   Loss: 2.543 (2.803),   GradNorm: 4.814,   lr: 0.0000298,   time: 2.323 (0.500)
2026/04/05 19:21:56 - mmengine - INFO - [TRAIN] Epoch 4 Iter  1250/2851   FocalLoss: 0.004 (0.005),   LovaszLoss: 0.432 (0.437),   Sem_Scal_Loss: 0.895 (1.046),   Geo_Scal_Loss: 0.532 (0.631),   Loss: 2.242 (2.660),   GradNorm: 6.710,   lr: 0.0000297,   time: 2.390 (0.529)
2026/04/05 19:23:57 - mmengine - INFO - [TRAIN] Epoch 4 Iter  1300/2851   FocalLoss: 0.005 (0.005),   LovaszLoss: 0.394 (0.451),   Sem_Scal_Loss: 0.787 (1.210),   Geo_Scal_Loss: 0.632 (0.618),   Loss: 2.282 (2.799),   GradNorm: 8.719,   lr: 0.0000296,   time: 2.498 (0.485)
2026/04/05 19:25:58 - mmengine - INFO - [TRAIN] Epoch 4 Iter  1350/2851   FocalLoss: 0.005 (0.005),   LovaszLoss: 0.510 (0.457),   Sem_Scal_Loss: 1.151 (1.143),   Geo_Scal_Loss: 0.692 (0.673),   Loss: 2.901 (2.817),   GradNorm: 3.560,   lr: 0.0000295,   time: 2.441 (0.688)
2026/04/05 19:27:59 - mmengine - INFO - [TRAIN] Epoch 4 Iter  1400/2851   FocalLoss: 0.005 (0.005),   LovaszLoss: 0.454 (0.445),   Sem_Scal_Loss: 1.048 (1.042),   Geo_Scal_Loss: 0.602 (0.623),   Loss: 2.565 (2.628),   GradNorm: 6.491,   lr: 0.0000294,   time: 2.326 (0.519)
2026/04/05 19:29:59 - mmengine - INFO - [TRAIN] Epoch 4 Iter  1450/2851   FocalLoss: 0.005 (0.006),   LovaszLoss: 0.488 (0.456),   Sem_Scal_Loss: 1.587 (1.131),   Geo_Scal_Loss: 0.589 (0.676),   Loss: 3.141 (2.816),   GradNorm: 4.832,   lr: 0.0000293,   time: 2.337 (0.496)
2026/04/05 19:32:00 - mmengine - INFO - [TRAIN] Epoch 4 Iter  1500/2851   FocalLoss: 0.004 (0.005),   LovaszLoss: 0.351 (0.451),   Sem_Scal_Loss: 0.645 (1.184),   Geo_Scal_Loss: 0.448 (0.614),   Loss: 1.873 (2.775),   GradNorm: 7.593,   lr: 0.0000292,   time: 2.381 (0.486)
2026/04/05 19:33:59 - mmengine - INFO - [TRAIN] Epoch 4 Iter  1550/2851   FocalLoss: 0.004 (0.005),   LovaszLoss: 0.403 (0.441),   Sem_Scal_Loss: 0.830 (1.045),   Geo_Scal_Loss: 0.559 (0.607),   Loss: 2.174 (2.614),   GradNorm: 4.011,   lr: 0.0000291,   time: 2.485 (0.653)
2026/04/05 19:35:58 - mmengine - INFO - [TRAIN] Epoch 4 Iter  1600/2851   FocalLoss: 0.004 (0.005),   LovaszLoss: 0.461 (0.450),   Sem_Scal_Loss: 1.060 (1.124),   Geo_Scal_Loss: 0.654 (0.653),   Loss: 2.560 (2.760),   GradNorm: 10.754,   lr: 0.0000290,   time: 2.348 (0.588)
2026/04/05 19:37:58 - mmengine - INFO - [TRAIN] Epoch 4 Iter  1650/2851   FocalLoss: 0.004 (0.005),   LovaszLoss: 0.543 (0.450),   Sem_Scal_Loss: 1.333 (1.165),   Geo_Scal_Loss: 0.950 (0.630),   Loss: 3.221 (2.787),   GradNorm: 4.443,   lr: 0.0000289,   time: 2.415 (0.600)
2026/04/05 19:39:57 - mmengine - INFO - [TRAIN] Epoch 4 Iter  1700/2851   FocalLoss: 0.004 (0.005),   LovaszLoss: 0.381 (0.450),   Sem_Scal_Loss: 0.737 (1.267),   Geo_Scal_Loss: 0.541 (0.672),   Loss: 2.022 (2.921),   GradNorm: 5.842,   lr: 0.0000288,   time: 2.401 (0.506)
2026/04/05 19:41:56 - mmengine - INFO - [TRAIN] Epoch 4 Iter  1750/2851   FocalLoss: 0.007 (0.005),   LovaszLoss: 0.428 (0.437),   Sem_Scal_Loss: 0.961 (1.125),   Geo_Scal_Loss: 0.786 (0.646),   Loss: 2.878 (2.710),   GradNorm: 5.820,   lr: 0.0000287,   time: 2.396 (0.509)
2026/04/05 19:43:56 - mmengine - INFO - [TRAIN] Epoch 4 Iter  1800/2851   FocalLoss: 0.007 (0.005),   LovaszLoss: 0.476 (0.434),   Sem_Scal_Loss: 1.053 (1.094),   Geo_Scal_Loss: 0.807 (0.603),   Loss: 2.990 (2.636),   GradNorm: 5.618,   lr: 0.0000286,   time: 2.526 (0.534)
2026/04/05 19:45:55 - mmengine - INFO - [TRAIN] Epoch 4 Iter  1850/2851   FocalLoss: 0.003 (0.005),   LovaszLoss: 0.383 (0.454),   Sem_Scal_Loss: 0.867 (1.229),   Geo_Scal_Loss: 0.476 (0.665),   Loss: 2.027 (2.872),   GradNorm: 8.919,   lr: 0.0000285,   time: 2.427 (0.611)
2026/04/05 19:47:54 - mmengine - INFO - [TRAIN] Epoch 4 Iter  1900/2851   FocalLoss: 0.010 (0.005),   LovaszLoss: 0.526 (0.443),   Sem_Scal_Loss: 1.263 (1.166),   Geo_Scal_Loss: 0.816 (0.652),   Loss: 3.569 (2.764),   GradNorm: 7.937,   lr: 0.0000284,   time: 2.406 (0.535)
2026/04/05 19:49:54 - mmengine - INFO - [TRAIN] Epoch 4 Iter  1950/2851   FocalLoss: 0.004 (0.006),   LovaszLoss: 0.472 (0.447),   Sem_Scal_Loss: 1.179 (1.101),   Geo_Scal_Loss: 0.599 (0.679),   Loss: 2.630 (2.782),   GradNorm: 4.268,   lr: 0.0000283,   time: 2.348 (0.506)
2026/04/05 19:51:52 - mmengine - INFO - [TRAIN] Epoch 4 Iter  2000/2851   FocalLoss: 0.004 (0.005),   LovaszLoss: 0.402 (0.455),   Sem_Scal_Loss: 0.747 (1.167),   Geo_Scal_Loss: 0.645 (0.675),   Loss: 2.174 (2.825),   GradNorm: 4.026,   lr: 0.0000282,   time: 2.429 (0.542)
2026/04/05 19:53:52 - mmengine - INFO - [TRAIN] Epoch 4 Iter  2050/2851   FocalLoss: 0.004 (0.005),   LovaszLoss: 0.444 (0.450),   Sem_Scal_Loss: 1.337 (1.162),   Geo_Scal_Loss: 0.537 (0.664),   Loss: 2.715 (2.798),   GradNorm: 8.653,   lr: 0.0000281,   time: 2.339 (0.492)
2026/04/05 19:55:51 - mmengine - INFO - [TRAIN] Epoch 4 Iter  2100/2851   FocalLoss: 0.006 (0.005),   LovaszLoss: 0.522 (0.445),   Sem_Scal_Loss: 1.802 (1.134),   Geo_Scal_Loss: 0.934 (0.653),   Loss: 3.904 (2.736),   GradNorm: 8.789,   lr: 0.0000280,   time: 2.432 (0.495)
2026/04/05 19:57:50 - mmengine - INFO - [TRAIN] Epoch 4 Iter  2150/2851   FocalLoss: 0.006 (0.005),   LovaszLoss: 0.419 (0.442),   Sem_Scal_Loss: 1.820 (1.246),   Geo_Scal_Loss: 0.535 (0.648),   Loss: 3.337 (2.878),   GradNorm: 7.660,   lr: 0.0000279,   time: 2.375 (0.521)
2026/04/05 19:59:53 - mmengine - INFO - [TRAIN] Epoch 4 Iter  2200/2851   FocalLoss: 0.010 (0.005),   LovaszLoss: 0.565 (0.432),   Sem_Scal_Loss: 2.104 (1.123),   Geo_Scal_Loss: 1.056 (0.633),   Loss: 4.675 (2.697),   GradNorm: 8.108,   lr: 0.0000278,   time: 2.481 (0.620)
2026/04/05 20:01:55 - mmengine - INFO - [TRAIN] Epoch 4 Iter  2250/2851   FocalLoss: 0.005 (0.006),   LovaszLoss: 0.479 (0.449),   Sem_Scal_Loss: 1.161 (1.249),   Geo_Scal_Loss: 0.591 (0.655),   Loss: 2.695 (2.905),   GradNorm: 5.368,   lr: 0.0000277,   time: 2.349 (0.537)
2026/04/05 20:03:58 - mmengine - INFO - [TRAIN] Epoch 4 Iter  2300/2851   FocalLoss: 0.007 (0.005),   LovaszLoss: 0.491 (0.449),   Sem_Scal_Loss: 1.215 (1.176),   Geo_Scal_Loss: 0.924 (0.648),   Loss: 3.306 (2.774),   GradNorm: 6.292,   lr: 0.0000276,   time: 2.562 (0.702)
2026/04/05 20:06:03 - mmengine - INFO - [TRAIN] Epoch 4 Iter  2350/2851   FocalLoss: 0.003 (0.005),   LovaszLoss: 0.399 (0.448),   Sem_Scal_Loss: 0.800 (1.156),   Geo_Scal_Loss: 0.537 (0.615),   Loss: 2.032 (2.730),   GradNorm: 7.681,   lr: 0.0000275,   time: 2.421 (0.520)
2026/04/05 20:08:05 - mmengine - INFO - [TRAIN] Epoch 4 Iter  2400/2851   FocalLoss: 0.003 (0.005),   LovaszLoss: 0.364 (0.457),   Sem_Scal_Loss: 0.692 (1.172),   Geo_Scal_Loss: 0.562 (0.662),   Loss: 1.945 (2.838),   GradNorm: 8.038,   lr: 0.0000274,   time: 2.369 (0.522)
2026/04/05 20:10:04 - mmengine - INFO - [TRAIN] Epoch 4 Iter  2450/2851   FocalLoss: 0.006 (0.005),   LovaszLoss: 0.558 (0.444),   Sem_Scal_Loss: 1.545 (1.087),   Geo_Scal_Loss: 0.973 (0.643),   Loss: 3.720 (2.679),   GradNorm: 6.648,   lr: 0.0000273,   time: 2.544 (0.559)
2026/04/05 20:12:05 - mmengine - INFO - [TRAIN] Epoch 4 Iter  2500/2851   FocalLoss: 0.004 (0.005),   LovaszLoss: 0.337 (0.434),   Sem_Scal_Loss: 0.620 (1.092),   Geo_Scal_Loss: 0.588 (0.630),   Loss: 1.970 (2.666),   GradNorm: 4.052,   lr: 0.0000272,   time: 2.394 (0.559)
2026/04/05 20:14:05 - mmengine - INFO - [TRAIN] Epoch 4 Iter  2550/2851   FocalLoss: 0.004 (0.005),   LovaszLoss: 0.373 (0.446),   Sem_Scal_Loss: 0.705 (1.255),   Geo_Scal_Loss: 0.607 (0.659),   Loss: 2.046 (2.883),   GradNorm: 3.936,   lr: 0.0000271,   time: 2.428 (0.529)
2026/04/05 20:16:06 - mmengine - INFO - [TRAIN] Epoch 4 Iter  2600/2851   FocalLoss: 0.010 (0.005),   LovaszLoss: 0.507 (0.449),   Sem_Scal_Loss: 1.341 (1.069),   Geo_Scal_Loss: 0.940 (0.648),   Loss: 3.792 (2.695),   GradNorm: 5.612,   lr: 0.0000270,   time: 2.528 (0.654)
2026/04/05 20:18:05 - mmengine - INFO - [TRAIN] Epoch 4 Iter  2650/2851   FocalLoss: 0.005 (0.005),   LovaszLoss: 0.408 (0.451),   Sem_Scal_Loss: 1.799 (1.196),   Geo_Scal_Loss: 0.488 (0.663),   Loss: 3.234 (2.835),   GradNorm: 5.904,   lr: 0.0000269,   time: 2.343 (0.532)
2026/04/05 20:20:04 - mmengine - INFO - [TRAIN] Epoch 4 Iter  2700/2851   FocalLoss: 0.003 (0.005),   LovaszLoss: 0.461 (0.436),   Sem_Scal_Loss: 1.904 (1.068),   Geo_Scal_Loss: 0.649 (0.635),   Loss: 3.292 (2.662),   GradNorm: 9.600,   lr: 0.0000268,   time: 2.311 (0.505)
2026/04/05 20:22:03 - mmengine - INFO - [TRAIN] Epoch 4 Iter  2750/2851   FocalLoss: 0.005 (0.005),   LovaszLoss: 0.480 (0.436),   Sem_Scal_Loss: 1.404 (1.096),   Geo_Scal_Loss: 0.615 (0.634),   Loss: 3.045 (2.681),   GradNorm: 5.860,   lr: 0.0000267,   time: 2.327 (0.493)
2026/04/05 20:24:02 - mmengine - INFO - [TRAIN] Epoch 4 Iter  2800/2851   FocalLoss: 0.007 (0.005),   LovaszLoss: 0.474 (0.437),   Sem_Scal_Loss: 1.083 (1.107),   Geo_Scal_Loss: 0.773 (0.631),   Loss: 3.010 (2.655),   GradNorm: 6.934,   lr: 0.0000266,   time: 2.392 (0.639)
2026/04/05 20:26:00 - mmengine - INFO - [TRAIN] Epoch 4 Iter  2850/2851   FocalLoss: 0.007 (0.005),   LovaszLoss: 0.520 (0.440),   Sem_Scal_Loss: 1.294 (1.086),   Geo_Scal_Loss: 1.086 (0.623),   Loss: 3.622 (2.636),   GradNorm: 6.789,   lr: 0.0000265,   time: 1.671 (0.510)
2026/04/05 20:26:16 - mmengine - INFO - [EVAL] Iter     0/1232   FocalLoss: 0.013 (0.013),   LovaszLoss: 0.553 (0.553),   Sem_Scal_Loss: 3.047 (3.047),   Geo_Scal_Loss: 0.795 (0.795),   Loss: 5.669 (5.669),   
2026/04/05 20:26:42 - mmengine - INFO - [EVAL] Iter    50/1232   FocalLoss: 0.005 (0.007),   LovaszLoss: 0.473 (0.465),   Sem_Scal_Loss: 1.144 (1.439),   Geo_Scal_Loss: 0.665 (0.724),   Loss: 2.749 (3.293),   
2026/04/05 20:27:09 - mmengine - INFO - [EVAL] Iter   100/1232   FocalLoss: 0.005 (0.006),   LovaszLoss: 0.462 (0.450),   Sem_Scal_Loss: 0.998 (1.335),   Geo_Scal_Loss: 0.828 (0.677),   Loss: 2.810 (3.101),   
2026/04/05 20:27:35 - mmengine - INFO - [EVAL] Iter   150/1232   FocalLoss: 0.003 (0.006),   LovaszLoss: 0.447 (0.440),   Sem_Scal_Loss: 1.001 (1.251),   Geo_Scal_Loss: 0.702 (0.659),   Loss: 2.498 (2.956),   
2026/04/05 20:28:01 - mmengine - INFO - [EVAL] Iter   200/1232   FocalLoss: 0.004 (0.006),   LovaszLoss: 0.437 (0.447),   Sem_Scal_Loss: 1.030 (1.307),   Geo_Scal_Loss: 0.591 (0.674),   Loss: 2.494 (3.038),   
2026/04/05 20:28:27 - mmengine - INFO - [EVAL] Iter   250/1232   FocalLoss: 0.005 (0.006),   LovaszLoss: 0.441 (0.438),   Sem_Scal_Loss: 1.978 (1.245),   Geo_Scal_Loss: 0.454 (0.664),   Loss: 3.336 (2.934),   
2026/04/05 20:28:54 - mmengine - INFO - [EVAL] Iter   300/1232   FocalLoss: 0.005 (0.006),   LovaszLoss: 0.533 (0.437),   Sem_Scal_Loss: 1.319 (1.261),   Geo_Scal_Loss: 0.814 (0.663),   Loss: 3.207 (2.943),   
2026/04/05 20:29:20 - mmengine - INFO - [EVAL] Iter   350/1232   FocalLoss: 0.003 (0.006),   LovaszLoss: 0.303 (0.433),   Sem_Scal_Loss: 0.565 (1.245),   Geo_Scal_Loss: 0.434 (0.656),   Loss: 1.636 (2.906),   
2026/04/05 20:29:47 - mmengine - INFO - [EVAL] Iter   400/1232   FocalLoss: 0.006 (0.006),   LovaszLoss: 0.509 (0.436),   Sem_Scal_Loss: 1.217 (1.244),   Geo_Scal_Loss: 0.799 (0.657),   Loss: 3.097 (2.912),   
2026/04/05 20:30:13 - mmengine - INFO - [EVAL] Iter   450/1232   FocalLoss: 0.005 (0.006),   LovaszLoss: 0.429 (0.435),   Sem_Scal_Loss: 0.952 (1.230),   Geo_Scal_Loss: 0.709 (0.656),   Loss: 2.552 (2.898),   
2026/04/05 20:30:39 - mmengine - INFO - [EVAL] Iter   500/1232   FocalLoss: 0.010 (0.006),   LovaszLoss: 0.430 (0.435),   Sem_Scal_Loss: 0.941 (1.218),   Geo_Scal_Loss: 0.515 (0.652),   Loss: 2.896 (2.881),   
2026/04/05 20:31:05 - mmengine - INFO - [EVAL] Iter   550/1232   FocalLoss: 0.006 (0.006),   LovaszLoss: 0.508 (0.436),   Sem_Scal_Loss: 2.350 (1.236),   Geo_Scal_Loss: 0.623 (0.653),   Loss: 4.118 (2.896),   
2026/04/05 20:31:32 - mmengine - INFO - [EVAL] Iter   600/1232   FocalLoss: 0.003 (0.006),   LovaszLoss: 0.255 (0.435),   Sem_Scal_Loss: 0.565 (1.235),   Geo_Scal_Loss: 0.534 (0.651),   Loss: 1.699 (2.888),   
2026/04/05 20:31:58 - mmengine - INFO - [EVAL] Iter   650/1232   FocalLoss: 0.006 (0.006),   LovaszLoss: 0.513 (0.436),   Sem_Scal_Loss: 1.257 (1.232),   Geo_Scal_Loss: 0.890 (0.654),   Loss: 3.230 (2.893),   
2026/04/05 20:32:23 - mmengine - INFO - [EVAL] Iter   700/1232   FocalLoss: 0.007 (0.006),   LovaszLoss: 0.429 (0.436),   Sem_Scal_Loss: 0.871 (1.226),   Geo_Scal_Loss: 0.664 (0.654),   Loss: 2.703 (2.888),   
2026/04/05 20:32:50 - mmengine - INFO - [EVAL] Iter   750/1232   FocalLoss: 0.004 (0.006),   LovaszLoss: 0.389 (0.434),   Sem_Scal_Loss: 1.056 (1.208),   Geo_Scal_Loss: 0.495 (0.651),   Loss: 2.354 (2.864),   
2026/04/05 20:33:15 - mmengine - INFO - [EVAL] Iter   800/1232   FocalLoss: 0.006 (0.006),   LovaszLoss: 0.459 (0.433),   Sem_Scal_Loss: 2.120 (1.204),   Geo_Scal_Loss: 0.507 (0.650),   Loss: 3.653 (2.861),   
2026/04/05 20:33:41 - mmengine - INFO - [EVAL] Iter   850/1232   FocalLoss: 0.010 (0.006),   LovaszLoss: 0.580 (0.433),   Sem_Scal_Loss: 1.881 (1.202),   Geo_Scal_Loss: 1.363 (0.652),   Loss: 4.815 (2.858),   
2026/04/05 20:34:07 - mmengine - INFO - [EVAL] Iter   900/1232   FocalLoss: 0.009 (0.006),   LovaszLoss: 0.441 (0.435),   Sem_Scal_Loss: 1.003 (1.207),   Geo_Scal_Loss: 0.650 (0.657),   Loss: 2.966 (2.877),   
2026/04/05 20:34:33 - mmengine - INFO - [EVAL] Iter   950/1232   FocalLoss: 0.007 (0.006),   LovaszLoss: 0.476 (0.435),   Sem_Scal_Loss: 1.261 (1.204),   Geo_Scal_Loss: 0.788 (0.659),   Loss: 3.222 (2.879),   
2026/04/05 20:34:59 - mmengine - INFO - [EVAL] Iter  1000/1232   FocalLoss: 0.007 (0.006),   LovaszLoss: 0.570 (0.436),   Sem_Scal_Loss: 1.939 (1.211),   Geo_Scal_Loss: 1.096 (0.661),   Loss: 4.297 (2.891),   
2026/04/05 20:35:24 - mmengine - INFO - [EVAL] Iter  1050/1232   FocalLoss: 0.004 (0.006),   LovaszLoss: 0.436 (0.437),   Sem_Scal_Loss: 1.066 (1.220),   Geo_Scal_Loss: 0.821 (0.664),   Loss: 2.686 (2.905),   
2026/04/05 20:35:50 - mmengine - INFO - [EVAL] Iter  1100/1232   FocalLoss: 0.006 (0.006),   LovaszLoss: 0.398 (0.437),   Sem_Scal_Loss: 0.850 (1.223),   Geo_Scal_Loss: 0.412 (0.662),   Loss: 2.220 (2.909),   
2026/04/05 20:36:16 - mmengine - INFO - [EVAL] Iter  1150/1232   FocalLoss: 0.004 (0.006),   LovaszLoss: 0.517 (0.438),   Sem_Scal_Loss: 1.803 (1.227),   Geo_Scal_Loss: 0.641 (0.665),   Loss: 3.348 (2.923),   
2026/04/05 20:36:42 - mmengine - INFO - [EVAL] Iter  1200/1232   FocalLoss: 0.007 (0.006),   LovaszLoss: 0.373 (0.439),   Sem_Scal_Loss: 0.798 (1.235),   Geo_Scal_Loss: 0.653 (0.665),   Loss: 2.493 (2.931),   
2026/04/05 20:37:12 - mmengine - INFO - Current val iou of sem_cls is [ 0.970  0.453  0.597  0.450  0.373  0.471  0.602  0.652  0.493  0.313
  0.581  0.440]
2026/04/05 20:37:12 - mmengine - INFO - Current val iou of sem is 0.49318701668308584
2026/04/05 20:37:12 - mmengine - INFO - Current val iou of geo is 0.609716065555316
2026/04/05 20:37:30 - mmengine - INFO - [TRAIN] Epoch 5 Iter     0/2851   FocalLoss: 0.004 (0.004),   LovaszLoss: 0.385 (0.385),   Sem_Scal_Loss: 0.736 (0.736),   Geo_Scal_Loss: 0.479 (0.479),   Loss: 2.007 (2.007),   GradNorm: 3.455,   lr: 0.0000265,   time: 7.378 (4.099)
2026/04/05 20:39:29 - mmengine - INFO - [TRAIN] Epoch 5 Iter    50/2851   FocalLoss: 0.004 (0.005),   LovaszLoss: 0.428 (0.430),   Sem_Scal_Loss: 0.999 (1.021),   Geo_Scal_Loss: 0.534 (0.612),   Loss: 2.402 (2.579),   GradNorm: 3.608,   lr: 0.0000264,   time: 2.413 (0.490)
2026/04/05 20:41:29 - mmengine - INFO - [TRAIN] Epoch 5 Iter   100/2851   FocalLoss: 0.005 (0.005),   LovaszLoss: 0.247 (0.438),   Sem_Scal_Loss: 0.398 (1.134),   Geo_Scal_Loss: 0.375 (0.633),   Loss: 1.526 (2.736),   GradNorm: 12.727,   lr: 0.0000263,   time: 2.327 (0.521)
2026/04/05 20:43:29 - mmengine - INFO - [TRAIN] Epoch 5 Iter   150/2851   FocalLoss: 0.003 (0.005),   LovaszLoss: 0.365 (0.421),   Sem_Scal_Loss: 1.704 (0.999),   Geo_Scal_Loss: 0.413 (0.617),   Loss: 2.805 (2.554),   GradNorm: 18.618,   lr: 0.0000262,   time: 2.576 (0.693)
2026/04/05 20:45:28 - mmengine - INFO - [TRAIN] Epoch 5 Iter   200/2851   FocalLoss: 0.004 (0.005),   LovaszLoss: 0.475 (0.451),   Sem_Scal_Loss: 1.389 (1.168),   Geo_Scal_Loss: 0.451 (0.648),   Loss: 2.745 (2.799),   GradNorm: 8.500,   lr: 0.0000261,   time: 2.475 (0.600)
2026/04/05 20:47:28 - mmengine - INFO - [TRAIN] Epoch 5 Iter   250/2851   FocalLoss: 0.005 (0.005),   LovaszLoss: 0.465 (0.424),   Sem_Scal_Loss: 0.952 (0.971),   Geo_Scal_Loss: 0.743 (0.585),   Loss: 2.629 (2.455),   GradNorm: 5.545,   lr: 0.0000260,   time: 2.388 (0.500)
2026/04/05 20:49:28 - mmengine - INFO - [TRAIN] Epoch 5 Iter   300/2851   FocalLoss: 0.003 (0.005),   LovaszLoss: 0.356 (0.441),   Sem_Scal_Loss: 0.751 (1.121),   Geo_Scal_Loss: 0.525 (0.609),   Loss: 1.922 (2.688),   GradNorm: 4.448,   lr: 0.0000259,   time: 2.321 (0.489)
2026/04/05 20:51:27 - mmengine - INFO - [TRAIN] Epoch 5 Iter   350/2851   FocalLoss: 0.004 (0.005),   LovaszLoss: 0.408 (0.428),   Sem_Scal_Loss: 0.995 (1.028),   Geo_Scal_Loss: 0.385 (0.568),   Loss: 2.155 (2.497),   GradNorm: 5.652,   lr: 0.0000258,   time: 2.425 (0.515)
2026/04/05 20:53:27 - mmengine - INFO - [TRAIN] Epoch 5 Iter   400/2851   FocalLoss: 0.005 (0.005),   LovaszLoss: 0.518 (0.439),   Sem_Scal_Loss: 1.256 (1.060),   Geo_Scal_Loss: 1.202 (0.642),   Loss: 3.511 (2.657),   GradNorm: 8.809,   lr: 0.0000257,   time: 2.415 (0.536)
2026/04/05 20:55:26 - mmengine - INFO - [TRAIN] Epoch 5 Iter   450/2851   FocalLoss: 0.006 (0.005),   LovaszLoss: 0.390 (0.418),   Sem_Scal_Loss: 0.731 (0.982),   Geo_Scal_Loss: 0.583 (0.584),   Loss: 2.255 (2.472),   GradNorm: 5.253,   lr: 0.0000256,   time: 2.451 (0.546)
2026/04/05 20:57:25 - mmengine - INFO - [TRAIN] Epoch 5 Iter   500/2851   FocalLoss: 0.006 (0.005),   LovaszLoss: 0.381 (0.432),   Sem_Scal_Loss: 0.727 (1.055),   Geo_Scal_Loss: 0.533 (0.614),   Loss: 2.211 (2.593),   GradNorm: 4.806,   lr: 0.0000255,   time: 2.397 (0.526)
2026/04/05 20:59:25 - mmengine - INFO - [TRAIN] Epoch 5 Iter   550/2851   FocalLoss: 0.004 (0.005),   LovaszLoss: 0.338 (0.422),   Sem_Scal_Loss: 0.615 (0.952),   Geo_Scal_Loss: 0.420 (0.603),   Loss: 1.794 (2.494),   GradNorm: 4.555,   lr: 0.0000254,   time: 2.485 (0.544)
2026/04/05 21:01:26 - mmengine - INFO - [TRAIN] Epoch 5 Iter   600/2851   FocalLoss: 0.003 (0.005),   LovaszLoss: 0.354 (0.425),   Sem_Scal_Loss: 0.803 (0.989),   Geo_Scal_Loss: 0.395 (0.610),   Loss: 1.820 (2.514),   GradNorm: 6.607,   lr: 0.0000253,   time: 2.343 (0.532)
2026/04/05 21:03:27 - mmengine - INFO - [TRAIN] Epoch 5 Iter   650/2851   FocalLoss: 0.007 (0.005),   LovaszLoss: 0.416 (0.444),   Sem_Scal_Loss: 0.884 (1.191),   Geo_Scal_Loss: 0.614 (0.604),   Loss: 2.658 (2.743),   GradNorm: 4.019,   lr: 0.0000252,   time: 2.401 (0.488)
2026/04/05 21:05:29 - mmengine - INFO - [TRAIN] Epoch 5 Iter   700/2851   FocalLoss: 0.003 (0.005),   LovaszLoss: 0.363 (0.433),   Sem_Scal_Loss: 0.715 (1.159),   Geo_Scal_Loss: 0.520 (0.593),   Loss: 1.906 (2.651),   GradNorm: 4.163,   lr: 0.0000251,   time: 2.419 (0.545)
2026/04/05 21:07:29 - mmengine - INFO - [TRAIN] Epoch 5 Iter   750/2851   FocalLoss: 0.006 (0.005),   LovaszLoss: 0.450 (0.413),   Sem_Scal_Loss: 0.972 (0.960),   Geo_Scal_Loss: 0.577 (0.561),   Loss: 2.558 (2.414),   GradNorm: 5.058,   lr: 0.0000250,   time: 2.560 (0.505)
2026/04/05 21:09:27 - mmengine - INFO - [TRAIN] Epoch 5 Iter   800/2851   FocalLoss: 0.004 (0.005),   LovaszLoss: 0.368 (0.434),   Sem_Scal_Loss: 0.678 (1.042),   Geo_Scal_Loss: 0.592 (0.635),   Loss: 2.084 (2.637),   GradNorm: 3.515,   lr: 0.0000249,   time: 2.403 (0.501)
2026/04/05 21:11:26 - mmengine - INFO - [TRAIN] Epoch 5 Iter   850/2851   FocalLoss: 0.006 (0.005),   LovaszLoss: 0.486 (0.440),   Sem_Scal_Loss: 1.107 (1.201),   Geo_Scal_Loss: 0.737 (0.629),   Loss: 2.979 (2.770),   GradNorm: 4.197,   lr: 0.0000248,   time: 2.415 (0.625)
2026/04/05 21:13:25 - mmengine - INFO - [TRAIN] Epoch 5 Iter   900/2851   FocalLoss: 0.005 (0.005),   LovaszLoss: 0.427 (0.430),   Sem_Scal_Loss: 0.833 (1.030),   Geo_Scal_Loss: 0.477 (0.603),   Loss: 2.248 (2.550),   GradNorm: 3.305,   lr: 0.0000247,   time: 2.398 (0.528)
2026/04/05 21:15:24 - mmengine - INFO - [TRAIN] Epoch 5 Iter   950/2851   FocalLoss: 0.005 (0.005),   LovaszLoss: 0.414 (0.429),   Sem_Scal_Loss: 0.840 (1.051),   Geo_Scal_Loss: 0.609 (0.625),   Loss: 2.339 (2.590),   GradNorm: 13.898,   lr: 0.0000246,   time: 2.345 (0.466)
2026/04/05 21:17:23 - mmengine - INFO - [TRAIN] Epoch 5 Iter  1000/2851   FocalLoss: 0.005 (0.005),   LovaszLoss: 0.469 (0.444),   Sem_Scal_Loss: 1.051 (1.117),   Geo_Scal_Loss: 0.868 (0.631),   Loss: 2.871 (2.693),   GradNorm: 6.736,   lr: 0.0000244,   time: 2.361 (0.504)
2026/04/05 21:19:23 - mmengine - INFO - [TRAIN] Epoch 5 Iter  1050/2851   FocalLoss: 0.005 (0.005),   LovaszLoss: 0.479 (0.426),   Sem_Scal_Loss: 1.028 (1.023),   Geo_Scal_Loss: 0.722 (0.626),   Loss: 2.717 (2.575),   GradNorm: 4.017,   lr: 0.0000243,   time: 2.285 (0.489)
2026/04/05 21:21:22 - mmengine - INFO - [TRAIN] Epoch 5 Iter  1100/2851   FocalLoss: 0.006 (0.005),   LovaszLoss: 0.539 (0.433),   Sem_Scal_Loss: 1.502 (1.118),   Geo_Scal_Loss: 0.719 (0.631),   Loss: 3.390 (2.687),   GradNorm: 9.999,   lr: 0.0000242,   time: 2.318 (0.470)
2026/04/05 21:23:21 - mmengine - INFO - [TRAIN] Epoch 5 Iter  1150/2851   FocalLoss: 0.005 (0.005),   LovaszLoss: 0.446 (0.433),   Sem_Scal_Loss: 0.969 (1.017),   Geo_Scal_Loss: 0.632 (0.615),   Loss: 2.501 (2.574),   GradNorm: 3.927,   lr: 0.0000241,   time: 2.433 (0.609)
2026/04/05 21:25:21 - mmengine - INFO - [TRAIN] Epoch 5 Iter  1200/2851   FocalLoss: 0.003 (0.005),   LovaszLoss: 0.441 (0.440),   Sem_Scal_Loss: 1.049 (1.087),   Geo_Scal_Loss: 0.968 (0.633),   Loss: 2.789 (2.686),   GradNorm: 4.285,   lr: 0.0000240,   time: 2.381 (0.522)
2026/04/05 21:27:20 - mmengine - INFO - [TRAIN] Epoch 5 Iter  1250/2851   FocalLoss: 0.013 (0.005),   LovaszLoss: 0.537 (0.429),   Sem_Scal_Loss: 1.492 (1.081),   Geo_Scal_Loss: 1.003 (0.620),   Loss: 4.324 (2.667),   GradNorm: 16.775,   lr: 0.0000239,   time: 2.328 (0.490)
2026/04/05 21:29:19 - mmengine - INFO - [TRAIN] Epoch 5 Iter  1300/2851   FocalLoss: 0.003 (0.005),   LovaszLoss: 0.473 (0.431),   Sem_Scal_Loss: 1.119 (1.096),   Geo_Scal_Loss: 0.659 (0.611),   Loss: 2.533 (2.615),   GradNorm: 5.550,   lr: 0.0000238,   time: 2.364 (0.485)
2026/04/05 21:31:18 - mmengine - INFO - [TRAIN] Epoch 5 Iter  1350/2851   FocalLoss: 0.005 (0.005),   LovaszLoss: 0.420 (0.427),   Sem_Scal_Loss: 0.905 (1.055),   Geo_Scal_Loss: 0.725 (0.584),   Loss: 2.552 (2.535),   GradNorm: 4.909,   lr: 0.0000237,   time: 2.319 (0.523)
2026/04/05 21:33:17 - mmengine - INFO - [TRAIN] Epoch 5 Iter  1400/2851   FocalLoss: 0.006 (0.005),   LovaszLoss: 0.433 (0.420),   Sem_Scal_Loss: 0.896 (1.060),   Geo_Scal_Loss: 0.634 (0.580),   Loss: 2.572 (2.562),   GradNorm: 5.694,   lr: 0.0000236,   time: 2.311 (0.493)
2026/04/05 21:35:17 - mmengine - INFO - [TRAIN] Epoch 5 Iter  1450/2851   FocalLoss: 0.006 (0.005),   LovaszLoss: 0.423 (0.430),   Sem_Scal_Loss: 0.872 (1.118),   Geo_Scal_Loss: 0.579 (0.609),   Loss: 2.517 (2.669),   GradNorm: 4.418,   lr: 0.0000235,   time: 2.435 (0.611)
2026/04/05 21:37:17 - mmengine - INFO - [TRAIN] Epoch 5 Iter  1500/2851   FocalLoss: 0.005 (0.006),   LovaszLoss: 0.520 (0.439),   Sem_Scal_Loss: 1.485 (1.158),   Geo_Scal_Loss: 0.501 (0.613),   Loss: 3.037 (2.760),   GradNorm: 7.082,   lr: 0.0000234,   time: 2.350 (0.486)
2026/04/05 21:39:18 - mmengine - INFO - [TRAIN] Epoch 5 Iter  1550/2851   FocalLoss: 0.010 (0.005),   LovaszLoss: 0.474 (0.435),   Sem_Scal_Loss: 1.538 (1.012),   Geo_Scal_Loss: 0.741 (0.606),   Loss: 3.749 (2.558),   GradNorm: 13.463,   lr: 0.0000233,   time: 2.400 (0.489)
2026/04/05 21:41:17 - mmengine - INFO - [TRAIN] Epoch 5 Iter  1600/2851   FocalLoss: 0.005 (0.005),   LovaszLoss: 0.407 (0.434),   Sem_Scal_Loss: 0.854 (1.090),   Geo_Scal_Loss: 0.583 (0.596),   Loss: 2.311 (2.596),   GradNorm: 4.776,   lr: 0.0000232,   time: 2.481 (0.629)
2026/04/05 21:43:16 - mmengine - INFO - [TRAIN] Epoch 5 Iter  1650/2851   FocalLoss: 0.004 (0.005),   LovaszLoss: 0.420 (0.427),   Sem_Scal_Loss: 1.043 (1.041),   Geo_Scal_Loss: 0.567 (0.599),   Loss: 2.422 (2.582),   GradNorm: 4.779,   lr: 0.0000231,   time: 2.358 (0.529)
2026/04/05 21:45:16 - mmengine - INFO - [TRAIN] Epoch 5 Iter  1700/2851   FocalLoss: 0.004 (0.005),   LovaszLoss: 0.440 (0.438),   Sem_Scal_Loss: 0.929 (1.029),   Geo_Scal_Loss: 0.523 (0.611),   Loss: 2.297 (2.572),   GradNorm: 4.216,   lr: 0.0000230,   time: 2.404 (0.580)
2026/04/05 21:47:18 - mmengine - INFO - [TRAIN] Epoch 5 Iter  1750/2851   FocalLoss: 0.003 (0.005),   LovaszLoss: 0.329 (0.433),   Sem_Scal_Loss: 0.630 (1.079),   Geo_Scal_Loss: 0.418 (0.594),   Loss: 1.680 (2.589),   GradNorm: 4.982,   lr: 0.0000229,   time: 2.291 (0.490)
2026/04/05 21:49:19 - mmengine - INFO - [TRAIN] Epoch 5 Iter  1800/2851   FocalLoss: 0.003 (0.005),   LovaszLoss: 0.421 (0.429),   Sem_Scal_Loss: 0.928 (1.012),   Geo_Scal_Loss: 0.523 (0.611),   Loss: 2.194 (2.518),   GradNorm: 5.716,   lr: 0.0000228,   time: 2.434 (0.529)
2026/04/05 21:51:19 - mmengine - INFO - [TRAIN] Epoch 5 Iter  1850/2851   FocalLoss: 0.003 (0.005),   LovaszLoss: 0.211 (0.415),   Sem_Scal_Loss: 0.364 (1.006),   Geo_Scal_Loss: 0.359 (0.592),   Loss: 1.253 (2.484),   GradNorm: 3.980,   lr: 0.0000226,   time: 2.583 (0.659)
2026/04/05 21:53:22 - mmengine - INFO - [TRAIN] Epoch 5 Iter  1900/2851   FocalLoss: 0.008 (0.005),   LovaszLoss: 0.564 (0.432),   Sem_Scal_Loss: 2.326 (1.073),   Geo_Scal_Loss: 0.655 (0.624),   Loss: 4.301 (2.625),   GradNorm: 10.352,   lr: 0.0000225,   time: 2.393 (0.541)
2026/04/05 21:55:23 - mmengine - INFO - [TRAIN] Epoch 5 Iter  1950/2851   FocalLoss: 0.004 (0.005),   LovaszLoss: 0.377 (0.422),   Sem_Scal_Loss: 0.766 (1.031),   Geo_Scal_Loss: 0.589 (0.567),   Loss: 2.135 (2.495),   GradNorm: 4.623,   lr: 0.0000224,   time: 2.351 (0.484)
2026/04/05 21:57:22 - mmengine - INFO - [TRAIN] Epoch 5 Iter  2000/2851   FocalLoss: 0.008 (0.005),   LovaszLoss: 0.434 (0.432),   Sem_Scal_Loss: 1.074 (1.061),   Geo_Scal_Loss: 0.659 (0.575),   Loss: 2.933 (2.574),   GradNorm: 4.205,   lr: 0.0000223,   time: 2.341 (0.486)
2026/04/05 21:59:22 - mmengine - INFO - [TRAIN] Epoch 5 Iter  2050/2851   FocalLoss: 0.005 (0.005),   LovaszLoss: 0.404 (0.430),   Sem_Scal_Loss: 0.822 (1.015),   Geo_Scal_Loss: 0.676 (0.621),   Loss: 2.384 (2.576),   GradNorm: 5.285,   lr: 0.0000222,   time: 2.381 (0.517)
2026/04/05 22:01:20 - mmengine - INFO - [TRAIN] Epoch 5 Iter  2100/2851   FocalLoss: 0.003 (0.005),   LovaszLoss: 0.416 (0.434),   Sem_Scal_Loss: 0.784 (1.053),   Geo_Scal_Loss: 0.587 (0.603),   Loss: 2.127 (2.588),   GradNorm: 5.932,   lr: 0.0000221,   time: 2.452 (0.593)
2026/04/05 22:03:21 - mmengine - INFO - [TRAIN] Epoch 5 Iter  2150/2851   FocalLoss: 0.004 (0.005),   LovaszLoss: 0.370 (0.411),   Sem_Scal_Loss: 0.735 (0.956),   Geo_Scal_Loss: 0.500 (0.560),   Loss: 2.033 (2.383),   GradNorm: 5.536,   lr: 0.0000220,   time: 2.331 (0.495)
2026/04/05 22:05:22 - mmengine - INFO - [TRAIN] Epoch 5 Iter  2200/2851   FocalLoss: 0.005 (0.005),   LovaszLoss: 0.433 (0.430),   Sem_Scal_Loss: 1.017 (1.069),   Geo_Scal_Loss: 0.675 (0.588),   Loss: 2.586 (2.542),   GradNorm: 4.412,   lr: 0.0000219,   time: 2.420 (0.518)
2026/04/05 22:07:21 - mmengine - INFO - [TRAIN] Epoch 5 Iter  2250/2851   FocalLoss: 0.005 (0.005),   LovaszLoss: 0.416 (0.429),   Sem_Scal_Loss: 0.981 (1.099),   Geo_Scal_Loss: 0.598 (0.622),   Loss: 2.501 (2.652),   GradNorm: 4.583,   lr: 0.0000218,   time: 2.502 (0.518)
2026/04/05 22:09:20 - mmengine - INFO - [TRAIN] Epoch 5 Iter  2300/2851   FocalLoss: 0.004 (0.005),   LovaszLoss: 0.344 (0.427),   Sem_Scal_Loss: 0.592 (1.026),   Geo_Scal_Loss: 0.382 (0.575),   Loss: 1.720 (2.484),   GradNorm: 3.641,   lr: 0.0000217,   time: 2.503 (0.593)
2026/04/05 22:11:19 - mmengine - INFO - [TRAIN] Epoch 5 Iter  2350/2851   FocalLoss: 0.007 (0.005),   LovaszLoss: 0.459 (0.430),   Sem_Scal_Loss: 0.969 (1.096),   Geo_Scal_Loss: 0.747 (0.601),   Loss: 2.878 (2.600),   GradNorm: 6.147,   lr: 0.0000216,   time: 2.320 (0.517)
2026/04/05 22:13:18 - mmengine - INFO - [TRAIN] Epoch 5 Iter  2400/2851   FocalLoss: 0.007 (0.005),   LovaszLoss: 0.509 (0.434),   Sem_Scal_Loss: 1.323 (1.128),   Geo_Scal_Loss: 0.676 (0.590),   Loss: 3.231 (2.666),   GradNorm: 6.285,   lr: 0.0000215,   time: 2.369 (0.534)
2026/04/05 22:15:17 - mmengine - INFO - [TRAIN] Epoch 5 Iter  2450/2851   FocalLoss: 0.003 (0.005),   LovaszLoss: 0.317 (0.421),   Sem_Scal_Loss: 0.556 (0.949),   Geo_Scal_Loss: 0.299 (0.594),   Loss: 1.519 (2.439),   GradNorm: 5.641,   lr: 0.0000214,   time: 2.353 (0.505)
2026/04/05 22:17:17 - mmengine - INFO - [TRAIN] Epoch 5 Iter  2500/2851   FocalLoss: 0.005 (0.005),   LovaszLoss: 0.454 (0.424),   Sem_Scal_Loss: 1.594 (1.020),   Geo_Scal_Loss: 0.555 (0.557),   Loss: 3.119 (2.510),   GradNorm: 7.342,   lr: 0.0000213,   time: 2.548 (0.550)
2026/04/05 22:19:17 - mmengine - INFO - [TRAIN] Epoch 5 Iter  2550/2851   FocalLoss: 0.004 (0.005),   LovaszLoss: 0.431 (0.435),   Sem_Scal_Loss: 0.879 (1.112),   Geo_Scal_Loss: 0.791 (0.615),   Loss: 2.456 (2.637),   GradNorm: 5.815,   lr: 0.0000211,   time: 2.406 (0.575)
2026/04/05 22:21:18 - mmengine - INFO - [TRAIN] Epoch 5 Iter  2600/2851   FocalLoss: 0.006 (0.005),   LovaszLoss: 0.417 (0.425),   Sem_Scal_Loss: 0.874 (1.014),   Geo_Scal_Loss: 0.538 (0.615),   Loss: 2.391 (2.537),   GradNorm: 7.197,   lr: 0.0000210,   time: 2.414 (0.590)
2026/04/05 22:23:17 - mmengine - INFO - [TRAIN] Epoch 5 Iter  2650/2851   FocalLoss: 0.007 (0.005),   LovaszLoss: 0.331 (0.420),   Sem_Scal_Loss: 0.629 (1.063),   Geo_Scal_Loss: 0.595 (0.588),   Loss: 2.293 (2.547),   GradNorm: 6.925,   lr: 0.0000209,   time: 2.379 (0.532)
2026/04/05 22:25:17 - mmengine - INFO - [TRAIN] Epoch 5 Iter  2700/2851   FocalLoss: 0.007 (0.005),   LovaszLoss: 0.369 (0.407),   Sem_Scal_Loss: 0.712 (0.902),   Geo_Scal_Loss: 0.638 (0.557),   Loss: 2.381 (2.338),   GradNorm: 8.465,   lr: 0.0000208,   time: 2.511 (0.562)
2026/04/05 22:27:17 - mmengine - INFO - [TRAIN] Epoch 5 Iter  2750/2851   FocalLoss: 0.003 (0.005),   LovaszLoss: 0.497 (0.427),   Sem_Scal_Loss: 1.415 (1.005),   Geo_Scal_Loss: 0.626 (0.617),   Loss: 2.884 (2.560),   GradNorm: 5.596,   lr: 0.0000207,   time: 2.395 (0.536)
2026/04/05 22:29:15 - mmengine - INFO - [TRAIN] Epoch 5 Iter  2800/2851   FocalLoss: 0.006 (0.005),   LovaszLoss: 0.549 (0.426),   Sem_Scal_Loss: 1.974 (1.019),   Geo_Scal_Loss: 0.773 (0.583),   Loss: 3.861 (2.528),   GradNorm: 6.545,   lr: 0.0000206,   time: 2.467 (0.488)
2026/04/05 22:31:13 - mmengine - INFO - [TRAIN] Epoch 5 Iter  2850/2851   FocalLoss: 0.004 (0.005),   LovaszLoss: 0.300 (0.422),   Sem_Scal_Loss: 0.612 (1.068),   Geo_Scal_Loss: 0.463 (0.583),   Loss: 1.795 (2.544),   GradNorm: 9.119,   lr: 0.0000205,   time: 1.545 (0.491)
2026/04/05 22:31:28 - mmengine - INFO - [EVAL] Iter     0/1232   FocalLoss: 0.012 (0.012),   LovaszLoss: 0.548 (0.548),   Sem_Scal_Loss: 2.975 (2.975),   Geo_Scal_Loss: 0.719 (0.719),   Loss: 5.428 (5.428),   
2026/04/05 22:31:55 - mmengine - INFO - [EVAL] Iter    50/1232   FocalLoss: 0.004 (0.007),   LovaszLoss: 0.446 (0.453),   Sem_Scal_Loss: 1.022 (1.383),   Geo_Scal_Loss: 0.595 (0.685),   Loss: 2.467 (3.172),   
2026/04/05 22:32:22 - mmengine - INFO - [EVAL] Iter   100/1232   FocalLoss: 0.005 (0.006),   LovaszLoss: 0.436 (0.439),   Sem_Scal_Loss: 0.897 (1.302),   Geo_Scal_Loss: 0.805 (0.643),   Loss: 2.662 (3.002),   
2026/04/05 22:32:50 - mmengine - INFO - [EVAL] Iter   150/1232   FocalLoss: 0.003 (0.006),   LovaszLoss: 0.430 (0.428),   Sem_Scal_Loss: 0.903 (1.220),   Geo_Scal_Loss: 0.642 (0.625),   Loss: 2.294 (2.863),   
2026/04/05 22:33:16 - mmengine - INFO - [EVAL] Iter   200/1232   FocalLoss: 0.004 (0.006),   LovaszLoss: 0.412 (0.435),   Sem_Scal_Loss: 0.941 (1.279),   Geo_Scal_Loss: 0.571 (0.641),   Loss: 2.346 (2.951),   
2026/04/05 22:33:42 - mmengine - INFO - [EVAL] Iter   250/1232   FocalLoss: 0.004 (0.006),   LovaszLoss: 0.374 (0.426),   Sem_Scal_Loss: 0.868 (1.215),   Geo_Scal_Loss: 0.447 (0.632),   Loss: 2.105 (2.845),   
2026/04/05 22:34:09 - mmengine - INFO - [EVAL] Iter   300/1232   FocalLoss: 0.006 (0.006),   LovaszLoss: 0.518 (0.426),   Sem_Scal_Loss: 1.216 (1.230),   Geo_Scal_Loss: 0.809 (0.633),   Loss: 3.098 (2.856),   
2026/04/05 22:34:35 - mmengine - INFO - [EVAL] Iter   350/1232   FocalLoss: 0.003 (0.006),   LovaszLoss: 0.296 (0.422),   Sem_Scal_Loss: 0.549 (1.206),   Geo_Scal_Loss: 0.422 (0.626),   Loss: 1.597 (2.813),   
2026/04/05 22:35:02 - mmengine - INFO - [EVAL] Iter   400/1232   FocalLoss: 0.006 (0.006),   LovaszLoss: 0.509 (0.425),   Sem_Scal_Loss: 1.152 (1.207),   Geo_Scal_Loss: 0.759 (0.627),   Loss: 2.971 (2.822),   
2026/04/05 22:35:28 - mmengine - INFO - [EVAL] Iter   450/1232   FocalLoss: 0.004 (0.006),   LovaszLoss: 0.409 (0.424),   Sem_Scal_Loss: 0.855 (1.194),   Geo_Scal_Loss: 0.651 (0.626),   Loss: 2.348 (2.808),   
2026/04/05 22:35:55 - mmengine - INFO - [EVAL] Iter   500/1232   FocalLoss: 0.012 (0.006),   LovaszLoss: 0.447 (0.424),   Sem_Scal_Loss: 1.086 (1.183),   Geo_Scal_Loss: 0.478 (0.622),   Loss: 3.249 (2.792),   
2026/04/05 22:36:21 - mmengine - INFO - [EVAL] Iter   550/1232   FocalLoss: 0.005 (0.006),   LovaszLoss: 0.466 (0.425),   Sem_Scal_Loss: 1.243 (1.198),   Geo_Scal_Loss: 0.542 (0.623),   Loss: 2.794 (2.802),   
2026/04/05 22:36:47 - mmengine - INFO - [EVAL] Iter   600/1232   FocalLoss: 0.003 (0.006),   LovaszLoss: 0.239 (0.424),   Sem_Scal_Loss: 0.519 (1.193),   Geo_Scal_Loss: 0.439 (0.621),   Loss: 1.487 (2.789),   
2026/04/05 22:37:13 - mmengine - INFO - [EVAL] Iter   650/1232   FocalLoss: 0.006 (0.006),   LovaszLoss: 0.508 (0.425),   Sem_Scal_Loss: 1.202 (1.186),   Geo_Scal_Loss: 0.871 (0.623),   Loss: 3.174 (2.791),   
2026/04/05 22:37:39 - mmengine - INFO - [EVAL] Iter   700/1232   FocalLoss: 0.006 (0.006),   LovaszLoss: 0.397 (0.425),   Sem_Scal_Loss: 0.763 (1.181),   Geo_Scal_Loss: 0.598 (0.623),   Loss: 2.389 (2.787),   
2026/04/05 22:38:05 - mmengine - INFO - [EVAL] Iter   750/1232   FocalLoss: 0.004 (0.006),   LovaszLoss: 0.411 (0.422),   Sem_Scal_Loss: 1.729 (1.162),   Geo_Scal_Loss: 0.462 (0.620),   Loss: 2.978 (2.761),   
2026/04/05 22:38:31 - mmengine - INFO - [EVAL] Iter   800/1232   FocalLoss: 0.005 (0.006),   LovaszLoss: 0.453 (0.422),   Sem_Scal_Loss: 2.128 (1.156),   Geo_Scal_Loss: 0.480 (0.619),   Loss: 3.602 (2.755),   
2026/04/05 22:38:56 - mmengine - INFO - [EVAL] Iter   850/1232   FocalLoss: 0.010 (0.006),   LovaszLoss: 0.587 (0.422),   Sem_Scal_Loss: 1.878 (1.155),   Geo_Scal_Loss: 1.410 (0.621),   Loss: 4.893 (2.753),   
2026/04/05 22:39:22 - mmengine - INFO - [EVAL] Iter   900/1232   FocalLoss: 0.009 (0.006),   LovaszLoss: 0.445 (0.423),   Sem_Scal_Loss: 1.003 (1.157),   Geo_Scal_Loss: 0.662 (0.626),   Loss: 3.043 (2.769),   
2026/04/05 22:39:47 - mmengine - INFO - [EVAL] Iter   950/1232   FocalLoss: 0.006 (0.006),   LovaszLoss: 0.383 (0.423),   Sem_Scal_Loss: 0.825 (1.152),   Geo_Scal_Loss: 0.713 (0.628),   Loss: 2.509 (2.770),   
2026/04/05 22:40:13 - mmengine - INFO - [EVAL] Iter  1000/1232   FocalLoss: 0.008 (0.006),   LovaszLoss: 0.578 (0.424),   Sem_Scal_Loss: 1.861 (1.156),   Geo_Scal_Loss: 1.087 (0.630),   Loss: 4.340 (2.779),   
2026/04/05 22:40:39 - mmengine - INFO - [EVAL] Iter  1050/1232   FocalLoss: 0.003 (0.006),   LovaszLoss: 0.413 (0.426),   Sem_Scal_Loss: 0.953 (1.166),   Geo_Scal_Loss: 0.747 (0.632),   Loss: 2.410 (2.793),   
2026/04/05 22:41:04 - mmengine - INFO - [EVAL] Iter  1100/1232   FocalLoss: 0.005 (0.006),   LovaszLoss: 0.371 (0.426),   Sem_Scal_Loss: 0.730 (1.167),   Geo_Scal_Loss: 0.393 (0.630),   Loss: 1.987 (2.795),   
2026/04/05 22:41:30 - mmengine - INFO - [EVAL] Iter  1150/1232   FocalLoss: 0.004 (0.006),   LovaszLoss: 0.491 (0.427),   Sem_Scal_Loss: 1.366 (1.170),   Geo_Scal_Loss: 0.631 (0.633),   Loss: 2.853 (2.808),   
2026/04/05 22:41:56 - mmengine - INFO - [EVAL] Iter  1200/1232   FocalLoss: 0.005 (0.006),   LovaszLoss: 0.341 (0.427),   Sem_Scal_Loss: 0.712 (1.177),   Geo_Scal_Loss: 0.476 (0.633),   Loss: 2.025 (2.815),   
2026/04/05 22:42:19 - mmengine - INFO - Current val iou of sem_cls is [ 0.971  0.489  0.611  0.467  0.394  0.480  0.628  0.668  0.503  0.432
  0.596  0.464]
2026/04/05 22:42:19 - mmengine - INFO - Current val iou of sem is 0.5210377964302523
2026/04/05 22:42:19 - mmengine - INFO - Current val iou of geo is 0.6235996955921775
2026/04/05 22:42:37 - mmengine - INFO - [TRAIN] Epoch 6 Iter     0/2851   FocalLoss: 0.003 (0.003),   LovaszLoss: 0.489 (0.489),   Sem_Scal_Loss: 2.240 (2.240),   Geo_Scal_Loss: 0.569 (0.569),   Loss: 3.599 (3.599),   GradNorm: 12.691,   lr: 0.0000205,   time: 8.083 (5.201)
2026/04/05 22:44:36 - mmengine - INFO - [TRAIN] Epoch 6 Iter    50/2851   FocalLoss: 0.003 (0.004),   LovaszLoss: 0.430 (0.411),   Sem_Scal_Loss: 0.976 (0.913),   Geo_Scal_Loss: 0.664 (0.560),   Loss: 2.415 (2.327),   GradNorm: 5.697,   lr: 0.0000204,   time: 2.460 (0.633)
2026/04/05 22:46:37 - mmengine - INFO - [TRAIN] Epoch 6 Iter   100/2851   FocalLoss: 0.003 (0.005),   LovaszLoss: 0.378 (0.415),   Sem_Scal_Loss: 0.773 (0.910),   Geo_Scal_Loss: 0.497 (0.596),   Loss: 1.984 (2.398),   GradNorm: 4.612,   lr: 0.0000203,   time: 2.387 (0.580)
2026/04/05 22:48:36 - mmengine - INFO - [TRAIN] Epoch 6 Iter   150/2851   FocalLoss: 0.005 (0.005),   LovaszLoss: 0.464 (0.411),   Sem_Scal_Loss: 1.009 (0.894),   Geo_Scal_Loss: 0.660 (0.597),   Loss: 2.606 (2.382),   GradNorm: 6.629,   lr: 0.0000202,   time: 2.362 (0.501)
2026/04/05 22:50:38 - mmengine - INFO - [TRAIN] Epoch 6 Iter   200/2851   FocalLoss: 0.006 (0.005),   LovaszLoss: 0.461 (0.434),   Sem_Scal_Loss: 1.227 (1.075),   Geo_Scal_Loss: 0.655 (0.594),   Loss: 2.914 (2.596),   GradNorm: 6.365,   lr: 0.0000201,   time: 2.379 (0.520)
2026/04/05 22:52:41 - mmengine - INFO - [TRAIN] Epoch 6 Iter   250/2851   FocalLoss: 0.005 (0.005),   LovaszLoss: 0.463 (0.414),   Sem_Scal_Loss: 1.056 (0.966),   Geo_Scal_Loss: 0.684 (0.578),   Loss: 2.695 (2.435),   GradNorm: 4.103,   lr: 0.0000200,   time: 2.428 (0.512)
2026/04/05 22:54:40 - mmengine - INFO - [TRAIN] Epoch 6 Iter   300/2851   FocalLoss: 0.005 (0.005),   LovaszLoss: 0.386 (0.425),   Sem_Scal_Loss: 0.795 (1.015),   Geo_Scal_Loss: 0.467 (0.571),   Loss: 2.110 (2.480),   GradNorm: 3.669,   lr: 0.0000199,   time: 2.376 (0.542)
2026/04/05 22:56:39 - mmengine - INFO - [TRAIN] Epoch 6 Iter   350/2851   FocalLoss: 0.006 (0.005),   LovaszLoss: 0.451 (0.414),   Sem_Scal_Loss: 1.098 (0.921),   Geo_Scal_Loss: 0.600 (0.572),   Loss: 2.768 (2.377),   GradNorm: 6.486,   lr: 0.0000197,   time: 2.297 (0.486)
2026/04/05 22:58:38 - mmengine - INFO - [TRAIN] Epoch 6 Iter   400/2851   FocalLoss: 0.004 (0.005),   LovaszLoss: 0.451 (0.413),   Sem_Scal_Loss: 1.410 (0.914),   Geo_Scal_Loss: 0.512 (0.556),   Loss: 2.778 (2.338),   GradNorm: 6.350,   lr: 0.0000196,   time: 2.335 (0.504)
2026/04/05 23:00:37 - mmengine - INFO - [TRAIN] Epoch 6 Iter   450/2851   FocalLoss: 0.006 (0.005),   LovaszLoss: 0.397 (0.427),   Sem_Scal_Loss: 0.797 (1.056),   Geo_Scal_Loss: 0.558 (0.558),   Loss: 2.309 (2.505),   GradNorm: 11.680,   lr: 0.0000195,   time: 2.409 (0.524)
2026/04/05 23:02:36 - mmengine - INFO - [TRAIN] Epoch 6 Iter   500/2851   FocalLoss: 0.006 (0.005),   LovaszLoss: 0.472 (0.416),   Sem_Scal_Loss: 1.105 (0.942),   Geo_Scal_Loss: 0.576 (0.557),   Loss: 2.731 (2.385),   GradNorm: 6.998,   lr: 0.0000194,   time: 2.438 (0.480)
2026/04/05 23:04:36 - mmengine - INFO - [TRAIN] Epoch 6 Iter   550/2851   FocalLoss: 0.005 (0.005),   LovaszLoss: 0.461 (0.424),   Sem_Scal_Loss: 1.145 (1.100),   Geo_Scal_Loss: 0.678 (0.584),   Loss: 2.783 (2.591),   GradNorm: 5.916,   lr: 0.0000193,   time: 2.303 (0.489)
2026/04/05 23:06:34 - mmengine - INFO - [TRAIN] Epoch 6 Iter   600/2851   FocalLoss: 0.004 (0.005),   LovaszLoss: 0.426 (0.418),   Sem_Scal_Loss: 0.859 (0.982),   Geo_Scal_Loss: 0.661 (0.576),   Loss: 2.355 (2.429),   GradNorm: 7.397,   lr: 0.0000192,   time: 2.338 (0.504)
2026/04/05 23:08:35 - mmengine - INFO - [TRAIN] Epoch 6 Iter   650/2851   FocalLoss: 0.003 (0.005),   LovaszLoss: 0.581 (0.401),   Sem_Scal_Loss: 2.761 (0.893),   Geo_Scal_Loss: 0.799 (0.549),   Loss: 4.456 (2.307),   GradNorm: 15.939,   lr: 0.0000191,   time: 2.352 (0.581)
2026/04/05 23:10:37 - mmengine - INFO - [TRAIN] Epoch 6 Iter   700/2851   FocalLoss: 0.006 (0.004),   LovaszLoss: 0.475 (0.416),   Sem_Scal_Loss: 1.271 (0.928),   Geo_Scal_Loss: 0.559 (0.556),   Loss: 2.932 (2.341),   GradNorm: 4.678,   lr: 0.0000190,   time: 2.502 (0.656)
2026/04/05 23:12:39 - mmengine - INFO - [TRAIN] Epoch 6 Iter   750/2851   FocalLoss: 0.003 (0.005),   LovaszLoss: 0.370 (0.409),   Sem_Scal_Loss: 0.670 (0.896),   Geo_Scal_Loss: 0.544 (0.581),   Loss: 1.879 (2.377),   GradNorm: 3.616,   lr: 0.0000189,   time: 2.638 (0.784)
2026/04/05 23:14:39 - mmengine - INFO - [TRAIN] Epoch 6 Iter   800/2851   FocalLoss: 0.003 (0.005),   LovaszLoss: 0.361 (0.418),   Sem_Scal_Loss: 0.729 (1.042),   Geo_Scal_Loss: 0.545 (0.575),   Loss: 1.958 (2.485),   GradNorm: 3.655,   lr: 0.0000188,   time: 2.340 (0.507)
2026/04/05 23:16:38 - mmengine - INFO - [TRAIN] Epoch 6 Iter   850/2851   FocalLoss: 0.006 (0.005),   LovaszLoss: 0.376 (0.420),   Sem_Scal_Loss: 0.692 (1.015),   Geo_Scal_Loss: 0.509 (0.598),   Loss: 2.188 (2.498),   GradNorm: 8.359,   lr: 0.0000187,   time: 2.375 (0.520)
2026/04/05 23:18:41 - mmengine - INFO - [TRAIN] Epoch 6 Iter   900/2851   FocalLoss: 0.004 (0.005),   LovaszLoss: 0.430 (0.399),   Sem_Scal_Loss: 0.880 (0.949),   Geo_Scal_Loss: 0.658 (0.550),   Loss: 2.395 (2.358),   GradNorm: 9.045,   lr: 0.0000186,   time: 2.472 (0.520)
2026/04/05 23:20:41 - mmengine - INFO - [TRAIN] Epoch 6 Iter   950/2851   FocalLoss: 0.004 (0.005),   LovaszLoss: 0.334 (0.419),   Sem_Scal_Loss: 0.597 (1.013),   Geo_Scal_Loss: 0.501 (0.585),   Loss: 1.834 (2.487),   GradNorm: 6.938,   lr: 0.0000185,   time: 2.391 (0.512)
2026/04/05 23:22:40 - mmengine - INFO - [TRAIN] Epoch 6 Iter  1000/2851   FocalLoss: 0.005 (0.005),   LovaszLoss: 0.432 (0.416),   Sem_Scal_Loss: 0.992 (0.993),   Geo_Scal_Loss: 0.551 (0.573),   Loss: 2.459 (2.472),   GradNorm: 6.366,   lr: 0.0000184,   time: 2.400 (0.559)
2026/04/05 23:24:39 - mmengine - INFO - [TRAIN] Epoch 6 Iter  1050/2851   FocalLoss: 0.009 (0.004),   LovaszLoss: 0.535 (0.411),   Sem_Scal_Loss: 1.058 (0.897),   Geo_Scal_Loss: 0.783 (0.567),   Loss: 3.252 (2.310),   GradNorm: 4.442,   lr: 0.0000182,   time: 2.472 (0.624)
2026/04/05 23:26:38 - mmengine - INFO - [TRAIN] Epoch 6 Iter  1100/2851   FocalLoss: 0.005 (0.005),   LovaszLoss: 0.447 (0.414),   Sem_Scal_Loss: 0.932 (0.950),   Geo_Scal_Loss: 0.813 (0.580),   Loss: 2.721 (2.427),   GradNorm: 3.790,   lr: 0.0000181,   time: 2.364 (0.512)
2026/04/05 23:28:37 - mmengine - INFO - [TRAIN] Epoch 6 Iter  1150/2851   FocalLoss: 0.005 (0.005),   LovaszLoss: 0.479 (0.410),   Sem_Scal_Loss: 1.207 (0.909),   Geo_Scal_Loss: 0.669 (0.548),   Loss: 2.875 (2.330),   GradNorm: 8.989,   lr: 0.0000180,   time: 2.409 (0.557)
2026/04/05 23:30:37 - mmengine - INFO - [TRAIN] Epoch 6 Iter  1200/2851   FocalLoss: 0.003 (0.005),   LovaszLoss: 0.517 (0.417),   Sem_Scal_Loss: 1.776 (1.070),   Geo_Scal_Loss: 0.711 (0.561),   Loss: 3.313 (2.511),   GradNorm: 14.146,   lr: 0.0000179,   time: 2.379 (0.600)
2026/04/05 23:32:38 - mmengine - INFO - [TRAIN] Epoch 6 Iter  1250/2851   FocalLoss: 0.004 (0.005),   LovaszLoss: 0.424 (0.426),   Sem_Scal_Loss: 0.998 (1.021),   Geo_Scal_Loss: 0.602 (0.570),   Loss: 2.454 (2.484),   GradNorm: 3.741,   lr: 0.0000178,   time: 2.403 (0.520)
2026/04/05 23:34:38 - mmengine - INFO - [TRAIN] Epoch 6 Iter  1300/2851   FocalLoss: 0.003 (0.004),   LovaszLoss: 0.400 (0.406),   Sem_Scal_Loss: 1.037 (0.929),   Geo_Scal_Loss: 0.390 (0.561),   Loss: 2.128 (2.339),   GradNorm: 8.443,   lr: 0.0000177,   time: 2.380 (0.511)
2026/04/05 23:36:39 - mmengine - INFO - [TRAIN] Epoch 6 Iter  1350/2851   FocalLoss: 0.004 (0.005),   LovaszLoss: 0.325 (0.401),   Sem_Scal_Loss: 0.566 (0.947),   Geo_Scal_Loss: 0.425 (0.542),   Loss: 1.669 (2.349),   GradNorm: 6.942,   lr: 0.0000176,   time: 2.467 (0.633)
2026/04/05 23:38:40 - mmengine - INFO - [TRAIN] Epoch 6 Iter  1400/2851   FocalLoss: 0.003 (0.005),   LovaszLoss: 0.391 (0.423),   Sem_Scal_Loss: 1.088 (0.990),   Geo_Scal_Loss: 0.620 (0.578),   Loss: 2.369 (2.475),   GradNorm: 10.821,   lr: 0.0000175,   time: 2.333 (0.501)
2026/04/05 23:40:39 - mmengine - INFO - [TRAIN] Epoch 6 Iter  1450/2851   FocalLoss: 0.006 (0.005),   LovaszLoss: 0.457 (0.410),   Sem_Scal_Loss: 0.969 (0.932),   Geo_Scal_Loss: 0.719 (0.563),   Loss: 2.697 (2.376),   GradNorm: 4.260,   lr: 0.0000174,   time: 2.282 (0.506)
2026/04/05 23:42:38 - mmengine - INFO - [TRAIN] Epoch 6 Iter  1500/2851   FocalLoss: 0.004 (0.005),   LovaszLoss: 0.378 (0.416),   Sem_Scal_Loss: 1.583 (0.945),   Geo_Scal_Loss: 0.418 (0.580),   Loss: 2.767 (2.441),   GradNorm: 6.245,   lr: 0.0000173,   time: 2.412 (0.540)
2026/04/05 23:44:37 - mmengine - INFO - [TRAIN] Epoch 6 Iter  1550/2851   FocalLoss: 0.005 (0.005),   LovaszLoss: 0.451 (0.418),   Sem_Scal_Loss: 1.186 (0.935),   Geo_Scal_Loss: 0.568 (0.584),   Loss: 2.677 (2.410),   GradNorm: 7.412,   lr: 0.0000172,   time: 2.485 (0.613)
2026/04/05 23:46:38 - mmengine - INFO - [TRAIN] Epoch 6 Iter  1600/2851   FocalLoss: 0.008 (0.004),   LovaszLoss: 0.487 (0.409),   Sem_Scal_Loss: 3.117 (1.010),   Geo_Scal_Loss: 0.602 (0.557),   Loss: 4.997 (2.422),   GradNorm: 7.691,   lr: 0.0000171,   time: 2.346 (0.511)
2026/04/05 23:48:37 - mmengine - INFO - [TRAIN] Epoch 6 Iter  1650/2851   FocalLoss: 0.005 (0.004),   LovaszLoss: 0.355 (0.398),   Sem_Scal_Loss: 0.637 (1.005),   Geo_Scal_Loss: 0.558 (0.534),   Loss: 2.038 (2.386),   GradNorm: 6.339,   lr: 0.0000170,   time: 2.379 (0.527)
2026/04/05 23:50:36 - mmengine - INFO - [TRAIN] Epoch 6 Iter  1700/2851   FocalLoss: 0.005 (0.005),   LovaszLoss: 0.432 (0.418),   Sem_Scal_Loss: 0.986 (1.067),   Geo_Scal_Loss: 0.633 (0.568),   Loss: 2.506 (2.516),   GradNorm: 22.660,   lr: 0.0000169,   time: 2.352 (0.538)
2026/04/05 23:52:35 - mmengine - INFO - [TRAIN] Epoch 6 Iter  1750/2851   FocalLoss: 0.003 (0.004),   LovaszLoss: 0.458 (0.413),   Sem_Scal_Loss: 0.972 (0.940),   Geo_Scal_Loss: 0.673 (0.552),   Loss: 2.451 (2.351),   GradNorm: 8.469,   lr: 0.0000168,   time: 2.424 (0.543)
2026/04/05 23:54:34 - mmengine - INFO - [TRAIN] Epoch 6 Iter  1800/2851   FocalLoss: 0.005 (0.005),   LovaszLoss: 0.397 (0.412),   Sem_Scal_Loss: 0.811 (0.894),   Geo_Scal_Loss: 0.498 (0.563),   Loss: 2.193 (2.397),   GradNorm: 5.907,   lr: 0.0000167,   time: 2.342 (0.487)
2026/04/05 23:56:33 - mmengine - INFO - [TRAIN] Epoch 6 Iter  1850/2851   FocalLoss: 0.007 (0.005),   LovaszLoss: 0.428 (0.433),   Sem_Scal_Loss: 0.931 (1.000),   Geo_Scal_Loss: 0.588 (0.610),   Loss: 2.615 (2.536),   GradNorm: 5.585,   lr: 0.0000166,   time: 2.507 (0.636)
2026/04/05 23:58:32 - mmengine - INFO - [TRAIN] Epoch 6 Iter  1900/2851   FocalLoss: 0.003 (0.005),   LovaszLoss: 0.292 (0.420),   Sem_Scal_Loss: 0.514 (0.992),   Geo_Scal_Loss: 0.399 (0.585),   Loss: 1.507 (2.460),   GradNorm: 4.203,   lr: 0.0000164,   time: 2.398 (0.509)
2026/04/06 00:00:32 - mmengine - INFO - [TRAIN] Epoch 6 Iter  1950/2851   FocalLoss: 0.003 (0.004),   LovaszLoss: 0.318 (0.396),   Sem_Scal_Loss: 0.548 (0.829),   Geo_Scal_Loss: 0.460 (0.548),   Loss: 1.599 (2.219),   GradNorm: 16.102,   lr: 0.0000163,   time: 2.554 (0.624)
2026/04/06 00:02:32 - mmengine - INFO - [TRAIN] Epoch 6 Iter  2000/2851   FocalLoss: 0.003 (0.005),   LovaszLoss: 0.363 (0.414),   Sem_Scal_Loss: 0.724 (1.084),   Geo_Scal_Loss: 0.491 (0.577),   Loss: 1.909 (2.553),   GradNorm: 13.863,   lr: 0.0000162,   time: 2.374 (0.514)
2026/04/06 00:04:31 - mmengine - INFO - [TRAIN] Epoch 6 Iter  2050/2851   FocalLoss: 0.003 (0.005),   LovaszLoss: 0.369 (0.426),   Sem_Scal_Loss: 0.736 (0.996),   Geo_Scal_Loss: 0.492 (0.576),   Loss: 1.868 (2.459),   GradNorm: 3.694,   lr: 0.0000161,   time: 2.445 (0.492)
2026/04/06 00:06:30 - mmengine - INFO - [TRAIN] Epoch 6 Iter  2100/2851   FocalLoss: 0.005 (0.004),   LovaszLoss: 0.406 (0.416),   Sem_Scal_Loss: 0.802 (1.074),   Geo_Scal_Loss: 0.588 (0.539),   Loss: 2.295 (2.460),   GradNorm: 6.048,   lr: 0.0000160,   time: 2.330 (0.513)
2026/04/06 00:08:29 - mmengine - INFO - [TRAIN] Epoch 6 Iter  2150/2851   FocalLoss: 0.005 (0.004),   LovaszLoss: 0.366 (0.394),   Sem_Scal_Loss: 0.674 (0.891),   Geo_Scal_Loss: 0.467 (0.528),   Loss: 1.962 (2.244),   GradNorm: 3.338,   lr: 0.0000159,   time: 2.358 (0.494)
2026/04/06 00:10:28 - mmengine - INFO - [TRAIN] Epoch 6 Iter  2200/2851   FocalLoss: 0.004 (0.005),   LovaszLoss: 0.382 (0.412),   Sem_Scal_Loss: 0.769 (0.978),   Geo_Scal_Loss: 0.530 (0.569),   Loss: 2.072 (2.425),   GradNorm: 11.333,   lr: 0.0000158,   time: 2.342 (0.522)
2026/04/06 00:12:27 - mmengine - INFO - [TRAIN] Epoch 6 Iter  2250/2851   FocalLoss: 0.004 (0.005),   LovaszLoss: 0.531 (0.412),   Sem_Scal_Loss: 1.455 (0.975),   Geo_Scal_Loss: 0.629 (0.548),   Loss: 3.011 (2.395),   GradNorm: 5.657,   lr: 0.0000157,   time: 2.438 (0.562)
2026/04/06 00:14:26 - mmengine - INFO - [TRAIN] Epoch 6 Iter  2300/2851   FocalLoss: 0.006 (0.005),   LovaszLoss: 0.462 (0.401),   Sem_Scal_Loss: 0.963 (0.858),   Geo_Scal_Loss: 0.731 (0.565),   Loss: 2.803 (2.289),   GradNorm: 9.050,   lr: 0.0000156,   time: 2.422 (0.518)
2026/04/06 00:16:25 - mmengine - INFO - [TRAIN] Epoch 6 Iter  2350/2851   FocalLoss: 0.004 (0.005),   LovaszLoss: 0.397 (0.417),   Sem_Scal_Loss: 0.797 (0.934),   Geo_Scal_Loss: 0.521 (0.555),   Loss: 2.066 (2.359),   GradNorm: 3.494,   lr: 0.0000155,   time: 2.265 (0.491)
2026/04/06 00:18:24 - mmengine - INFO - [TRAIN] Epoch 6 Iter  2400/2851   FocalLoss: 0.003 (0.005),   LovaszLoss: 0.416 (0.396),   Sem_Scal_Loss: 0.858 (0.876),   Geo_Scal_Loss: 0.500 (0.543),   Loss: 2.053 (2.265),   GradNorm: 5.380,   lr: 0.0000154,   time: 2.499 (0.514)
2026/04/06 00:20:23 - mmengine - INFO - [TRAIN] Epoch 6 Iter  2450/2851   FocalLoss: 0.003 (0.005),   LovaszLoss: 0.401 (0.400),   Sem_Scal_Loss: 0.900 (0.856),   Geo_Scal_Loss: 0.561 (0.559),   Loss: 2.132 (2.272),   GradNorm: 5.365,   lr: 0.0000153,   time: 2.394 (0.531)
2026/04/06 00:22:23 - mmengine - INFO - [TRAIN] Epoch 6 Iter  2500/2851   FocalLoss: 0.004 (0.005),   LovaszLoss: 0.432 (0.407),   Sem_Scal_Loss: 0.914 (0.875),   Geo_Scal_Loss: 0.576 (0.580),   Loss: 2.341 (2.326),   GradNorm: 5.296,   lr: 0.0000152,   time: 2.366 (0.502)
2026/04/06 00:24:24 - mmengine - INFO - [TRAIN] Epoch 6 Iter  2550/2851   FocalLoss: 0.003 (0.005),   LovaszLoss: 0.330 (0.413),   Sem_Scal_Loss: 0.563 (1.026),   Geo_Scal_Loss: 0.468 (0.565),   Loss: 1.689 (2.475),   GradNorm: 4.966,   lr: 0.0000151,   time: 2.463 (0.493)
2026/04/06 00:26:23 - mmengine - INFO - [TRAIN] Epoch 6 Iter  2600/2851   FocalLoss: 0.005 (0.005),   LovaszLoss: 0.407 (0.413),   Sem_Scal_Loss: 0.783 (0.960),   Geo_Scal_Loss: 0.640 (0.550),   Loss: 2.356 (2.401),   GradNorm: 3.411,   lr: 0.0000150,   time: 2.469 (0.505)
2026/04/06 00:28:21 - mmengine - INFO - [TRAIN] Epoch 6 Iter  2650/2851   FocalLoss: 0.004 (0.005),   LovaszLoss: 0.329 (0.416),   Sem_Scal_Loss: 0.557 (0.904),   Geo_Scal_Loss: 0.401 (0.557),   Loss: 1.673 (2.333),   GradNorm: 4.738,   lr: 0.0000149,   time: 2.510 (0.621)
2026/04/06 00:30:22 - mmengine - INFO - [TRAIN] Epoch 6 Iter  2700/2851   FocalLoss: 0.004 (0.005),   LovaszLoss: 0.404 (0.406),   Sem_Scal_Loss: 0.999 (1.010),   Geo_Scal_Loss: 0.473 (0.539),   Loss: 2.262 (2.439),   GradNorm: 17.254,   lr: 0.0000148,   time: 2.373 (0.515)
2026/04/06 00:32:23 - mmengine - INFO - [TRAIN] Epoch 6 Iter  2750/2851   FocalLoss: 0.005 (0.005),   LovaszLoss: 0.419 (0.414),   Sem_Scal_Loss: 0.903 (0.944),   Geo_Scal_Loss: 0.517 (0.574),   Loss: 2.307 (2.402),   GradNorm: 7.811,   lr: 0.0000147,   time: 2.631 (0.485)
2026/04/06 00:34:22 - mmengine - INFO - [TRAIN] Epoch 6 Iter  2800/2851   FocalLoss: 0.006 (0.004),   LovaszLoss: 0.424 (0.411),   Sem_Scal_Loss: 0.873 (0.963),   Geo_Scal_Loss: 0.632 (0.549),   Loss: 2.488 (2.353),   GradNorm: 5.572,   lr: 0.0000146,   time: 2.365 (0.614)
2026/04/06 00:36:20 - mmengine - INFO - [TRAIN] Epoch 6 Iter  2850/2851   FocalLoss: 0.004 (0.005),   LovaszLoss: 0.394 (0.413),   Sem_Scal_Loss: 0.778 (0.906),   Geo_Scal_Loss: 0.535 (0.570),   Loss: 2.092 (2.346),   GradNorm: 7.532,   lr: 0.0000145,   time: 1.601 (0.506)
2026/04/06 00:36:37 - mmengine - INFO - [EVAL] Iter     0/1232   FocalLoss: 0.011 (0.011),   LovaszLoss: 0.540 (0.540),   Sem_Scal_Loss: 2.825 (2.825),   Geo_Scal_Loss: 0.711 (0.711),   Loss: 5.137 (5.137),   
2026/04/06 00:37:03 - mmengine - INFO - [EVAL] Iter    50/1232   FocalLoss: 0.005 (0.006),   LovaszLoss: 0.458 (0.446),   Sem_Scal_Loss: 1.045 (1.250),   Geo_Scal_Loss: 0.619 (0.668),   Loss: 2.578 (2.994),   
2026/04/06 00:37:30 - mmengine - INFO - [EVAL] Iter   100/1232   FocalLoss: 0.005 (0.006),   LovaszLoss: 0.466 (0.433),   Sem_Scal_Loss: 1.003 (1.220),   Geo_Scal_Loss: 0.825 (0.630),   Loss: 2.829 (2.886),   
2026/04/06 00:37:57 - mmengine - INFO - [EVAL] Iter   150/1232   FocalLoss: 0.003 (0.006),   LovaszLoss: 0.412 (0.420),   Sem_Scal_Loss: 0.894 (1.143),   Geo_Scal_Loss: 0.631 (0.610),   Loss: 2.198 (2.743),   
2026/04/06 00:38:24 - mmengine - INFO - [EVAL] Iter   200/1232   FocalLoss: 0.004 (0.006),   LovaszLoss: 0.397 (0.426),   Sem_Scal_Loss: 0.868 (1.207),   Geo_Scal_Loss: 0.484 (0.622),   Loss: 2.128 (2.828),   
2026/04/06 00:38:50 - mmengine - INFO - [EVAL] Iter   250/1232   FocalLoss: 0.004 (0.006),   LovaszLoss: 0.378 (0.418),   Sem_Scal_Loss: 0.903 (1.150),   Geo_Scal_Loss: 0.358 (0.612),   Loss: 2.010 (2.729),   
2026/04/06 00:39:17 - mmengine - INFO - [EVAL] Iter   300/1232   FocalLoss: 0.005 (0.005),   LovaszLoss: 0.500 (0.418),   Sem_Scal_Loss: 1.120 (1.169),   Geo_Scal_Loss: 0.796 (0.612),   Loss: 2.937 (2.744),   
2026/04/06 00:39:44 - mmengine - INFO - [EVAL] Iter   350/1232   FocalLoss: 0.003 (0.005),   LovaszLoss: 0.280 (0.414),   Sem_Scal_Loss: 0.496 (1.147),   Geo_Scal_Loss: 0.378 (0.605),   Loss: 1.447 (2.704),   
2026/04/06 00:40:11 - mmengine - INFO - [EVAL] Iter   400/1232   FocalLoss: 0.005 (0.005),   LovaszLoss: 0.491 (0.417),   Sem_Scal_Loss: 1.084 (1.146),   Geo_Scal_Loss: 0.733 (0.607),   Loss: 2.845 (2.711),   
2026/04/06 00:40:37 - mmengine - INFO - [EVAL] Iter   450/1232   FocalLoss: 0.004 (0.005),   LovaszLoss: 0.415 (0.416),   Sem_Scal_Loss: 0.887 (1.133),   Geo_Scal_Loss: 0.659 (0.608),   Loss: 2.388 (2.704),   
2026/04/06 00:41:03 - mmengine - INFO - [EVAL] Iter   500/1232   FocalLoss: 0.010 (0.005),   LovaszLoss: 0.410 (0.416),   Sem_Scal_Loss: 0.847 (1.123),   Geo_Scal_Loss: 0.469 (0.604),   Loss: 2.751 (2.690),   
2026/04/06 00:41:29 - mmengine - INFO - [EVAL] Iter   550/1232   FocalLoss: 0.006 (0.005),   LovaszLoss: 0.474 (0.417),   Sem_Scal_Loss: 1.293 (1.140),   Geo_Scal_Loss: 0.556 (0.604),   Loss: 2.918 (2.701),   
2026/04/06 00:41:56 - mmengine - INFO - [EVAL] Iter   600/1232   FocalLoss: 0.003 (0.005),   LovaszLoss: 0.230 (0.416),   Sem_Scal_Loss: 0.499 (1.133),   Geo_Scal_Loss: 0.433 (0.602),   Loss: 1.417 (2.688),   
2026/04/06 00:42:21 - mmengine - INFO - [EVAL] Iter   650/1232   FocalLoss: 0.005 (0.005),   LovaszLoss: 0.487 (0.417),   Sem_Scal_Loss: 1.159 (1.131),   Geo_Scal_Loss: 0.820 (0.605),   Loss: 3.003 (2.692),   
2026/04/06 00:42:48 - mmengine - INFO - [EVAL] Iter   700/1232   FocalLoss: 0.006 (0.005),   LovaszLoss: 0.388 (0.416),   Sem_Scal_Loss: 0.732 (1.124),   Geo_Scal_Loss: 0.568 (0.605),   Loss: 2.305 (2.686),   
2026/04/06 00:43:14 - mmengine - INFO - [EVAL] Iter   750/1232   FocalLoss: 0.004 (0.005),   LovaszLoss: 0.414 (0.414),   Sem_Scal_Loss: 1.735 (1.107),   Geo_Scal_Loss: 0.459 (0.601),   Loss: 2.969 (2.663),   
2026/04/06 00:43:40 - mmengine - INFO - [EVAL] Iter   800/1232   FocalLoss: 0.005 (0.005),   LovaszLoss: 0.454 (0.414),   Sem_Scal_Loss: 2.082 (1.104),   Geo_Scal_Loss: 0.458 (0.601),   Loss: 3.522 (2.659),   
2026/04/06 00:44:06 - mmengine - INFO - [EVAL] Iter   850/1232   FocalLoss: 0.009 (0.005),   LovaszLoss: 0.570 (0.413),   Sem_Scal_Loss: 1.758 (1.102),   Geo_Scal_Loss: 1.293 (0.602),   Loss: 4.555 (2.655),   
2026/04/06 00:44:33 - mmengine - INFO - [EVAL] Iter   900/1232   FocalLoss: 0.010 (0.005),   LovaszLoss: 0.496 (0.415),   Sem_Scal_Loss: 1.390 (1.105),   Geo_Scal_Loss: 0.690 (0.607),   Loss: 3.538 (2.671),   
2026/04/06 00:44:59 - mmengine - INFO - [EVAL] Iter   950/1232   FocalLoss: 0.005 (0.005),   LovaszLoss: 0.438 (0.415),   Sem_Scal_Loss: 1.062 (1.100),   Geo_Scal_Loss: 0.663 (0.608),   Loss: 2.711 (2.671),   
2026/04/06 00:45:25 - mmengine - INFO - [EVAL] Iter  1000/1232   FocalLoss: 0.008 (0.005),   LovaszLoss: 0.548 (0.416),   Sem_Scal_Loss: 1.634 (1.103),   Geo_Scal_Loss: 1.118 (0.610),   Loss: 4.059 (2.678),   
2026/04/06 00:45:51 - mmengine - INFO - [EVAL] Iter  1050/1232   FocalLoss: 0.003 (0.006),   LovaszLoss: 0.412 (0.417),   Sem_Scal_Loss: 0.931 (1.113),   Geo_Scal_Loss: 0.692 (0.612),   Loss: 2.305 (2.693),   
2026/04/06 00:46:17 - mmengine - INFO - [EVAL] Iter  1100/1232   FocalLoss: 0.005 (0.006),   LovaszLoss: 0.372 (0.417),   Sem_Scal_Loss: 0.755 (1.115),   Geo_Scal_Loss: 0.374 (0.610),   Loss: 1.978 (2.696),   
2026/04/06 00:46:43 - mmengine - INFO - [EVAL] Iter  1150/1232   FocalLoss: 0.004 (0.006),   LovaszLoss: 0.470 (0.418),   Sem_Scal_Loss: 1.170 (1.117),   Geo_Scal_Loss: 0.631 (0.613),   Loss: 2.662 (2.706),   
2026/04/06 00:47:08 - mmengine - INFO - [EVAL] Iter  1200/1232   FocalLoss: 0.004 (0.006),   LovaszLoss: 0.285 (0.418),   Sem_Scal_Loss: 0.572 (1.123),   Geo_Scal_Loss: 0.406 (0.613),   Loss: 1.662 (2.712),   
2026/04/06 00:47:38 - mmengine - INFO - Current val iou of sem_cls is [ 0.972  0.508  0.618  0.473  0.410  0.491  0.637  0.679  0.518  0.445
  0.604  0.473]
2026/04/06 00:47:38 - mmengine - INFO - Current val iou of sem is 0.5323352312885586
2026/04/06 00:47:38 - mmengine - INFO - Current val iou of geo is 0.6274484798578366
2026/04/06 00:47:55 - mmengine - INFO - [TRAIN] Epoch 7 Iter     0/2851   FocalLoss: 0.003 (0.003),   LovaszLoss: 0.336 (0.336),   Sem_Scal_Loss: 0.591 (0.591),   Geo_Scal_Loss: 0.517 (0.517),   Loss: 1.791 (1.791),   GradNorm: 10.337,   lr: 0.0000145,   time: 7.406 (3.605)
2026/04/06 00:49:56 - mmengine - INFO - [TRAIN] Epoch 7 Iter    50/2851   FocalLoss: 0.004 (0.004),   LovaszLoss: 0.323 (0.397),   Sem_Scal_Loss: 0.555 (0.901),   Geo_Scal_Loss: 0.516 (0.530),   Loss: 1.806 (2.251),   GradNorm: 4.280,   lr: 0.0000144,   time: 2.288 (0.483)
2026/04/06 00:51:56 - mmengine - INFO - [TRAIN] Epoch 7 Iter   100/2851   FocalLoss: 0.007 (0.004),   LovaszLoss: 0.484 (0.389),   Sem_Scal_Loss: 1.109 (0.843),   Geo_Scal_Loss: 0.723 (0.511),   Loss: 2.993 (2.176),   GradNorm: 9.203,   lr: 0.0000143,   time: 2.415 (0.528)
2026/04/06 00:53:56 - mmengine - INFO - [TRAIN] Epoch 7 Iter   150/2851   FocalLoss: 0.004 (0.004),   LovaszLoss: 0.352 (0.409),   Sem_Scal_Loss: 0.639 (0.975),   Geo_Scal_Loss: 0.464 (0.536),   Loss: 1.865 (2.339),   GradNorm: 9.859,   lr: 0.0000142,   time: 2.498 (0.512)
2026/04/06 00:55:56 - mmengine - INFO - [TRAIN] Epoch 7 Iter   200/2851   FocalLoss: 0.002 (0.004),   LovaszLoss: 0.275 (0.394),   Sem_Scal_Loss: 0.488 (0.863),   Geo_Scal_Loss: 0.428 (0.511),   Loss: 1.395 (2.195),   GradNorm: 7.597,   lr: 0.0000141,   time: 2.370 (0.501)
2026/04/06 00:57:55 - mmengine - INFO - [TRAIN] Epoch 7 Iter   250/2851   FocalLoss: 0.003 (0.005),   LovaszLoss: 0.351 (0.415),   Sem_Scal_Loss: 0.657 (1.027),   Geo_Scal_Loss: 0.470 (0.575),   Loss: 1.816 (2.481),   GradNorm: 5.282,   lr: 0.0000140,   time: 2.470 (0.569)
2026/04/06 00:59:56 - mmengine - INFO - [TRAIN] Epoch 7 Iter   300/2851   FocalLoss: 0.004 (0.005),   LovaszLoss: 0.321 (0.384),   Sem_Scal_Loss: 0.565 (0.814),   Geo_Scal_Loss: 0.357 (0.513),   Loss: 1.629 (2.165),   GradNorm: 6.943,   lr: 0.0000139,   time: 2.370 (0.519)
2026/04/06 01:01:56 - mmengine - INFO - [TRAIN] Epoch 7 Iter   350/2851   FocalLoss: 0.003 (0.004),   LovaszLoss: 0.376 (0.391),   Sem_Scal_Loss: 0.761 (0.838),   Geo_Scal_Loss: 0.449 (0.514),   Loss: 1.892 (2.174),   GradNorm: 4.294,   lr: 0.0000138,   time: 2.352 (0.498)
2026/04/06 01:03:57 - mmengine - INFO - [TRAIN] Epoch 7 Iter   400/2851   FocalLoss: 0.004 (0.005),   LovaszLoss: 0.282 (0.409),   Sem_Scal_Loss: 0.477 (0.971),   Geo_Scal_Loss: 0.433 (0.558),   Loss: 1.563 (2.394),   GradNorm: 4.302,   lr: 0.0000137,   time: 2.395 (0.597)
2026/04/06 01:05:56 - mmengine - INFO - [TRAIN] Epoch 7 Iter   450/2851   FocalLoss: 0.002 (0.005),   LovaszLoss: 0.423 (0.421),   Sem_Scal_Loss: 1.257 (0.998),   Geo_Scal_Loss: 0.447 (0.603),   Loss: 2.330 (2.533),   GradNorm: 8.394,   lr: 0.0000136,   time: 2.413 (0.566)
2026/04/06 01:07:57 - mmengine - INFO - [TRAIN] Epoch 7 Iter   500/2851   FocalLoss: 0.008 (0.004),   LovaszLoss: 0.569 (0.393),   Sem_Scal_Loss: 2.149 (0.979),   Geo_Scal_Loss: 0.677 (0.513),   Loss: 4.185 (2.317),   GradNorm: 10.189,   lr: 0.0000135,   time: 2.376 (0.492)
2026/04/06 01:09:57 - mmengine - INFO - [TRAIN] Epoch 7 Iter   550/2851   FocalLoss: 0.003 (0.004),   LovaszLoss: 0.396 (0.395),   Sem_Scal_Loss: 0.951 (0.937),   Geo_Scal_Loss: 0.471 (0.546),   Loss: 2.120 (2.294),   GradNorm: 3.878,   lr: 0.0000134,   time: 2.360 (0.535)
2026/04/06 01:11:55 - mmengine - INFO - [TRAIN] Epoch 7 Iter   600/2851   FocalLoss: 0.004 (0.004),   LovaszLoss: 0.370 (0.408),   Sem_Scal_Loss: 0.701 (0.883),   Geo_Scal_Loss: 0.483 (0.521),   Loss: 1.917 (2.248),   GradNorm: 4.633,   lr: 0.0000133,   time: 2.374 (0.466)
2026/04/06 01:13:54 - mmengine - INFO - [TRAIN] Epoch 7 Iter   650/2851   FocalLoss: 0.004 (0.004),   LovaszLoss: 0.394 (0.408),   Sem_Scal_Loss: 0.800 (0.905),   Geo_Scal_Loss: 0.548 (0.524),   Loss: 2.104 (2.285),   GradNorm: 6.720,   lr: 0.0000132,   time: 2.481 (0.520)
2026/04/06 01:15:53 - mmengine - INFO - [TRAIN] Epoch 7 Iter   700/2851   FocalLoss: 0.005 (0.004),   LovaszLoss: 0.390 (0.390),   Sem_Scal_Loss: 0.739 (0.837),   Geo_Scal_Loss: 0.497 (0.515),   Loss: 2.099 (2.182),   GradNorm: 5.284,   lr: 0.0000131,   time: 2.441 (0.509)
2026/04/06 01:17:52 - mmengine - INFO - [TRAIN] Epoch 7 Iter   750/2851   FocalLoss: 0.003 (0.005),   LovaszLoss: 0.383 (0.424),   Sem_Scal_Loss: 1.406 (1.085),   Geo_Scal_Loss: 0.473 (0.584),   Loss: 2.532 (2.580),   GradNorm: 9.706,   lr: 0.0000130,   time: 2.375 (0.490)
2026/04/06 01:19:51 - mmengine - INFO - [TRAIN] Epoch 7 Iter   800/2851   FocalLoss: 0.004 (0.005),   LovaszLoss: 0.442 (0.402),   Sem_Scal_Loss: 0.965 (0.892),   Geo_Scal_Loss: 0.580 (0.532),   Loss: 2.408 (2.288),   GradNorm: 5.620,   lr: 0.0000129,   time: 2.347 (0.526)
2026/04/06 01:21:50 - mmengine - INFO - [TRAIN] Epoch 7 Iter   850/2851   FocalLoss: 0.004 (0.004),   LovaszLoss: 0.387 (0.389),   Sem_Scal_Loss: 0.731 (0.864),   Geo_Scal_Loss: 0.580 (0.533),   Loss: 2.120 (2.202),   GradNorm: 13.191,   lr: 0.0000128,   time: 2.301 (0.499)
2026/04/06 01:23:48 - mmengine - INFO - [TRAIN] Epoch 7 Iter   900/2851   FocalLoss: 0.005 (0.005),   LovaszLoss: 0.444 (0.406),   Sem_Scal_Loss: 0.990 (0.944),   Geo_Scal_Loss: 0.701 (0.563),   Loss: 2.678 (2.375),   GradNorm: 4.583,   lr: 0.0000127,   time: 2.286 (0.482)
2026/04/06 01:25:48 - mmengine - INFO - [TRAIN] Epoch 7 Iter   950/2851   FocalLoss: 0.005 (0.004),   LovaszLoss: 0.385 (0.402),   Sem_Scal_Loss: 0.796 (0.935),   Geo_Scal_Loss: 0.508 (0.543),   Loss: 2.152 (2.311),   GradNorm: 3.556,   lr: 0.0000126,   time: 2.400 (0.511)
2026/04/06 01:27:48 - mmengine - INFO - [TRAIN] Epoch 7 Iter  1000/2851   FocalLoss: 0.005 (0.005),   LovaszLoss: 0.423 (0.403),   Sem_Scal_Loss: 1.059 (0.995),   Geo_Scal_Loss: 0.481 (0.549),   Loss: 2.484 (2.414),   GradNorm: 13.125,   lr: 0.0000125,   time: 2.448 (0.498)
2026/04/06 01:29:47 - mmengine - INFO - [TRAIN] Epoch 7 Iter  1050/2851   FocalLoss: 0.005 (0.005),   LovaszLoss: 0.482 (0.419),   Sem_Scal_Loss: 1.085 (1.022),   Geo_Scal_Loss: 0.791 (0.559),   Loss: 2.900 (2.474),   GradNorm: 3.872,   lr: 0.0000124,   time: 2.384 (0.515)
2026/04/06 01:31:47 - mmengine - INFO - [TRAIN] Epoch 7 Iter  1100/2851   FocalLoss: 0.005 (0.005),   LovaszLoss: 0.420 (0.399),   Sem_Scal_Loss: 0.823 (0.911),   Geo_Scal_Loss: 0.604 (0.539),   Loss: 2.356 (2.300),   GradNorm: 4.011,   lr: 0.0000123,   time: 2.318 (0.468)
2026/04/06 01:33:45 - mmengine - INFO - [TRAIN] Epoch 7 Iter  1150/2851   FocalLoss: 0.005 (0.004),   LovaszLoss: 0.393 (0.389),   Sem_Scal_Loss: 0.808 (0.799),   Geo_Scal_Loss: 0.519 (0.524),   Loss: 2.233 (2.159),   GradNorm: 4.133,   lr: 0.0000122,   time: 2.377 (0.491)
2026/04/06 01:35:44 - mmengine - INFO - [TRAIN] Epoch 7 Iter  1200/2851   FocalLoss: 0.003 (0.004),   LovaszLoss: 0.389 (0.397),   Sem_Scal_Loss: 0.854 (0.842),   Geo_Scal_Loss: 0.544 (0.530),   Loss: 2.103 (2.206),   GradNorm: 3.994,   lr: 0.0000121,   time: 2.358 (0.519)
2026/04/06 01:37:45 - mmengine - INFO - [TRAIN] Epoch 7 Iter  1250/2851   FocalLoss: 0.004 (0.005),   LovaszLoss: 0.408 (0.409),   Sem_Scal_Loss: 0.799 (0.912),   Geo_Scal_Loss: 0.533 (0.549),   Loss: 2.189 (2.322),   GradNorm: 4.954,   lr: 0.0000120,   time: 2.359 (0.515)
2026/04/06 01:39:44 - mmengine - INFO - [TRAIN] Epoch 7 Iter  1300/2851   FocalLoss: 0.005 (0.004),   LovaszLoss: 0.434 (0.396),   Sem_Scal_Loss: 0.961 (0.926),   Geo_Scal_Loss: 0.662 (0.550),   Loss: 2.512 (2.317),   GradNorm: 6.777,   lr: 0.0000119,   time: 2.385 (0.502)
2026/04/06 01:41:44 - mmengine - INFO - [TRAIN] Epoch 7 Iter  1350/2851   FocalLoss: 0.003 (0.004),   LovaszLoss: 0.378 (0.407),   Sem_Scal_Loss: 0.729 (0.957),   Geo_Scal_Loss: 0.520 (0.546),   Loss: 1.898 (2.334),   GradNorm: 5.577,   lr: 0.0000118,   time: 2.328 (0.517)
2026/04/06 01:43:43 - mmengine - INFO - [TRAIN] Epoch 7 Iter  1400/2851   FocalLoss: 0.004 (0.004),   LovaszLoss: 0.366 (0.404),   Sem_Scal_Loss: 0.631 (0.864),   Geo_Scal_Loss: 0.366 (0.527),   Loss: 1.733 (2.245),   GradNorm: 4.273,   lr: 0.0000117,   time: 2.369 (0.514)
2026/04/06 01:45:43 - mmengine - INFO - [TRAIN] Epoch 7 Iter  1450/2851   FocalLoss: 0.004 (0.005),   LovaszLoss: 0.410 (0.414),   Sem_Scal_Loss: 0.997 (0.944),   Geo_Scal_Loss: 0.460 (0.558),   Loss: 2.289 (2.368),   GradNorm: 5.815,   lr: 0.0000116,   time: 2.373 (0.488)
2026/04/06 01:47:42 - mmengine - INFO - [TRAIN] Epoch 7 Iter  1500/2851   FocalLoss: 0.005 (0.005),   LovaszLoss: 0.448 (0.406),   Sem_Scal_Loss: 0.936 (0.956),   Geo_Scal_Loss: 0.751 (0.547),   Loss: 2.640 (2.374),   GradNorm: 4.612,   lr: 0.0000115,   time: 2.450 (0.625)
2026/04/06 01:49:41 - mmengine - INFO - [TRAIN] Epoch 7 Iter  1550/2851   FocalLoss: 0.006 (0.005),   LovaszLoss: 0.383 (0.398),   Sem_Scal_Loss: 0.717 (0.906),   Geo_Scal_Loss: 0.551 (0.521),   Loss: 2.247 (2.284),   GradNorm: 3.792,   lr: 0.0000114,   time: 2.391 (0.516)
2026/04/06 01:51:41 - mmengine - INFO - [TRAIN] Epoch 7 Iter  1600/2851   FocalLoss: 0.003 (0.005),   LovaszLoss: 0.413 (0.422),   Sem_Scal_Loss: 0.885 (1.003),   Geo_Scal_Loss: 0.603 (0.590),   Loss: 2.186 (2.501),   GradNorm: 4.629,   lr: 0.0000113,   time: 2.345 (0.512)
2026/04/06 01:53:40 - mmengine - INFO - [TRAIN] Epoch 7 Iter  1650/2851   FocalLoss: 0.004 (0.005),   LovaszLoss: 0.345 (0.391),   Sem_Scal_Loss: 0.702 (0.858),   Geo_Scal_Loss: 0.438 (0.541),   Loss: 1.915 (2.252),   GradNorm: 5.169,   lr: 0.0000112,   time: 2.465 (0.572)
2026/04/06 01:55:40 - mmengine - INFO - [TRAIN] Epoch 7 Iter  1700/2851   FocalLoss: 0.006 (0.005),   LovaszLoss: 0.504 (0.399),   Sem_Scal_Loss: 1.692 (0.850),   Geo_Scal_Loss: 0.586 (0.535),   Loss: 3.416 (2.242),   GradNorm: 8.893,   lr: 0.0000111,   time: 2.480 (0.546)
2026/04/06 01:57:38 - mmengine - INFO - [TRAIN] Epoch 7 Iter  1750/2851   FocalLoss: 0.005 (0.005),   LovaszLoss: 0.493 (0.400),   Sem_Scal_Loss: 1.080 (0.918),   Geo_Scal_Loss: 0.736 (0.528),   Loss: 2.763 (2.303),   GradNorm: 4.773,   lr: 0.0000110,   time: 2.393 (0.505)
2026/04/06 01:59:38 - mmengine - INFO - [TRAIN] Epoch 7 Iter  1800/2851   FocalLoss: 0.004 (0.004),   LovaszLoss: 0.429 (0.416),   Sem_Scal_Loss: 0.910 (1.014),   Geo_Scal_Loss: 0.719 (0.549),   Loss: 2.420 (2.425),   GradNorm: 4.446,   lr: 0.0000109,   time: 2.321 (0.485)
2026/04/06 02:01:37 - mmengine - INFO - [TRAIN] Epoch 7 Iter  1850/2851   FocalLoss: 0.006 (0.005),   LovaszLoss: 0.443 (0.402),   Sem_Scal_Loss: 0.921 (0.885),   Geo_Scal_Loss: 0.834 (0.529),   Loss: 2.794 (2.273),   GradNorm: 6.620,   lr: 0.0000108,   time: 2.331 (0.487)
2026/04/06 02:03:36 - mmengine - INFO - [TRAIN] Epoch 7 Iter  1900/2851   FocalLoss: 0.003 (0.004),   LovaszLoss: 0.322 (0.406),   Sem_Scal_Loss: 0.590 (0.948),   Geo_Scal_Loss: 0.400 (0.541),   Loss: 1.580 (2.342),   GradNorm: 4.062,   lr: 0.0000108,   time: 2.376 (0.614)
2026/04/06 02:05:37 - mmengine - INFO - [TRAIN] Epoch 7 Iter  1950/2851   FocalLoss: 0.006 (0.004),   LovaszLoss: 0.409 (0.395),   Sem_Scal_Loss: 0.843 (0.841),   Geo_Scal_Loss: 0.625 (0.530),   Loss: 2.458 (2.197),   GradNorm: 3.706,   lr: 0.0000107,   time: 2.461 (0.498)
2026/04/06 02:07:36 - mmengine - INFO - [TRAIN] Epoch 7 Iter  2000/2851   FocalLoss: 0.004 (0.005),   LovaszLoss: 0.420 (0.402),   Sem_Scal_Loss: 1.052 (0.956),   Geo_Scal_Loss: 0.538 (0.552),   Loss: 2.388 (2.362),   GradNorm: 4.802,   lr: 0.0000106,   time: 2.449 (0.651)
2026/04/06 02:09:34 - mmengine - INFO - [TRAIN] Epoch 7 Iter  2050/2851   FocalLoss: 0.003 (0.004),   LovaszLoss: 0.414 (0.393),   Sem_Scal_Loss: 1.903 (0.849),   Geo_Scal_Loss: 0.383 (0.538),   Loss: 2.973 (2.203),   GradNorm: 4.852,   lr: 0.0000105,   time: 2.361 (0.510)
2026/04/06 02:11:34 - mmengine - INFO - [TRAIN] Epoch 7 Iter  2100/2851   FocalLoss: 0.003 (0.004),   LovaszLoss: 0.361 (0.396),   Sem_Scal_Loss: 0.484 (0.827),   Geo_Scal_Loss: 0.341 (0.503),   Loss: 1.462 (2.136),   GradNorm: 8.365,   lr: 0.0000104,   time: 2.334 (0.477)
2026/04/06 02:13:33 - mmengine - INFO - [TRAIN] Epoch 7 Iter  2150/2851   FocalLoss: 0.004 (0.005),   LovaszLoss: 0.428 (0.412),   Sem_Scal_Loss: 0.924 (0.905),   Geo_Scal_Loss: 0.575 (0.540),   Loss: 2.315 (2.310),   GradNorm: 4.376,   lr: 0.0000103,   time: 2.314 (0.508)
2026/04/06 02:15:32 - mmengine - INFO - [TRAIN] Epoch 7 Iter  2200/2851   FocalLoss: 0.004 (0.004),   LovaszLoss: 0.474 (0.394),   Sem_Scal_Loss: 0.815 (0.901),   Geo_Scal_Loss: 0.764 (0.534),   Loss: 2.472 (2.239),   GradNorm: 7.059,   lr: 0.0000102,   time: 2.333 (0.517)
2026/04/06 02:17:31 - mmengine - INFO - [TRAIN] Epoch 7 Iter  2250/2851   FocalLoss: 0.004 (0.004),   LovaszLoss: 0.394 (0.393),   Sem_Scal_Loss: 1.430 (0.869),   Geo_Scal_Loss: 0.453 (0.513),   Loss: 2.701 (2.204),   GradNorm: 8.594,   lr: 0.0000101,   time: 2.301 (0.532)
2026/04/06 02:19:30 - mmengine - INFO - [TRAIN] Epoch 7 Iter  2300/2851   FocalLoss: 0.006 (0.004),   LovaszLoss: 0.421 (0.391),   Sem_Scal_Loss: 0.862 (0.893),   Geo_Scal_Loss: 0.704 (0.530),   Loss: 2.632 (2.261),   GradNorm: 5.958,   lr: 0.0000100,   time: 2.372 (0.517)
2026/04/06 02:21:31 - mmengine - INFO - [TRAIN] Epoch 7 Iter  2350/2851   FocalLoss: 0.004 (0.005),   LovaszLoss: 0.389 (0.406),   Sem_Scal_Loss: 0.714 (0.971),   Geo_Scal_Loss: 0.484 (0.550),   Loss: 1.988 (2.402),   GradNorm: 3.716,   lr: 0.0000099,   time: 2.309 (0.472)
2026/04/06 02:23:30 - mmengine - INFO - [TRAIN] Epoch 7 Iter  2400/2851   FocalLoss: 0.005 (0.004),   LovaszLoss: 0.526 (0.396),   Sem_Scal_Loss: 1.400 (0.891),   Geo_Scal_Loss: 0.726 (0.519),   Loss: 3.109 (2.237),   GradNorm: 4.599,   lr: 0.0000098,   time: 2.404 (0.503)
2026/04/06 02:25:28 - mmengine - INFO - [TRAIN] Epoch 7 Iter  2450/2851   FocalLoss: 0.007 (0.004),   LovaszLoss: 0.555 (0.384),   Sem_Scal_Loss: 2.040 (0.821),   Geo_Scal_Loss: 0.575 (0.519),   Loss: 3.905 (2.144),   GradNorm: 9.283,   lr: 0.0000097,   time: 2.330 (0.510)
2026/04/06 02:27:27 - mmengine - INFO - [TRAIN] Epoch 7 Iter  2500/2851   FocalLoss: 0.003 (0.004),   LovaszLoss: 0.381 (0.388),   Sem_Scal_Loss: 0.729 (0.834),   Geo_Scal_Loss: 0.422 (0.522),   Loss: 1.877 (2.176),   GradNorm: 3.732,   lr: 0.0000097,   time: 2.389 (0.566)
2026/04/06 02:29:26 - mmengine - INFO - [TRAIN] Epoch 7 Iter  2550/2851   FocalLoss: 0.003 (0.004),   LovaszLoss: 0.424 (0.399),   Sem_Scal_Loss: 2.481 (0.951),   Geo_Scal_Loss: 0.568 (0.531),   Loss: 3.772 (2.317),   GradNorm: 6.235,   lr: 0.0000096,   time: 2.339 (0.489)
2026/04/06 02:31:26 - mmengine - INFO - [TRAIN] Epoch 7 Iter  2600/2851   FocalLoss: 0.004 (0.004),   LovaszLoss: 0.435 (0.397),   Sem_Scal_Loss: 1.411 (0.892),   Geo_Scal_Loss: 0.453 (0.524),   Loss: 2.696 (2.249),   GradNorm: 11.618,   lr: 0.0000095,   time: 2.422 (0.475)
2026/04/06 02:33:25 - mmengine - INFO - [TRAIN] Epoch 7 Iter  2650/2851   FocalLoss: 0.003 (0.005),   LovaszLoss: 0.436 (0.410),   Sem_Scal_Loss: 1.216 (0.936),   Geo_Scal_Loss: 0.466 (0.560),   Loss: 2.408 (2.386),   GradNorm: 4.032,   lr: 0.0000094,   time: 2.374 (0.507)
2026/04/06 02:35:24 - mmengine - INFO - [TRAIN] Epoch 7 Iter  2700/2851   FocalLoss: 0.004 (0.005),   LovaszLoss: 0.317 (0.395),   Sem_Scal_Loss: 0.525 (0.923),   Geo_Scal_Loss: 0.420 (0.526),   Loss: 1.659 (2.296),   GradNorm: 4.179,   lr: 0.0000093,   time: 2.402 (0.554)
2026/04/06 02:37:23 - mmengine - INFO - [TRAIN] Epoch 7 Iter  2750/2851   FocalLoss: 0.005 (0.004),   LovaszLoss: 0.317 (0.401),   Sem_Scal_Loss: 0.560 (0.933),   Geo_Scal_Loss: 0.432 (0.529),   Loss: 1.782 (2.302),   GradNorm: 3.407,   lr: 0.0000092,   time: 2.349 (0.479)
2026/04/06 02:39:22 - mmengine - INFO - [TRAIN] Epoch 7 Iter  2800/2851   FocalLoss: 0.004 (0.004),   LovaszLoss: 0.397 (0.396),   Sem_Scal_Loss: 0.829 (0.872),   Geo_Scal_Loss: 0.470 (0.508),   Loss: 2.107 (2.206),   GradNorm: 5.936,   lr: 0.0000091,   time: 2.326 (0.468)
2026/04/06 02:41:21 - mmengine - INFO - [TRAIN] Epoch 7 Iter  2850/2851   FocalLoss: 0.002 (0.004),   LovaszLoss: 0.319 (0.392),   Sem_Scal_Loss: 0.679 (0.847),   Geo_Scal_Loss: 0.353 (0.528),   Loss: 1.559 (2.156),   GradNorm: 5.027,   lr: 0.0000090,   time: 1.617 (0.501)
2026/04/06 02:41:37 - mmengine - INFO - [EVAL] Iter     0/1232   FocalLoss: 0.010 (0.010),   LovaszLoss: 0.513 (0.513),   Sem_Scal_Loss: 2.903 (2.903),   Geo_Scal_Loss: 0.644 (0.644),   Loss: 5.060 (5.060),   
2026/04/06 02:42:04 - mmengine - INFO - [EVAL] Iter    50/1232   FocalLoss: 0.004 (0.006),   LovaszLoss: 0.428 (0.436),   Sem_Scal_Loss: 0.960 (1.265),   Geo_Scal_Loss: 0.532 (0.648),   Loss: 2.301 (2.965),   
2026/04/06 02:42:31 - mmengine - INFO - [EVAL] Iter   100/1232   FocalLoss: 0.006 (0.006),   LovaszLoss: 0.466 (0.422),   Sem_Scal_Loss: 0.997 (1.214),   Geo_Scal_Loss: 0.804 (0.610),   Loss: 2.829 (2.838),   
2026/04/06 02:42:59 - mmengine - INFO - [EVAL] Iter   150/1232   FocalLoss: 0.003 (0.006),   LovaszLoss: 0.408 (0.411),   Sem_Scal_Loss: 0.890 (1.120),   Geo_Scal_Loss: 0.646 (0.591),   Loss: 2.223 (2.682),   
2026/04/06 02:43:25 - mmengine - INFO - [EVAL] Iter   200/1232   FocalLoss: 0.004 (0.006),   LovaszLoss: 0.396 (0.417),   Sem_Scal_Loss: 0.877 (1.171),   Geo_Scal_Loss: 0.513 (0.607),   Loss: 2.183 (2.762),   
2026/04/06 02:43:52 - mmengine - INFO - [EVAL] Iter   250/1232   FocalLoss: 0.004 (0.005),   LovaszLoss: 0.373 (0.409),   Sem_Scal_Loss: 0.845 (1.114),   Geo_Scal_Loss: 0.371 (0.597),   Loss: 1.978 (2.666),   
2026/04/06 02:44:18 - mmengine - INFO - [EVAL] Iter   300/1232   FocalLoss: 0.005 (0.005),   LovaszLoss: 0.493 (0.408),   Sem_Scal_Loss: 1.114 (1.128),   Geo_Scal_Loss: 0.797 (0.598),   Loss: 2.928 (2.673),   
2026/04/06 02:44:45 - mmengine - INFO - [EVAL] Iter   350/1232   FocalLoss: 0.003 (0.005),   LovaszLoss: 0.276 (0.405),   Sem_Scal_Loss: 0.499 (1.106),   Geo_Scal_Loss: 0.371 (0.590),   Loss: 1.448 (2.632),   
2026/04/06 02:45:12 - mmengine - INFO - [EVAL] Iter   400/1232   FocalLoss: 0.005 (0.005),   LovaszLoss: 0.480 (0.408),   Sem_Scal_Loss: 1.065 (1.103),   Geo_Scal_Loss: 0.702 (0.591),   Loss: 2.794 (2.635),   
2026/04/06 02:45:37 - mmengine - INFO - [EVAL] Iter   450/1232   FocalLoss: 0.004 (0.005),   LovaszLoss: 0.405 (0.406),   Sem_Scal_Loss: 0.844 (1.089),   Geo_Scal_Loss: 0.654 (0.590),   Loss: 2.331 (2.619),   
2026/04/06 02:46:03 - mmengine - INFO - [EVAL] Iter   500/1232   FocalLoss: 0.012 (0.005),   LovaszLoss: 0.420 (0.406),   Sem_Scal_Loss: 0.870 (1.078),   Geo_Scal_Loss: 0.520 (0.587),   Loss: 2.989 (2.605),   
2026/04/06 02:46:29 - mmengine - INFO - [EVAL] Iter   550/1232   FocalLoss: 0.005 (0.005),   LovaszLoss: 0.424 (0.407),   Sem_Scal_Loss: 1.053 (1.093),   Geo_Scal_Loss: 0.488 (0.586),   Loss: 2.469 (2.615),   
2026/04/06 02:46:54 - mmengine - INFO - [EVAL] Iter   600/1232   FocalLoss: 0.003 (0.005),   LovaszLoss: 0.248 (0.406),   Sem_Scal_Loss: 0.540 (1.088),   Geo_Scal_Loss: 0.488 (0.585),   Loss: 1.595 (2.604),   
2026/04/06 02:47:20 - mmengine - INFO - [EVAL] Iter   650/1232   FocalLoss: 0.005 (0.005),   LovaszLoss: 0.483 (0.407),   Sem_Scal_Loss: 1.114 (1.084),   Geo_Scal_Loss: 0.779 (0.588),   Loss: 2.926 (2.607),   
2026/04/06 02:47:46 - mmengine - INFO - [EVAL] Iter   700/1232   FocalLoss: 0.006 (0.005),   LovaszLoss: 0.398 (0.407),   Sem_Scal_Loss: 0.762 (1.076),   Geo_Scal_Loss: 0.555 (0.588),   Loss: 2.322 (2.601),   
2026/04/06 02:48:12 - mmengine - INFO - [EVAL] Iter   750/1232   FocalLoss: 0.004 (0.005),   LovaszLoss: 0.401 (0.404),   Sem_Scal_Loss: 1.214 (1.060),   Geo_Scal_Loss: 0.450 (0.584),   Loss: 2.439 (2.578),   
2026/04/06 02:48:38 - mmengine - INFO - [EVAL] Iter   800/1232   FocalLoss: 0.005 (0.005),   LovaszLoss: 0.435 (0.404),   Sem_Scal_Loss: 2.031 (1.056),   Geo_Scal_Loss: 0.457 (0.584),   Loss: 3.417 (2.574),   
2026/04/06 02:49:04 - mmengine - INFO - [EVAL] Iter   850/1232   FocalLoss: 0.009 (0.005),   LovaszLoss: 0.550 (0.404),   Sem_Scal_Loss: 1.624 (1.055),   Geo_Scal_Loss: 1.215 (0.585),   Loss: 4.269 (2.571),   
2026/04/06 02:49:30 - mmengine - INFO - [EVAL] Iter   900/1232   FocalLoss: 0.009 (0.005),   LovaszLoss: 0.447 (0.405),   Sem_Scal_Loss: 1.144 (1.058),   Geo_Scal_Loss: 0.637 (0.590),   Loss: 3.092 (2.587),   
2026/04/06 02:49:56 - mmengine - INFO - [EVAL] Iter   950/1232   FocalLoss: 0.005 (0.005),   LovaszLoss: 0.410 (0.405),   Sem_Scal_Loss: 0.882 (1.055),   Geo_Scal_Loss: 0.640 (0.592),   Loss: 2.468 (2.589),   
2026/04/06 02:50:22 - mmengine - INFO - [EVAL] Iter  1000/1232   FocalLoss: 0.008 (0.005),   LovaszLoss: 0.551 (0.406),   Sem_Scal_Loss: 1.728 (1.058),   Geo_Scal_Loss: 1.096 (0.594),   Loss: 4.148 (2.596),   
2026/04/06 02:50:48 - mmengine - INFO - [EVAL] Iter  1050/1232   FocalLoss: 0.003 (0.005),   LovaszLoss: 0.405 (0.407),   Sem_Scal_Loss: 0.929 (1.068),   Geo_Scal_Loss: 0.664 (0.595),   Loss: 2.258 (2.610),   
2026/04/06 02:51:13 - mmengine - INFO - [EVAL] Iter  1100/1232   FocalLoss: 0.006 (0.005),   LovaszLoss: 0.366 (0.408),   Sem_Scal_Loss: 0.723 (1.072),   Geo_Scal_Loss: 0.365 (0.594),   Loss: 2.006 (2.615),   
2026/04/06 02:51:39 - mmengine - INFO - [EVAL] Iter  1150/1232   FocalLoss: 0.004 (0.005),   LovaszLoss: 0.474 (0.409),   Sem_Scal_Loss: 1.127 (1.075),   Geo_Scal_Loss: 0.624 (0.597),   Loss: 2.610 (2.627),   
2026/04/06 02:52:05 - mmengine - INFO - [EVAL] Iter  1200/1232   FocalLoss: 0.005 (0.005),   LovaszLoss: 0.329 (0.409),   Sem_Scal_Loss: 0.685 (1.081),   Geo_Scal_Loss: 0.518 (0.597),   Loss: 2.019 (2.634),   
2026/04/06 02:53:10 - mmengine - INFO - Current val iou of sem_cls is [ 0.973  0.512  0.632  0.483  0.418  0.497  0.644  0.695  0.528  0.433
  0.617  0.489]
2026/04/06 02:53:10 - mmengine - INFO - Current val iou of sem is 0.5407845675675681
2026/04/06 02:53:10 - mmengine - INFO - Current val iou of geo is 0.639848564803615
2026/04/06 02:53:28 - mmengine - INFO - [TRAIN] Epoch 8 Iter     0/2851   FocalLoss: 0.005 (0.005),   LovaszLoss: 0.443 (0.443),   Sem_Scal_Loss: 0.925 (0.925),   Geo_Scal_Loss: 0.710 (0.710),   Loss: 2.563 (2.563),   GradNorm: 4.560,   lr: 0.0000090,   time: 7.880 (3.770)
2026/04/06 02:55:28 - mmengine - INFO - [TRAIN] Epoch 8 Iter    50/2851   FocalLoss: 0.008 (0.004),   LovaszLoss: 0.421 (0.387),   Sem_Scal_Loss: 0.842 (0.833),   Geo_Scal_Loss: 0.580 (0.511),   Loss: 2.627 (2.150),   GradNorm: 6.165,   lr: 0.0000090,   time: 2.396 (0.529)
2026/04/06 02:57:27 - mmengine - INFO - [TRAIN] Epoch 8 Iter   100/2851   FocalLoss: 0.003 (0.004),   LovaszLoss: 0.390 (0.395),   Sem_Scal_Loss: 0.868 (0.821),   Geo_Scal_Loss: 0.445 (0.517),   Loss: 2.001 (2.171),   GradNorm: 3.812,   lr: 0.0000089,   time: 2.353 (0.531)
2026/04/06 02:59:27 - mmengine - INFO - [TRAIN] Epoch 8 Iter   150/2851   FocalLoss: 0.004 (0.004),   LovaszLoss: 0.381 (0.377),   Sem_Scal_Loss: 0.772 (0.810),   Geo_Scal_Loss: 0.534 (0.492),   Loss: 2.069 (2.086),   GradNorm: 9.745,   lr: 0.0000088,   time: 2.473 (0.575)
2026/04/06 03:01:26 - mmengine - INFO - [TRAIN] Epoch 8 Iter   200/2851   FocalLoss: 0.007 (0.004),   LovaszLoss: 0.433 (0.391),   Sem_Scal_Loss: 0.897 (0.827),   Geo_Scal_Loss: 0.613 (0.518),   Loss: 2.624 (2.173),   GradNorm: 4.633,   lr: 0.0000087,   time: 2.316 (0.521)
2026/04/06 03:03:25 - mmengine - INFO - [TRAIN] Epoch 8 Iter   250/2851   FocalLoss: 0.003 (0.004),   LovaszLoss: 0.321 (0.404),   Sem_Scal_Loss: 0.546 (0.921),   Geo_Scal_Loss: 0.332 (0.513),   Loss: 1.481 (2.288),   GradNorm: 6.951,   lr: 0.0000086,   time: 2.329 (0.486)
2026/04/06 03:05:28 - mmengine - INFO - [TRAIN] Epoch 8 Iter   300/2851   FocalLoss: 0.005 (0.004),   LovaszLoss: 0.385 (0.396),   Sem_Scal_Loss: 0.747 (0.839),   Geo_Scal_Loss: 0.545 (0.525),   Loss: 2.186 (2.165),   GradNorm: 4.730,   lr: 0.0000085,   time: 2.527 (0.664)
2026/04/06 03:07:28 - mmengine - INFO - [TRAIN] Epoch 8 Iter   350/2851   FocalLoss: 0.003 (0.004),   LovaszLoss: 0.305 (0.395),   Sem_Scal_Loss: 0.529 (1.009),   Geo_Scal_Loss: 0.419 (0.534),   Loss: 1.596 (2.348),   GradNorm: 5.448,   lr: 0.0000084,   time: 2.350 (0.501)
2026/04/06 03:09:27 - mmengine - INFO - [TRAIN] Epoch 8 Iter   400/2851   FocalLoss: 0.006 (0.004),   LovaszLoss: 0.477 (0.386),   Sem_Scal_Loss: 1.324 (0.825),   Geo_Scal_Loss: 0.563 (0.506),   Loss: 2.941 (2.134),   GradNorm: 5.887,   lr: 0.0000084,   time: 2.556 (0.723)
2026/04/06 03:11:26 - mmengine - INFO - [TRAIN] Epoch 8 Iter   450/2851   FocalLoss: 0.005 (0.004),   LovaszLoss: 0.458 (0.382),   Sem_Scal_Loss: 1.041 (0.766),   Geo_Scal_Loss: 0.728 (0.518),   Loss: 2.718 (2.080),   GradNorm: 7.230,   lr: 0.0000083,   time: 2.345 (0.529)
2026/04/06 03:13:25 - mmengine - INFO - [TRAIN] Epoch 8 Iter   500/2851   FocalLoss: 0.008 (0.004),   LovaszLoss: 0.471 (0.381),   Sem_Scal_Loss: 1.120 (0.792),   Geo_Scal_Loss: 0.664 (0.510),   Loss: 3.029 (2.100),   GradNorm: 5.396,   lr: 0.0000082,   time: 2.379 (0.511)
2026/04/06 03:15:24 - mmengine - INFO - [TRAIN] Epoch 8 Iter   550/2851   FocalLoss: 0.004 (0.004),   LovaszLoss: 0.346 (0.391),   Sem_Scal_Loss: 0.621 (0.917),   Geo_Scal_Loss: 0.422 (0.495),   Loss: 1.769 (2.224),   GradNorm: 5.006,   lr: 0.0000081,   time: 2.354 (0.520)
2026/04/06 03:17:26 - mmengine - INFO - [TRAIN] Epoch 8 Iter   600/2851   FocalLoss: 0.004 (0.004),   LovaszLoss: 0.403 (0.391),   Sem_Scal_Loss: 1.150 (0.825),   Geo_Scal_Loss: 0.430 (0.527),   Loss: 2.367 (2.148),   GradNorm: 7.809,   lr: 0.0000080,   time: 2.397 (0.522)
2026/04/06 03:19:26 - mmengine - INFO - [TRAIN] Epoch 8 Iter   650/2851   FocalLoss: 0.006 (0.004),   LovaszLoss: 0.342 (0.381),   Sem_Scal_Loss: 0.612 (0.786),   Geo_Scal_Loss: 0.441 (0.496),   Loss: 1.989 (2.091),   GradNorm: 4.448,   lr: 0.0000079,   time: 2.429 (0.626)
2026/04/06 03:21:27 - mmengine - INFO - [TRAIN] Epoch 8 Iter   700/2851   FocalLoss: 0.003 (0.004),   LovaszLoss: 0.401 (0.386),   Sem_Scal_Loss: 0.773 (0.794),   Geo_Scal_Loss: 0.576 (0.512),   Loss: 2.087 (2.108),   GradNorm: 4.094,   lr: 0.0000079,   time: 2.399 (0.512)
2026/04/06 03:23:26 - mmengine - INFO - [TRAIN] Epoch 8 Iter   750/2851   FocalLoss: 0.003 (0.004),   LovaszLoss: 0.423 (0.388),   Sem_Scal_Loss: 0.961 (0.894),   Geo_Scal_Loss: 0.414 (0.535),   Loss: 2.117 (2.249),   GradNorm: 5.477,   lr: 0.0000078,   time: 2.314 (0.509)
2026/04/06 03:25:25 - mmengine - INFO - [TRAIN] Epoch 8 Iter   800/2851   FocalLoss: 0.004 (0.004),   LovaszLoss: 0.351 (0.377),   Sem_Scal_Loss: 0.704 (0.760),   Geo_Scal_Loss: 0.384 (0.519),   Loss: 1.819 (2.102),   GradNorm: 4.180,   lr: 0.0000077,   time: 2.285 (0.494)
2026/04/06 03:27:26 - mmengine - INFO - [TRAIN] Epoch 8 Iter   850/2851   FocalLoss: 0.004 (0.005),   LovaszLoss: 0.333 (0.391),   Sem_Scal_Loss: 0.595 (0.804),   Geo_Scal_Loss: 0.501 (0.517),   Loss: 1.840 (2.175),   GradNorm: 5.664,   lr: 0.0000076,   time: 2.449 (0.509)
2026/04/06 03:29:25 - mmengine - INFO - [TRAIN] Epoch 8 Iter   900/2851   FocalLoss: 0.005 (0.004),   LovaszLoss: 0.456 (0.395),   Sem_Scal_Loss: 0.942 (0.852),   Geo_Scal_Loss: 0.649 (0.525),   Loss: 2.545 (2.215),   GradNorm: 3.864,   lr: 0.0000075,   time: 2.551 (0.666)
2026/04/06 03:31:24 - mmengine - INFO - [TRAIN] Epoch 8 Iter   950/2851   FocalLoss: 0.006 (0.005),   LovaszLoss: 0.411 (0.402),   Sem_Scal_Loss: 0.844 (0.955),   Geo_Scal_Loss: 0.737 (0.553),   Loss: 2.590 (2.364),   GradNorm: 4.273,   lr: 0.0000075,   time: 2.411 (0.519)
2026/04/06 03:33:25 - mmengine - INFO - [TRAIN] Epoch 8 Iter  1000/2851   FocalLoss: 0.004 (0.004),   LovaszLoss: 0.349 (0.377),   Sem_Scal_Loss: 0.633 (0.847),   Geo_Scal_Loss: 0.580 (0.503),   Loss: 1.991 (2.159),   GradNorm: 5.679,   lr: 0.0000074,   time: 2.534 (0.551)
2026/04/06 03:35:26 - mmengine - INFO - [TRAIN] Epoch 8 Iter  1050/2851   FocalLoss: 0.003 (0.004),   LovaszLoss: 0.335 (0.408),   Sem_Scal_Loss: 0.638 (0.951),   Geo_Scal_Loss: 0.372 (0.530),   Loss: 1.604 (2.339),   GradNorm: 5.053,   lr: 0.0000073,   time: 2.517 (0.623)
2026/04/06 03:37:26 - mmengine - INFO - [TRAIN] Epoch 8 Iter  1100/2851   FocalLoss: 0.004 (0.004),   LovaszLoss: 0.366 (0.381),   Sem_Scal_Loss: 0.666 (0.778),   Geo_Scal_Loss: 0.571 (0.489),   Loss: 2.020 (2.049),   GradNorm: 4.170,   lr: 0.0000072,   time: 2.455 (0.668)
2026/04/06 03:39:32 - mmengine - INFO - [TRAIN] Epoch 8 Iter  1150/2851   FocalLoss: 0.005 (0.004),   LovaszLoss: 0.398 (0.396),   Sem_Scal_Loss: 1.626 (0.886),   Geo_Scal_Loss: 0.477 (0.509),   Loss: 2.991 (2.231),   GradNorm: 11.056,   lr: 0.0000071,   time: 2.422 (0.532)
2026/04/06 03:41:31 - mmengine - INFO - [TRAIN] Epoch 8 Iter  1200/2851   FocalLoss: 0.004 (0.004),   LovaszLoss: 0.433 (0.389),   Sem_Scal_Loss: 1.071 (0.849),   Geo_Scal_Loss: 0.548 (0.501),   Loss: 2.447 (2.163),   GradNorm: 4.372,   lr: 0.0000071,   time: 2.406 (0.635)
2026/04/06 03:43:30 - mmengine - INFO - [TRAIN] Epoch 8 Iter  1250/2851   FocalLoss: 0.005 (0.004),   LovaszLoss: 0.361 (0.380),   Sem_Scal_Loss: 0.719 (0.785),   Geo_Scal_Loss: 0.327 (0.476),   Loss: 1.861 (2.039),   GradNorm: 4.803,   lr: 0.0000070,   time: 2.376 (0.507)
2026/04/06 03:45:29 - mmengine - INFO - [TRAIN] Epoch 8 Iter  1300/2851   FocalLoss: 0.004 (0.004),   LovaszLoss: 0.400 (0.388),   Sem_Scal_Loss: 0.730 (0.904),   Geo_Scal_Loss: 0.526 (0.510),   Loss: 2.069 (2.206),   GradNorm: 4.960,   lr: 0.0000069,   time: 2.354 (0.510)
2026/04/06 03:47:28 - mmengine - INFO - [TRAIN] Epoch 8 Iter  1350/2851   FocalLoss: 0.005 (0.004),   LovaszLoss: 0.444 (0.393),   Sem_Scal_Loss: 0.941 (0.994),   Geo_Scal_Loss: 0.644 (0.498),   Loss: 2.527 (2.303),   GradNorm: 4.800,   lr: 0.0000068,   time: 2.361 (0.491)
2026/04/06 03:49:27 - mmengine - INFO - [TRAIN] Epoch 8 Iter  1400/2851   FocalLoss: 0.006 (0.004),   LovaszLoss: 0.435 (0.386),   Sem_Scal_Loss: 0.938 (0.854),   Geo_Scal_Loss: 0.674 (0.498),   Loss: 2.620 (2.146),   GradNorm: 11.152,   lr: 0.0000068,   time: 2.372 (0.495)
2026/04/06 03:51:25 - mmengine - INFO - [TRAIN] Epoch 8 Iter  1450/2851   FocalLoss: 0.003 (0.004),   LovaszLoss: 0.382 (0.379),   Sem_Scal_Loss: 0.759 (0.829),   Geo_Scal_Loss: 0.518 (0.503),   Loss: 1.972 (2.129),   GradNorm: 3.621,   lr: 0.0000067,   time: 2.333 (0.499)
2026/04/06 03:53:26 - mmengine - INFO - [TRAIN] Epoch 8 Iter  1500/2851   FocalLoss: 0.003 (0.004),   LovaszLoss: 0.408 (0.388),   Sem_Scal_Loss: 0.896 (0.918),   Geo_Scal_Loss: 0.487 (0.504),   Loss: 2.052 (2.240),   GradNorm: 6.516,   lr: 0.0000066,   time: 2.449 (0.549)
2026/04/06 03:55:26 - mmengine - INFO - [TRAIN] Epoch 8 Iter  1550/2851   FocalLoss: 0.004 (0.004),   LovaszLoss: 0.373 (0.375),   Sem_Scal_Loss: 0.689 (0.796),   Geo_Scal_Loss: 0.655 (0.494),   Loss: 2.111 (2.053),   GradNorm: 4.151,   lr: 0.0000065,   time: 2.398 (0.535)
2026/04/06 03:57:26 - mmengine - INFO - [TRAIN] Epoch 8 Iter  1600/2851   FocalLoss: 0.004 (0.004),   LovaszLoss: 0.351 (0.388),   Sem_Scal_Loss: 0.606 (0.881),   Geo_Scal_Loss: 0.457 (0.504),   Loss: 1.821 (2.193),   GradNorm: 7.540,   lr: 0.0000064,   time: 2.427 (0.567)
2026/04/06 03:59:24 - mmengine - INFO - [TRAIN] Epoch 8 Iter  1650/2851   FocalLoss: 0.005 (0.004),   LovaszLoss: 0.446 (0.396),   Sem_Scal_Loss: 1.078 (0.841),   Geo_Scal_Loss: 0.514 (0.526),   Loss: 2.516 (2.200),   GradNorm: 7.451,   lr: 0.0000064,   time: 2.312 (0.491)
2026/04/06 04:01:26 - mmengine - INFO - [TRAIN] Epoch 8 Iter  1700/2851   FocalLoss: 0.003 (0.004),   LovaszLoss: 0.371 (0.397),   Sem_Scal_Loss: 0.825 (0.867),   Geo_Scal_Loss: 0.495 (0.526),   Loss: 2.032 (2.214),   GradNorm: 4.748,   lr: 0.0000063,   time: 2.385 (0.529)
2026/04/06 04:03:25 - mmengine - INFO - [TRAIN] Epoch 8 Iter  1750/2851   FocalLoss: 0.004 (0.004),   LovaszLoss: 0.430 (0.390),   Sem_Scal_Loss: 0.970 (0.854),   Geo_Scal_Loss: 0.435 (0.507),   Loss: 2.201 (2.181),   GradNorm: 7.748,   lr: 0.0000062,   time: 2.324 (0.513)
2026/04/06 04:05:24 - mmengine - INFO - [TRAIN] Epoch 8 Iter  1800/2851   FocalLoss: 0.005 (0.004),   LovaszLoss: 0.391 (0.377),   Sem_Scal_Loss: 0.771 (0.817),   Geo_Scal_Loss: 0.518 (0.501),   Loss: 2.192 (2.113),   GradNorm: 4.223,   lr: 0.0000062,   time: 2.310 (0.508)
2026/04/06 04:07:23 - mmengine - INFO - [TRAIN] Epoch 8 Iter  1850/2851   FocalLoss: 0.004 (0.004),   LovaszLoss: 0.418 (0.378),   Sem_Scal_Loss: 1.034 (0.776),   Geo_Scal_Loss: 0.618 (0.503),   Loss: 2.483 (2.071),   GradNorm: 6.610,   lr: 0.0000061,   time: 2.435 (0.537)
2026/04/06 04:09:22 - mmengine - INFO - [TRAIN] Epoch 8 Iter  1900/2851   FocalLoss: 0.003 (0.004),   LovaszLoss: 0.274 (0.395),   Sem_Scal_Loss: 0.454 (0.860),   Geo_Scal_Loss: 0.338 (0.511),   Loss: 1.322 (2.187),   GradNorm: 3.927,   lr: 0.0000060,   time: 2.340 (0.514)
2026/04/06 04:11:21 - mmengine - INFO - [TRAIN] Epoch 8 Iter  1950/2851   FocalLoss: 0.004 (0.005),   LovaszLoss: 0.346 (0.403),   Sem_Scal_Loss: 0.675 (0.977),   Geo_Scal_Loss: 0.370 (0.531),   Loss: 1.757 (2.366),   GradNorm: 3.555,   lr: 0.0000059,   time: 2.533 (0.522)
2026/04/06 04:13:20 - mmengine - INFO - [TRAIN] Epoch 8 Iter  2000/2851   FocalLoss: 0.004 (0.004),   LovaszLoss: 0.392 (0.398),   Sem_Scal_Loss: 0.821 (0.900),   Geo_Scal_Loss: 0.560 (0.528),   Loss: 2.198 (2.269),   GradNorm: 9.867,   lr: 0.0000059,   time: 2.503 (0.669)
2026/04/06 04:15:19 - mmengine - INFO - [TRAIN] Epoch 8 Iter  2050/2851   FocalLoss: 0.005 (0.004),   LovaszLoss: 0.391 (0.387),   Sem_Scal_Loss: 0.894 (0.863),   Geo_Scal_Loss: 0.343 (0.476),   Loss: 2.129 (2.120),   GradNorm: 8.902,   lr: 0.0000058,   time: 2.395 (0.522)
2026/04/06 04:17:19 - mmengine - INFO - [TRAIN] Epoch 8 Iter  2100/2851   FocalLoss: 0.005 (0.004),   LovaszLoss: 0.409 (0.379),   Sem_Scal_Loss: 0.817 (0.786),   Geo_Scal_Loss: 0.585 (0.500),   Loss: 2.355 (2.100),   GradNorm: 5.904,   lr: 0.0000057,   time: 2.373 (0.586)
2026/04/06 04:19:18 - mmengine - INFO - [TRAIN] Epoch 8 Iter  2150/2851   FocalLoss: 0.004 (0.004),   LovaszLoss: 0.401 (0.378),   Sem_Scal_Loss: 1.181 (0.779),   Geo_Scal_Loss: 0.378 (0.503),   Loss: 2.410 (2.078),   GradNorm: 9.495,   lr: 0.0000057,   time: 2.423 (0.532)
2026/04/06 04:21:17 - mmengine - INFO - [TRAIN] Epoch 8 Iter  2200/2851   FocalLoss: 0.004 (0.004),   LovaszLoss: 0.415 (0.372),   Sem_Scal_Loss: 0.881 (0.737),   Geo_Scal_Loss: 0.453 (0.488),   Loss: 2.107 (2.018),   GradNorm: 5.489,   lr: 0.0000056,   time: 2.369 (0.492)
2026/04/06 04:23:17 - mmengine - INFO - [TRAIN] Epoch 8 Iter  2250/2851   FocalLoss: 0.003 (0.004),   LovaszLoss: 0.336 (0.397),   Sem_Scal_Loss: 0.617 (0.852),   Geo_Scal_Loss: 0.366 (0.521),   Loss: 1.631 (2.209),   GradNorm: 4.508,   lr: 0.0000055,   time: 2.324 (0.505)
2026/04/06 04:25:17 - mmengine - INFO - [TRAIN] Epoch 8 Iter  2300/2851   FocalLoss: 0.003 (0.004),   LovaszLoss: 0.329 (0.389),   Sem_Scal_Loss: 0.582 (0.790),   Geo_Scal_Loss: 0.359 (0.512),   Loss: 1.579 (2.131),   GradNorm: 5.529,   lr: 0.0000054,   time: 2.350 (0.487)
2026/04/06 04:27:18 - mmengine - INFO - [TRAIN] Epoch 8 Iter  2350/2851   FocalLoss: 0.004 (0.004),   LovaszLoss: 0.361 (0.388),   Sem_Scal_Loss: 0.674 (0.968),   Geo_Scal_Loss: 0.485 (0.514),   Loss: 1.934 (2.281),   GradNorm: 6.111,   lr: 0.0000054,   time: 2.380 (0.492)
2026/04/06 04:29:17 - mmengine - INFO - [TRAIN] Epoch 8 Iter  2400/2851   FocalLoss: 0.003 (0.004),   LovaszLoss: 0.304 (0.377),   Sem_Scal_Loss: 0.535 (0.801),   Geo_Scal_Loss: 0.377 (0.496),   Loss: 1.488 (2.098),   GradNorm: 3.834,   lr: 0.0000053,   time: 2.396 (0.536)
2026/04/06 04:31:16 - mmengine - INFO - [TRAIN] Epoch 8 Iter  2450/2851   FocalLoss: 0.003 (0.004),   LovaszLoss: 0.338 (0.376),   Sem_Scal_Loss: 0.605 (0.763),   Geo_Scal_Loss: 0.443 (0.482),   Loss: 1.700 (2.044),   GradNorm: 8.196,   lr: 0.0000052,   time: 2.351 (0.583)
2026/04/06 04:33:16 - mmengine - INFO - [TRAIN] Epoch 8 Iter  2500/2851   FocalLoss: 0.002 (0.004),   LovaszLoss: 0.362 (0.379),   Sem_Scal_Loss: 0.665 (0.847),   Geo_Scal_Loss: 0.442 (0.498),   Loss: 1.718 (2.140),   GradNorm: 4.310,   lr: 0.0000052,   time: 2.316 (0.508)
2026/04/06 04:35:14 - mmengine - INFO - [TRAIN] Epoch 8 Iter  2550/2851   FocalLoss: 0.005 (0.004),   LovaszLoss: 0.451 (0.386),   Sem_Scal_Loss: 0.769 (0.791),   Geo_Scal_Loss: 0.514 (0.507),   Loss: 2.279 (2.099),   GradNorm: 4.042,   lr: 0.0000051,   time: 2.351 (0.497)
2026/04/06 04:37:16 - mmengine - INFO - [TRAIN] Epoch 8 Iter  2600/2851   FocalLoss: 0.004 (0.004),   LovaszLoss: 0.360 (0.374),   Sem_Scal_Loss: 0.665 (0.743),   Geo_Scal_Loss: 0.401 (0.475),   Loss: 1.871 (1.985),   GradNorm: 3.307,   lr: 0.0000050,   time: 2.418 (0.538)
2026/04/06 04:39:16 - mmengine - INFO - [TRAIN] Epoch 8 Iter  2650/2851   FocalLoss: 0.004 (0.004),   LovaszLoss: 0.431 (0.371),   Sem_Scal_Loss: 0.888 (0.748),   Geo_Scal_Loss: 0.533 (0.478),   Loss: 2.257 (2.019),   GradNorm: 5.994,   lr: 0.0000050,   time: 2.335 (0.496)
2026/04/06 04:41:15 - mmengine - INFO - [TRAIN] Epoch 8 Iter  2700/2851   FocalLoss: 0.006 (0.004),   LovaszLoss: 0.423 (0.379),   Sem_Scal_Loss: 0.977 (0.814),   Geo_Scal_Loss: 0.441 (0.472),   Loss: 2.415 (2.052),   GradNorm: 3.646,   lr: 0.0000049,   time: 2.377 (0.513)
2026/04/06 04:43:14 - mmengine - INFO - [TRAIN] Epoch 8 Iter  2750/2851   FocalLoss: 0.004 (0.004),   LovaszLoss: 0.357 (0.398),   Sem_Scal_Loss: 0.652 (0.925),   Geo_Scal_Loss: 0.541 (0.518),   Loss: 1.904 (2.271),   GradNorm: 5.087,   lr: 0.0000049,   time: 2.383 (0.521)
2026/04/06 04:45:13 - mmengine - INFO - [TRAIN] Epoch 8 Iter  2800/2851   FocalLoss: 0.005 (0.004),   LovaszLoss: 0.361 (0.382),   Sem_Scal_Loss: 0.655 (0.794),   Geo_Scal_Loss: 0.548 (0.500),   Loss: 2.029 (2.085),   GradNorm: 4.068,   lr: 0.0000048,   time: 2.336 (0.493)
2026/04/06 04:47:09 - mmengine - INFO - [TRAIN] Epoch 8 Iter  2850/2851   FocalLoss: 0.006 (0.004),   LovaszLoss: 0.371 (0.396),   Sem_Scal_Loss: 0.805 (0.924),   Geo_Scal_Loss: 0.462 (0.543),   Loss: 2.259 (2.296),   GradNorm: 6.656,   lr: 0.0000047,   time: 1.483 (0.461)
2026/04/06 04:47:26 - mmengine - INFO - [EVAL] Iter     0/1232   FocalLoss: 0.010 (0.010),   LovaszLoss: 0.515 (0.515),   Sem_Scal_Loss: 2.536 (2.536),   Geo_Scal_Loss: 0.645 (0.645),   Loss: 4.681 (4.681),   
2026/04/06 04:47:54 - mmengine - INFO - [EVAL] Iter    50/1232   FocalLoss: 0.004 (0.006),   LovaszLoss: 0.428 (0.433),   Sem_Scal_Loss: 0.973 (1.234),   Geo_Scal_Loss: 0.529 (0.635),   Loss: 2.329 (2.918),   
2026/04/06 04:48:22 - mmengine - INFO - [EVAL] Iter   100/1232   FocalLoss: 0.005 (0.006),   LovaszLoss: 0.454 (0.419),   Sem_Scal_Loss: 0.961 (1.180),   Geo_Scal_Loss: 0.802 (0.596),   Loss: 2.763 (2.781),   
2026/04/06 04:48:48 - mmengine - INFO - [EVAL] Iter   150/1232   FocalLoss: 0.003 (0.006),   LovaszLoss: 0.405 (0.407),   Sem_Scal_Loss: 0.868 (1.094),   Geo_Scal_Loss: 0.631 (0.576),   Loss: 2.205 (2.629),   
2026/04/06 04:49:15 - mmengine - INFO - [EVAL] Iter   200/1232   FocalLoss: 0.004 (0.006),   LovaszLoss: 0.391 (0.411),   Sem_Scal_Loss: 0.856 (1.123),   Geo_Scal_Loss: 0.489 (0.585),   Loss: 2.122 (2.675),   
2026/04/06 04:49:41 - mmengine - INFO - [EVAL] Iter   250/1232   FocalLoss: 0.004 (0.005),   LovaszLoss: 0.375 (0.404),   Sem_Scal_Loss: 0.885 (1.071),   Geo_Scal_Loss: 0.347 (0.577),   Loss: 1.988 (2.586),   
2026/04/06 04:50:08 - mmengine - INFO - [EVAL] Iter   300/1232   FocalLoss: 0.005 (0.005),   LovaszLoss: 0.489 (0.403),   Sem_Scal_Loss: 1.079 (1.094),   Geo_Scal_Loss: 0.783 (0.578),   Loss: 2.864 (2.604),   
2026/04/06 04:50:35 - mmengine - INFO - [EVAL] Iter   350/1232   FocalLoss: 0.003 (0.005),   LovaszLoss: 0.273 (0.400),   Sem_Scal_Loss: 0.488 (1.075),   Geo_Scal_Loss: 0.376 (0.573),   Loss: 1.435 (2.570),   
2026/04/06 04:51:02 - mmengine - INFO - [EVAL] Iter   400/1232   FocalLoss: 0.005 (0.005),   LovaszLoss: 0.464 (0.403),   Sem_Scal_Loss: 1.016 (1.074),   Geo_Scal_Loss: 0.683 (0.575),   Loss: 2.682 (2.576),   
2026/04/06 04:51:29 - mmengine - INFO - [EVAL] Iter   450/1232   FocalLoss: 0.004 (0.005),   LovaszLoss: 0.394 (0.401),   Sem_Scal_Loss: 0.802 (1.060),   Geo_Scal_Loss: 0.624 (0.574),   Loss: 2.233 (2.561),   
2026/04/06 04:51:56 - mmengine - INFO - [EVAL] Iter   500/1232   FocalLoss: 0.010 (0.005),   LovaszLoss: 0.393 (0.401),   Sem_Scal_Loss: 0.761 (1.047),   Geo_Scal_Loss: 0.516 (0.571),   Loss: 2.627 (2.545),   
2026/04/06 04:52:22 - mmengine - INFO - [EVAL] Iter   550/1232   FocalLoss: 0.005 (0.005),   LovaszLoss: 0.412 (0.402),   Sem_Scal_Loss: 0.923 (1.060),   Geo_Scal_Loss: 0.485 (0.570),   Loss: 2.304 (2.552),   
2026/04/06 04:52:49 - mmengine - INFO - [EVAL] Iter   600/1232   FocalLoss: 0.003 (0.005),   LovaszLoss: 0.235 (0.401),   Sem_Scal_Loss: 0.500 (1.054),   Geo_Scal_Loss: 0.449 (0.569),   Loss: 1.466 (2.540),   
2026/04/06 04:53:15 - mmengine - INFO - [EVAL] Iter   650/1232   FocalLoss: 0.005 (0.005),   LovaszLoss: 0.472 (0.402),   Sem_Scal_Loss: 1.050 (1.053),   Geo_Scal_Loss: 0.747 (0.572),   Loss: 2.806 (2.547),   
2026/04/06 04:53:41 - mmengine - INFO - [EVAL] Iter   700/1232   FocalLoss: 0.006 (0.005),   LovaszLoss: 0.373 (0.402),   Sem_Scal_Loss: 0.697 (1.047),   Geo_Scal_Loss: 0.539 (0.572),   Loss: 2.205 (2.544),   
2026/04/06 04:54:08 - mmengine - INFO - [EVAL] Iter   750/1232   FocalLoss: 0.004 (0.005),   LovaszLoss: 0.412 (0.400),   Sem_Scal_Loss: 1.612 (1.031),   Geo_Scal_Loss: 0.450 (0.569),   Loss: 2.850 (2.522),   
2026/04/06 04:54:33 - mmengine - INFO - [EVAL] Iter   800/1232   FocalLoss: 0.005 (0.005),   LovaszLoss: 0.432 (0.399),   Sem_Scal_Loss: 2.052 (1.028),   Geo_Scal_Loss: 0.426 (0.568),   Loss: 3.397 (2.520),   
2026/04/06 04:54:59 - mmengine - INFO - [EVAL] Iter   850/1232   FocalLoss: 0.008 (0.005),   LovaszLoss: 0.552 (0.399),   Sem_Scal_Loss: 1.572 (1.026),   Geo_Scal_Loss: 1.204 (0.570),   Loss: 4.170 (2.516),   
2026/04/06 04:55:26 - mmengine - INFO - [EVAL] Iter   900/1232   FocalLoss: 0.009 (0.005),   LovaszLoss: 0.439 (0.401),   Sem_Scal_Loss: 1.084 (1.029),   Geo_Scal_Loss: 0.633 (0.575),   Loss: 3.032 (2.534),   
2026/04/06 04:55:52 - mmengine - INFO - [EVAL] Iter   950/1232   FocalLoss: 0.005 (0.005),   LovaszLoss: 0.383 (0.401),   Sem_Scal_Loss: 0.771 (1.025),   Geo_Scal_Loss: 0.631 (0.576),   Loss: 2.315 (2.535),   
2026/04/06 04:56:19 - mmengine - INFO - [EVAL] Iter  1000/1232   FocalLoss: 0.007 (0.005),   LovaszLoss: 0.551 (0.402),   Sem_Scal_Loss: 1.894 (1.029),   Geo_Scal_Loss: 1.049 (0.578),   Loss: 4.240 (2.543),   
2026/04/06 04:56:45 - mmengine - INFO - [EVAL] Iter  1050/1232   FocalLoss: 0.003 (0.005),   LovaszLoss: 0.400 (0.403),   Sem_Scal_Loss: 0.910 (1.034),   Geo_Scal_Loss: 0.638 (0.580),   Loss: 2.207 (2.552),   
2026/04/06 04:57:11 - mmengine - INFO - [EVAL] Iter  1100/1232   FocalLoss: 0.005 (0.005),   LovaszLoss: 0.360 (0.403),   Sem_Scal_Loss: 0.696 (1.037),   Geo_Scal_Loss: 0.358 (0.578),   Loss: 1.921 (2.555),   
2026/04/06 04:57:38 - mmengine - INFO - [EVAL] Iter  1150/1232   FocalLoss: 0.004 (0.005),   LovaszLoss: 0.478 (0.404),   Sem_Scal_Loss: 1.130 (1.041),   Geo_Scal_Loss: 0.626 (0.582),   Loss: 2.632 (2.569),   
2026/04/06 04:58:04 - mmengine - INFO - [EVAL] Iter  1200/1232   FocalLoss: 0.004 (0.005),   LovaszLoss: 0.301 (0.404),   Sem_Scal_Loss: 0.600 (1.049),   Geo_Scal_Loss: 0.449 (0.582),   Loss: 1.778 (2.576),   
2026/04/06 04:58:25 - mmengine - INFO - Current val iou of sem_cls is [ 0.973  0.528  0.637  0.487  0.426  0.504  0.652  0.701  0.533  0.464
  0.623  0.498]
2026/04/06 04:58:25 - mmengine - INFO - Current val iou of sem is 0.5502941311142217
2026/04/06 04:58:25 - mmengine - INFO - Current val iou of geo is 0.6439776449005877
2026/04/06 04:58:43 - mmengine - INFO - [TRAIN] Epoch 9 Iter     0/2851   FocalLoss: 0.003 (0.003),   LovaszLoss: 0.405 (0.405),   Sem_Scal_Loss: 0.778 (0.778),   Geo_Scal_Loss: 0.475 (0.475),   Loss: 1.915 (1.915),   GradNorm: 6.085,   lr: 0.0000047,   time: 7.720 (4.148)
2026/04/06 05:00:47 - mmengine - INFO - [TRAIN] Epoch 9 Iter    50/2851   FocalLoss: 0.005 (0.004),   LovaszLoss: 0.376 (0.371),   Sem_Scal_Loss: 0.719 (0.828),   Geo_Scal_Loss: 0.541 (0.477),   Loss: 2.089 (2.081),   GradNorm: 5.227,   lr: 0.0000047,   time: 2.591 (0.541)
2026/04/06 05:02:46 - mmengine - INFO - [TRAIN] Epoch 9 Iter   100/2851   FocalLoss: 0.006 (0.004),   LovaszLoss: 0.451 (0.385),   Sem_Scal_Loss: 1.007 (0.810),   Geo_Scal_Loss: 0.629 (0.492),   Loss: 2.711 (2.107),   GradNorm: 5.008,   lr: 0.0000046,   time: 2.319 (0.482)
2026/04/06 05:04:46 - mmengine - INFO - [TRAIN] Epoch 9 Iter   150/2851   FocalLoss: 0.003 (0.004),   LovaszLoss: 0.324 (0.386),   Sem_Scal_Loss: 0.570 (0.820),   Geo_Scal_Loss: 0.408 (0.518),   Loss: 1.609 (2.163),   GradNorm: 4.091,   lr: 0.0000045,   time: 2.370 (0.510)
2026/04/06 05:06:46 - mmengine - INFO - [TRAIN] Epoch 9 Iter   200/2851   FocalLoss: 0.003 (0.004),   LovaszLoss: 0.314 (0.387),   Sem_Scal_Loss: 0.583 (0.860),   Geo_Scal_Loss: 0.421 (0.508),   Loss: 1.581 (2.193),   GradNorm: 6.008,   lr: 0.0000045,   time: 2.424 (0.527)
2026/04/06 05:08:45 - mmengine - INFO - [TRAIN] Epoch 9 Iter   250/2851   FocalLoss: 0.003 (0.004),   LovaszLoss: 0.353 (0.375),   Sem_Scal_Loss: 0.650 (0.778),   Geo_Scal_Loss: 0.528 (0.485),   Loss: 1.846 (2.031),   GradNorm: 9.847,   lr: 0.0000044,   time: 2.453 (0.483)
2026/04/06 05:10:44 - mmengine - INFO - [TRAIN] Epoch 9 Iter   300/2851   FocalLoss: 0.004 (0.004),   LovaszLoss: 0.372 (0.374),   Sem_Scal_Loss: 0.778 (0.767),   Geo_Scal_Loss: 0.570 (0.471),   Loss: 2.165 (2.030),   GradNorm: 7.262,   lr: 0.0000044,   time: 2.458 (0.520)
2026/04/06 05:12:43 - mmengine - INFO - [TRAIN] Epoch 9 Iter   350/2851   FocalLoss: 0.003 (0.004),   LovaszLoss: 0.339 (0.378),   Sem_Scal_Loss: 0.612 (0.778),   Geo_Scal_Loss: 0.405 (0.484),   Loss: 1.640 (2.041),   GradNorm: 5.267,   lr: 0.0000043,   time: 2.404 (0.557)
2026/04/06 05:14:43 - mmengine - INFO - [TRAIN] Epoch 9 Iter   400/2851   FocalLoss: 0.005 (0.004),   LovaszLoss: 0.332 (0.367),   Sem_Scal_Loss: 0.591 (0.748),   Geo_Scal_Loss: 0.347 (0.461),   Loss: 1.735 (1.979),   GradNorm: 3.687,   lr: 0.0000042,   time: 2.345 (0.486)
2026/04/06 05:16:42 - mmengine - INFO - [TRAIN] Epoch 9 Iter   450/2851   FocalLoss: 0.005 (0.004),   LovaszLoss: 0.416 (0.386),   Sem_Scal_Loss: 0.945 (0.849),   Geo_Scal_Loss: 0.480 (0.496),   Loss: 2.349 (2.167),   GradNorm: 6.486,   lr: 0.0000042,   time: 2.483 (0.508)
2026/04/06 05:18:41 - mmengine - INFO - [TRAIN] Epoch 9 Iter   500/2851   FocalLoss: 0.004 (0.004),   LovaszLoss: 0.368 (0.375),   Sem_Scal_Loss: 0.667 (0.833),   Geo_Scal_Loss: 0.413 (0.484),   Loss: 1.801 (2.110),   GradNorm: 4.911,   lr: 0.0000041,   time: 2.390 (0.542)
2026/04/06 05:20:41 - mmengine - INFO - [TRAIN] Epoch 9 Iter   550/2851   FocalLoss: 0.003 (0.004),   LovaszLoss: 0.417 (0.382),   Sem_Scal_Loss: 0.913 (0.853),   Geo_Scal_Loss: 0.600 (0.489),   Loss: 2.228 (2.112),   GradNorm: 6.383,   lr: 0.0000041,   time: 2.374 (0.520)
2026/04/06 05:22:40 - mmengine - INFO - [TRAIN] Epoch 9 Iter   600/2851   FocalLoss: 0.003 (0.004),   LovaszLoss: 0.332 (0.386),   Sem_Scal_Loss: 0.582 (0.863),   Geo_Scal_Loss: 0.425 (0.500),   Loss: 1.611 (2.183),   GradNorm: 4.513,   lr: 0.0000040,   time: 2.402 (0.501)
2026/04/06 05:24:40 - mmengine - INFO - [TRAIN] Epoch 9 Iter   650/2851   FocalLoss: 0.004 (0.004),   LovaszLoss: 0.376 (0.379),   Sem_Scal_Loss: 0.711 (0.793),   Geo_Scal_Loss: 0.442 (0.482),   Loss: 1.978 (2.060),   GradNorm: 4.013,   lr: 0.0000039,   time: 2.299 (0.483)
2026/04/06 05:26:40 - mmengine - INFO - [TRAIN] Epoch 9 Iter   700/2851   FocalLoss: 0.003 (0.004),   LovaszLoss: 0.328 (0.381),   Sem_Scal_Loss: 0.590 (0.779),   Geo_Scal_Loss: 0.362 (0.508),   Loss: 1.563 (2.099),   GradNorm: 6.429,   lr: 0.0000039,   time: 2.411 (0.491)
2026/04/06 05:28:42 - mmengine - INFO - [TRAIN] Epoch 9 Iter   750/2851   FocalLoss: 0.004 (0.004),   LovaszLoss: 0.441 (0.381),   Sem_Scal_Loss: 1.029 (0.764),   Geo_Scal_Loss: 0.744 (0.510),   Loss: 2.586 (2.077),   GradNorm: 4.324,   lr: 0.0000038,   time: 2.487 (0.509)
2026/04/06 05:30:43 - mmengine - INFO - [TRAIN] Epoch 9 Iter   800/2851   FocalLoss: 0.004 (0.004),   LovaszLoss: 0.331 (0.393),   Sem_Scal_Loss: 0.664 (0.848),   Geo_Scal_Loss: 0.403 (0.499),   Loss: 1.791 (2.163),   GradNorm: 4.521,   lr: 0.0000038,   time: 2.405 (0.582)
2026/04/06 05:32:42 - mmengine - INFO - [TRAIN] Epoch 9 Iter   850/2851   FocalLoss: 0.003 (0.004),   LovaszLoss: 0.349 (0.373),   Sem_Scal_Loss: 0.660 (0.774),   Geo_Scal_Loss: 0.351 (0.471),   Loss: 1.688 (2.029),   GradNorm: 4.294,   lr: 0.0000037,   time: 2.417 (0.611)
2026/04/06 05:34:42 - mmengine - INFO - [TRAIN] Epoch 9 Iter   900/2851   FocalLoss: 0.006 (0.004),   LovaszLoss: 0.422 (0.381),   Sem_Scal_Loss: 0.911 (0.881),   Geo_Scal_Loss: 0.852 (0.514),   Loss: 2.826 (2.209),   GradNorm: 5.433,   lr: 0.0000037,   time: 2.342 (0.501)
2026/04/06 05:36:40 - mmengine - INFO - [TRAIN] Epoch 9 Iter   950/2851   FocalLoss: 0.003 (0.004),   LovaszLoss: 0.298 (0.386),   Sem_Scal_Loss: 0.505 (0.858),   Geo_Scal_Loss: 0.384 (0.509),   Loss: 1.484 (2.200),   GradNorm: 4.663,   lr: 0.0000036,   time: 2.339 (0.492)
2026/04/06 05:38:39 - mmengine - INFO - [TRAIN] Epoch 9 Iter  1000/2851   FocalLoss: 0.003 (0.004),   LovaszLoss: 0.343 (0.385),   Sem_Scal_Loss: 0.608 (0.800),   Geo_Scal_Loss: 0.439 (0.511),   Loss: 1.732 (2.110),   GradNorm: 8.365,   lr: 0.0000036,   time: 2.351 (0.516)
2026/04/06 05:40:39 - mmengine - INFO - [TRAIN] Epoch 9 Iter  1050/2851   FocalLoss: 0.003 (0.004),   LovaszLoss: 0.413 (0.370),   Sem_Scal_Loss: 0.875 (0.712),   Geo_Scal_Loss: 0.393 (0.483),   Loss: 2.011 (1.939),   GradNorm: 8.467,   lr: 0.0000035,   time: 2.526 (0.501)
2026/04/06 05:42:41 - mmengine - INFO - [TRAIN] Epoch 9 Iter  1100/2851   FocalLoss: 0.004 (0.004),   LovaszLoss: 0.390 (0.365),   Sem_Scal_Loss: 0.783 (0.747),   Geo_Scal_Loss: 0.477 (0.474),   Loss: 2.097 (1.980),   GradNorm: 10.509,   lr: 0.0000035,   time: 2.396 (0.539)
2026/04/06 05:44:40 - mmengine - INFO - [TRAIN] Epoch 9 Iter  1150/2851   FocalLoss: 0.003 (0.004),   LovaszLoss: 0.347 (0.385),   Sem_Scal_Loss: 0.597 (0.842),   Geo_Scal_Loss: 0.416 (0.509),   Loss: 1.623 (2.172),   GradNorm: 4.650,   lr: 0.0000034,   time: 2.318 (0.491)
2026/04/06 05:46:45 - mmengine - INFO - [TRAIN] Epoch 9 Iter  1200/2851   FocalLoss: 0.003 (0.004),   LovaszLoss: 0.321 (0.393),   Sem_Scal_Loss: 0.575 (0.853),   Geo_Scal_Loss: 0.438 (0.511),   Loss: 1.655 (2.166),   GradNorm: 5.212,   lr: 0.0000034,   time: 2.558 (0.495)
2026/04/06 05:48:51 - mmengine - INFO - [TRAIN] Epoch 9 Iter  1250/2851   FocalLoss: 0.005 (0.004),   LovaszLoss: 0.426 (0.369),   Sem_Scal_Loss: 0.850 (0.828),   Geo_Scal_Loss: 0.651 (0.477),   Loss: 2.382 (2.055),   GradNorm: 4.815,   lr: 0.0000033,   time: 2.438 (0.612)
2026/04/06 05:50:55 - mmengine - INFO - [TRAIN] Epoch 9 Iter  1300/2851   FocalLoss: 0.005 (0.004),   LovaszLoss: 0.415 (0.373),   Sem_Scal_Loss: 1.018 (0.803),   Geo_Scal_Loss: 0.560 (0.487),   Loss: 2.479 (2.075),   GradNorm: 4.305,   lr: 0.0000032,   time: 2.388 (0.529)
2026/04/06 05:52:57 - mmengine - INFO - [TRAIN] Epoch 9 Iter  1350/2851   FocalLoss: 0.004 (0.004),   LovaszLoss: 0.339 (0.379),   Sem_Scal_Loss: 0.618 (0.823),   Geo_Scal_Loss: 0.621 (0.512),   Loss: 1.981 (2.144),   GradNorm: 3.791,   lr: 0.0000032,   time: 2.380 (0.521)
2026/04/06 05:54:55 - mmengine - INFO - [TRAIN] Epoch 9 Iter  1400/2851   FocalLoss: 0.007 (0.004),   LovaszLoss: 0.425 (0.375),   Sem_Scal_Loss: 0.900 (0.780),   Geo_Scal_Loss: 0.679 (0.494),   Loss: 2.664 (2.070),   GradNorm: 3.622,   lr: 0.0000032,   time: 2.319 (0.485)
2026/04/06 05:56:59 - mmengine - INFO - [TRAIN] Epoch 9 Iter  1450/2851   FocalLoss: 0.004 (0.004),   LovaszLoss: 0.395 (0.388),   Sem_Scal_Loss: 0.875 (0.811),   Geo_Scal_Loss: 0.516 (0.487),   Loss: 2.168 (2.071),   GradNorm: 5.267,   lr: 0.0000031,   time: 2.617 (0.595)
2026/04/06 05:59:04 - mmengine - INFO - [TRAIN] Epoch 9 Iter  1500/2851   FocalLoss: 0.004 (0.004),   LovaszLoss: 0.369 (0.372),   Sem_Scal_Loss: 0.707 (0.798),   Geo_Scal_Loss: 0.483 (0.476),   Loss: 1.982 (2.071),   GradNorm: 4.659,   lr: 0.0000031,   time: 2.501 (0.497)
2026/04/06 06:01:04 - mmengine - INFO - [TRAIN] Epoch 9 Iter  1550/2851   FocalLoss: 0.005 (0.004),   LovaszLoss: 0.463 (0.381),   Sem_Scal_Loss: 1.002 (0.786),   Geo_Scal_Loss: 0.502 (0.490),   Loss: 2.506 (2.077),   GradNorm: 4.317,   lr: 0.0000030,   time: 2.417 (0.491)
2026/04/06 06:03:03 - mmengine - INFO - [TRAIN] Epoch 9 Iter  1600/2851   FocalLoss: 0.004 (0.004),   LovaszLoss: 0.327 (0.373),   Sem_Scal_Loss: 0.648 (0.786),   Geo_Scal_Loss: 0.399 (0.483),   Loss: 1.748 (2.030),   GradNorm: 5.350,   lr: 0.0000030,   time: 2.422 (0.523)
2026/04/06 06:05:04 - mmengine - INFO - [TRAIN] Epoch 9 Iter  1650/2851   FocalLoss: 0.005 (0.004),   LovaszLoss: 0.466 (0.378),   Sem_Scal_Loss: 1.368 (0.804),   Geo_Scal_Loss: 0.693 (0.492),   Loss: 2.997 (2.082),   GradNorm: 8.070,   lr: 0.0000029,   time: 2.443 (0.474)
2026/04/06 06:07:05 - mmengine - INFO - [TRAIN] Epoch 9 Iter  1700/2851   FocalLoss: 0.004 (0.004),   LovaszLoss: 0.358 (0.377),   Sem_Scal_Loss: 0.647 (0.780),   Geo_Scal_Loss: 0.496 (0.481),   Loss: 1.864 (2.020),   GradNorm: 6.136,   lr: 0.0000029,   time: 2.382 (0.596)
2026/04/06 06:09:04 - mmengine - INFO - [TRAIN] Epoch 9 Iter  1750/2851   FocalLoss: 0.004 (0.004),   LovaszLoss: 0.367 (0.377),   Sem_Scal_Loss: 0.668 (0.802),   Geo_Scal_Loss: 0.450 (0.505),   Loss: 1.893 (2.106),   GradNorm: 5.557,   lr: 0.0000028,   time: 2.328 (0.492)
2026/04/06 06:11:03 - mmengine - INFO - [TRAIN] Epoch 9 Iter  1800/2851   FocalLoss: 0.004 (0.004),   LovaszLoss: 0.329 (0.378),   Sem_Scal_Loss: 0.586 (0.807),   Geo_Scal_Loss: 0.480 (0.501),   Loss: 1.767 (2.078),   GradNorm: 3.933,   lr: 0.0000028,   time: 2.364 (0.488)
2026/04/06 06:13:02 - mmengine - INFO - [TRAIN] Epoch 9 Iter  1850/2851   FocalLoss: 0.005 (0.004),   LovaszLoss: 0.425 (0.365),   Sem_Scal_Loss: 1.097 (0.762),   Geo_Scal_Loss: 0.519 (0.480),   Loss: 2.588 (2.013),   GradNorm: 8.668,   lr: 0.0000027,   time: 2.375 (0.508)
2026/04/06 06:15:02 - mmengine - INFO - [TRAIN] Epoch 9 Iter  1900/2851   FocalLoss: 0.005 (0.004),   LovaszLoss: 0.416 (0.374),   Sem_Scal_Loss: 0.891 (0.737),   Geo_Scal_Loss: 0.847 (0.490),   Loss: 2.627 (1.999),   GradNorm: 4.785,   lr: 0.0000027,   time: 2.408 (0.520)
2026/04/06 06:17:01 - mmengine - INFO - [TRAIN] Epoch 9 Iter  1950/2851   FocalLoss: 0.004 (0.004),   LovaszLoss: 0.339 (0.373),   Sem_Scal_Loss: 0.574 (0.799),   Geo_Scal_Loss: 0.480 (0.491),   Loss: 1.830 (2.047),   GradNorm: 8.118,   lr: 0.0000026,   time: 2.511 (0.538)
2026/04/06 06:18:59 - mmengine - INFO - [TRAIN] Epoch 9 Iter  2000/2851   FocalLoss: 0.005 (0.004),   LovaszLoss: 0.372 (0.386),   Sem_Scal_Loss: 0.709 (0.823),   Geo_Scal_Loss: 0.590 (0.527),   Loss: 2.155 (2.156),   GradNorm: 5.075,   lr: 0.0000026,   time: 2.359 (0.527)
2026/04/06 06:20:58 - mmengine - INFO - [TRAIN] Epoch 9 Iter  2050/2851   FocalLoss: 0.003 (0.004),   LovaszLoss: 0.333 (0.384),   Sem_Scal_Loss: 0.603 (0.833),   Geo_Scal_Loss: 0.462 (0.499),   Loss: 1.667 (2.115),   GradNorm: 6.594,   lr: 0.0000026,   time: 2.379 (0.530)
2026/04/06 06:22:59 - mmengine - INFO - [TRAIN] Epoch 9 Iter  2100/2851   FocalLoss: 0.003 (0.004),   LovaszLoss: 0.355 (0.384),   Sem_Scal_Loss: 0.628 (0.794),   Geo_Scal_Loss: 0.499 (0.505),   Loss: 1.814 (2.132),   GradNorm: 3.894,   lr: 0.0000025,   time: 2.442 (0.584)
2026/04/06 06:24:58 - mmengine - INFO - [TRAIN] Epoch 9 Iter  2150/2851   FocalLoss: 0.002 (0.004),   LovaszLoss: 0.293 (0.380),   Sem_Scal_Loss: 0.517 (0.788),   Geo_Scal_Loss: 0.386 (0.486),   Loss: 1.401 (2.049),   GradNorm: 4.345,   lr: 0.0000025,   time: 2.370 (0.516)
2026/04/06 06:26:57 - mmengine - INFO - [TRAIN] Epoch 9 Iter  2200/2851   FocalLoss: 0.003 (0.004),   LovaszLoss: 0.273 (0.373),   Sem_Scal_Loss: 0.458 (0.872),   Geo_Scal_Loss: 0.417 (0.479),   Loss: 1.471 (2.107),   GradNorm: 4.096,   lr: 0.0000024,   time: 2.376 (0.550)
2026/04/06 06:28:56 - mmengine - INFO - [TRAIN] Epoch 9 Iter  2250/2851   FocalLoss: 0.003 (0.004),   LovaszLoss: 0.317 (0.372),   Sem_Scal_Loss: 0.530 (0.828),   Geo_Scal_Loss: 0.443 (0.486),   Loss: 1.607 (2.113),   GradNorm: 3.673,   lr: 0.0000024,   time: 2.460 (0.516)
2026/04/06 06:30:55 - mmengine - INFO - [TRAIN] Epoch 9 Iter  2300/2851   FocalLoss: 0.003 (0.004),   LovaszLoss: 0.414 (0.379),   Sem_Scal_Loss: 1.019 (0.809),   Geo_Scal_Loss: 0.584 (0.480),   Loss: 2.351 (2.059),   GradNorm: 6.842,   lr: 0.0000024,   time: 2.357 (0.493)
2026/04/06 06:32:54 - mmengine - INFO - [TRAIN] Epoch 9 Iter  2350/2851   FocalLoss: 0.004 (0.004),   LovaszLoss: 0.302 (0.386),   Sem_Scal_Loss: 0.509 (0.802),   Geo_Scal_Loss: 0.313 (0.524),   Loss: 1.476 (2.136),   GradNorm: 3.408,   lr: 0.0000023,   time: 2.383 (0.589)
2026/04/06 06:34:54 - mmengine - INFO - [TRAIN] Epoch 9 Iter  2400/2851   FocalLoss: 0.005 (0.004),   LovaszLoss: 0.408 (0.378),   Sem_Scal_Loss: 0.790 (0.833),   Geo_Scal_Loss: 0.604 (0.503),   Loss: 2.287 (2.110),   GradNorm: 7.690,   lr: 0.0000023,   time: 2.337 (0.487)
2026/04/06 06:36:53 - mmengine - INFO - [TRAIN] Epoch 9 Iter  2450/2851   FocalLoss: 0.005 (0.004),   LovaszLoss: 0.414 (0.375),   Sem_Scal_Loss: 1.060 (0.850),   Geo_Scal_Loss: 0.480 (0.484),   Loss: 2.486 (2.137),   GradNorm: 4.382,   lr: 0.0000022,   time: 2.340 (0.516)
2026/04/06 06:38:52 - mmengine - INFO - [TRAIN] Epoch 9 Iter  2500/2851   FocalLoss: 0.006 (0.004),   LovaszLoss: 0.429 (0.379),   Sem_Scal_Loss: 0.830 (0.763),   Geo_Scal_Loss: 0.577 (0.506),   Loss: 2.410 (2.075),   GradNorm: 15.729,   lr: 0.0000022,   time: 2.301 (0.519)
2026/04/06 06:40:51 - mmengine - INFO - [TRAIN] Epoch 9 Iter  2550/2851   FocalLoss: 0.006 (0.004),   LovaszLoss: 0.450 (0.366),   Sem_Scal_Loss: 0.938 (0.737),   Geo_Scal_Loss: 0.713 (0.490),   Loss: 2.743 (1.999),   GradNorm: 5.900,   lr: 0.0000022,   time: 2.254 (0.472)
2026/04/06 06:42:50 - mmengine - INFO - [TRAIN] Epoch 9 Iter  2600/2851   FocalLoss: 0.002 (0.004),   LovaszLoss: 0.330 (0.378),   Sem_Scal_Loss: 0.735 (0.844),   Geo_Scal_Loss: 0.299 (0.469),   Loss: 1.587 (2.074),   GradNorm: 3.851,   lr: 0.0000021,   time: 2.348 (0.476)
2026/04/06 06:44:49 - mmengine - INFO - [TRAIN] Epoch 9 Iter  2650/2851   FocalLoss: 0.005 (0.004),   LovaszLoss: 0.332 (0.385),   Sem_Scal_Loss: 0.638 (0.804),   Geo_Scal_Loss: 0.502 (0.516),   Loss: 1.938 (2.122),   GradNorm: 6.765,   lr: 0.0000021,   time: 2.344 (0.520)
2026/04/06 06:46:49 - mmengine - INFO - [TRAIN] Epoch 9 Iter  2700/2851   FocalLoss: 0.003 (0.004),   LovaszLoss: 0.384 (0.375),   Sem_Scal_Loss: 0.720 (0.823),   Geo_Scal_Loss: 0.486 (0.476),   Loss: 1.934 (2.067),   GradNorm: 3.774,   lr: 0.0000021,   time: 2.337 (0.500)
2026/04/06 06:48:48 - mmengine - INFO - [TRAIN] Epoch 9 Iter  2750/2851   FocalLoss: 0.004 (0.004),   LovaszLoss: 0.385 (0.382),   Sem_Scal_Loss: 0.743 (0.790),   Geo_Scal_Loss: 0.601 (0.515),   Loss: 2.167 (2.116),   GradNorm: 4.527,   lr: 0.0000020,   time: 2.331 (0.522)
2026/04/06 06:50:48 - mmengine - INFO - [TRAIN] Epoch 9 Iter  2800/2851   FocalLoss: 0.004 (0.004),   LovaszLoss: 0.378 (0.371),   Sem_Scal_Loss: 0.747 (0.723),   Geo_Scal_Loss: 0.427 (0.475),   Loss: 1.906 (1.970),   GradNorm: 6.083,   lr: 0.0000020,   time: 2.370 (0.521)
2026/04/06 06:52:44 - mmengine - INFO - [TRAIN] Epoch 9 Iter  2850/2851   FocalLoss: 0.002 (0.004),   LovaszLoss: 0.260 (0.377),   Sem_Scal_Loss: 0.436 (0.797),   Geo_Scal_Loss: 0.379 (0.483),   Loss: 1.309 (2.061),   GradNorm: 6.931,   lr: 0.0000020,   time: 1.504 (0.473)
2026/04/06 06:53:00 - mmengine - INFO - [EVAL] Iter     0/1232   FocalLoss: 0.010 (0.010),   LovaszLoss: 0.510 (0.510),   Sem_Scal_Loss: 2.604 (2.604),   Geo_Scal_Loss: 0.609 (0.609),   Loss: 4.703 (4.703),   
2026/04/06 06:53:28 - mmengine - INFO - [EVAL] Iter    50/1232   FocalLoss: 0.004 (0.006),   LovaszLoss: 0.442 (0.432),   Sem_Scal_Loss: 1.012 (1.215),   Geo_Scal_Loss: 0.563 (0.625),   Loss: 2.460 (2.899),   
2026/04/06 06:53:54 - mmengine - INFO - [EVAL] Iter   100/1232   FocalLoss: 0.006 (0.006),   LovaszLoss: 0.458 (0.418),   Sem_Scal_Loss: 0.963 (1.179),   Geo_Scal_Loss: 0.811 (0.588),   Loss: 2.825 (2.781),   
2026/04/06 06:54:21 - mmengine - INFO - [EVAL] Iter   150/1232   FocalLoss: 0.003 (0.006),   LovaszLoss: 0.380 (0.405),   Sem_Scal_Loss: 0.790 (1.087),   Geo_Scal_Loss: 0.573 (0.567),   Loss: 1.993 (2.621),   
2026/04/06 06:54:47 - mmengine - INFO - [EVAL] Iter   200/1232   FocalLoss: 0.004 (0.006),   LovaszLoss: 0.383 (0.410),   Sem_Scal_Loss: 0.819 (1.124),   Geo_Scal_Loss: 0.458 (0.578),   Loss: 2.028 (2.677),   
2026/04/06 06:55:14 - mmengine - INFO - [EVAL] Iter   250/1232   FocalLoss: 0.004 (0.005),   LovaszLoss: 0.375 (0.402),   Sem_Scal_Loss: 0.912 (1.072),   Geo_Scal_Loss: 0.329 (0.568),   Loss: 1.972 (2.583),   
2026/04/06 06:55:40 - mmengine - INFO - [EVAL] Iter   300/1232   FocalLoss: 0.005 (0.005),   LovaszLoss: 0.496 (0.401),   Sem_Scal_Loss: 1.099 (1.090),   Geo_Scal_Loss: 0.777 (0.569),   Loss: 2.909 (2.596),   
2026/04/06 06:56:06 - mmengine - INFO - [EVAL] Iter   350/1232   FocalLoss: 0.003 (0.005),   LovaszLoss: 0.257 (0.398),   Sem_Scal_Loss: 0.446 (1.071),   Geo_Scal_Loss: 0.334 (0.563),   Loss: 1.305 (2.561),   
2026/04/06 06:56:32 - mmengine - INFO - [EVAL] Iter   400/1232   FocalLoss: 0.006 (0.005),   LovaszLoss: 0.476 (0.401),   Sem_Scal_Loss: 1.045 (1.071),   Geo_Scal_Loss: 0.718 (0.566),   Loss: 2.813 (2.570),   
2026/04/06 06:56:58 - mmengine - INFO - [EVAL] Iter   450/1232   FocalLoss: 0.004 (0.005),   LovaszLoss: 0.391 (0.400),   Sem_Scal_Loss: 0.783 (1.057),   Geo_Scal_Loss: 0.605 (0.566),   Loss: 2.199 (2.557),   
2026/04/06 06:57:24 - mmengine - INFO - [EVAL] Iter   500/1232   FocalLoss: 0.011 (0.005),   LovaszLoss: 0.394 (0.400),   Sem_Scal_Loss: 0.779 (1.046),   Geo_Scal_Loss: 0.473 (0.563),   Loss: 2.741 (2.543),   
2026/04/06 06:57:50 - mmengine - INFO - [EVAL] Iter   550/1232   FocalLoss: 0.005 (0.005),   LovaszLoss: 0.422 (0.401),   Sem_Scal_Loss: 1.002 (1.061),   Geo_Scal_Loss: 0.469 (0.562),   Loss: 2.405 (2.553),   
2026/04/06 06:58:16 - mmengine - INFO - [EVAL] Iter   600/1232   FocalLoss: 0.002 (0.005),   LovaszLoss: 0.205 (0.399),   Sem_Scal_Loss: 0.417 (1.056),   Geo_Scal_Loss: 0.369 (0.561),   Loss: 1.219 (2.540),   
2026/04/06 06:58:42 - mmengine - INFO - [EVAL] Iter   650/1232   FocalLoss: 0.006 (0.005),   LovaszLoss: 0.470 (0.400),   Sem_Scal_Loss: 1.058 (1.052),   Geo_Scal_Loss: 0.745 (0.563),   Loss: 2.825 (2.545),   
2026/04/06 06:59:08 - mmengine - INFO - [EVAL] Iter   700/1232   FocalLoss: 0.006 (0.005),   LovaszLoss: 0.379 (0.400),   Sem_Scal_Loss: 0.703 (1.047),   Geo_Scal_Loss: 0.537 (0.563),   Loss: 2.238 (2.541),   
2026/04/06 06:59:35 - mmengine - INFO - [EVAL] Iter   750/1232   FocalLoss: 0.004 (0.005),   LovaszLoss: 0.403 (0.398),   Sem_Scal_Loss: 1.676 (1.031),   Geo_Scal_Loss: 0.425 (0.560),   Loss: 2.871 (2.518),   
2026/04/06 07:00:01 - mmengine - INFO - [EVAL] Iter   800/1232   FocalLoss: 0.005 (0.005),   LovaszLoss: 0.432 (0.397),   Sem_Scal_Loss: 1.811 (1.025),   Geo_Scal_Loss: 0.423 (0.559),   Loss: 3.155 (2.513),   
2026/04/06 07:00:27 - mmengine - INFO - [EVAL] Iter   850/1232   FocalLoss: 0.008 (0.005),   LovaszLoss: 0.545 (0.397),   Sem_Scal_Loss: 1.571 (1.023),   Geo_Scal_Loss: 1.150 (0.560),   Loss: 4.097 (2.508),   
2026/04/06 07:00:53 - mmengine - INFO - [EVAL] Iter   900/1232   FocalLoss: 0.009 (0.005),   LovaszLoss: 0.439 (0.398),   Sem_Scal_Loss: 1.092 (1.026),   Geo_Scal_Loss: 0.630 (0.566),   Loss: 3.041 (2.525),   
2026/04/06 07:01:19 - mmengine - INFO - [EVAL] Iter   950/1232   FocalLoss: 0.005 (0.005),   LovaszLoss: 0.376 (0.398),   Sem_Scal_Loss: 0.753 (1.021),   Geo_Scal_Loss: 0.602 (0.567),   Loss: 2.243 (2.524),   
2026/04/06 07:01:45 - mmengine - INFO - [EVAL] Iter  1000/1232   FocalLoss: 0.008 (0.005),   LovaszLoss: 0.549 (0.399),   Sem_Scal_Loss: 1.726 (1.025),   Geo_Scal_Loss: 1.097 (0.569),   Loss: 4.148 (2.532),   
2026/04/06 07:02:11 - mmengine - INFO - [EVAL] Iter  1050/1232   FocalLoss: 0.002 (0.005),   LovaszLoss: 0.371 (0.401),   Sem_Scal_Loss: 0.789 (1.029),   Geo_Scal_Loss: 0.586 (0.570),   Loss: 1.987 (2.541),   
2026/04/06 07:02:38 - mmengine - INFO - [EVAL] Iter  1100/1232   FocalLoss: 0.005 (0.005),   LovaszLoss: 0.356 (0.401),   Sem_Scal_Loss: 0.677 (1.033),   Geo_Scal_Loss: 0.359 (0.569),   Loss: 1.911 (2.545),   
2026/04/06 07:03:04 - mmengine - INFO - [EVAL] Iter  1150/1232   FocalLoss: 0.004 (0.005),   LovaszLoss: 0.460 (0.402),   Sem_Scal_Loss: 1.059 (1.036),   Geo_Scal_Loss: 0.596 (0.572),   Loss: 2.503 (2.558),   
2026/04/06 07:03:30 - mmengine - INFO - [EVAL] Iter  1200/1232   FocalLoss: 0.004 (0.005),   LovaszLoss: 0.310 (0.402),   Sem_Scal_Loss: 0.618 (1.044),   Geo_Scal_Loss: 0.479 (0.572),   Loss: 1.848 (2.566),   
2026/04/06 07:03:57 - mmengine - INFO - Current val iou of sem_cls is [ 0.974  0.531  0.639  0.488  0.427  0.506  0.655  0.703  0.536  0.473
  0.624  0.501]
2026/04/06 07:03:57 - mmengine - INFO - Current val iou of sem is 0.5531716904069046
2026/04/06 07:03:57 - mmengine - INFO - Current val iou of geo is 0.6447910974490679
2026/04/06 07:04:15 - mmengine - INFO - [TRAIN] Epoch 10 Iter     0/2851   FocalLoss: 0.005 (0.005),   LovaszLoss: 0.468 (0.468),   Sem_Scal_Loss: 1.552 (1.552),   Geo_Scal_Loss: 0.564 (0.564),   Loss: 3.127 (3.127),   GradNorm: 6.265,   lr: 0.0000020,   time: 8.095 (4.006)
2026/04/06 07:06:15 - mmengine - INFO - [TRAIN] Epoch 10 Iter    50/2851   FocalLoss: 0.005 (0.004),   LovaszLoss: 0.379 (0.381),   Sem_Scal_Loss: 0.744 (0.830),   Geo_Scal_Loss: 0.515 (0.496),   Loss: 2.094 (2.112),   GradNorm: 4.705,   lr: 0.0000019,   time: 2.318 (0.505)
2026/04/06 07:08:14 - mmengine - INFO - [TRAIN] Epoch 10 Iter   100/2851   FocalLoss: 0.004 (0.004),   LovaszLoss: 0.342 (0.373),   Sem_Scal_Loss: 0.612 (0.770),   Geo_Scal_Loss: 0.533 (0.479),   Loss: 1.875 (1.994),   GradNorm: 3.624,   lr: 0.0000019,   time: 2.338 (0.548)
2026/04/06 07:10:13 - mmengine - INFO - [TRAIN] Epoch 10 Iter   150/2851   FocalLoss: 0.004 (0.004),   LovaszLoss: 0.401 (0.376),   Sem_Scal_Loss: 2.068 (0.776),   Geo_Scal_Loss: 0.471 (0.486),   Loss: 3.311 (2.052),   GradNorm: 8.458,   lr: 0.0000019,   time: 2.349 (0.486)
2026/04/06 07:12:12 - mmengine - INFO - [TRAIN] Epoch 10 Iter   200/2851   FocalLoss: 0.003 (0.004),   LovaszLoss: 0.339 (0.373),   Sem_Scal_Loss: 0.604 (0.759),   Geo_Scal_Loss: 0.466 (0.491),   Loss: 1.746 (2.047),   GradNorm: 4.054,   lr: 0.0000018,   time: 2.379 (0.501)
2026/04/06 07:14:11 - mmengine - INFO - [TRAIN] Epoch 10 Iter   250/2851   FocalLoss: 0.005 (0.004),   LovaszLoss: 0.375 (0.372),   Sem_Scal_Loss: 0.693 (0.764),   Geo_Scal_Loss: 0.521 (0.481),   Loss: 2.050 (2.021),   GradNorm: 4.217,   lr: 0.0000018,   time: 2.337 (0.543)
2026/04/06 07:16:10 - mmengine - INFO - [TRAIN] Epoch 10 Iter   300/2851   FocalLoss: 0.002 (0.004),   LovaszLoss: 0.337 (0.383),   Sem_Scal_Loss: 0.770 (0.902),   Geo_Scal_Loss: 0.381 (0.496),   Loss: 1.710 (2.204),   GradNorm: 3.823,   lr: 0.0000018,   time: 2.399 (0.503)
2026/04/06 07:18:09 - mmengine - INFO - [TRAIN] Epoch 10 Iter   350/2851   FocalLoss: 0.004 (0.004),   LovaszLoss: 0.355 (0.369),   Sem_Scal_Loss: 0.665 (0.750),   Geo_Scal_Loss: 0.448 (0.488),   Loss: 1.852 (2.009),   GradNorm: 3.558,   lr: 0.0000017,   time: 2.338 (0.486)
2026/04/06 07:20:09 - mmengine - INFO - [TRAIN] Epoch 10 Iter   400/2851   FocalLoss: 0.003 (0.004),   LovaszLoss: 0.366 (0.370),   Sem_Scal_Loss: 0.703 (0.776),   Geo_Scal_Loss: 0.443 (0.468),   Loss: 1.855 (2.008),   GradNorm: 6.220,   lr: 0.0000017,   time: 2.409 (0.505)
2026/04/06 07:22:08 - mmengine - INFO - [TRAIN] Epoch 10 Iter   450/2851   FocalLoss: 0.004 (0.004),   LovaszLoss: 0.386 (0.375),   Sem_Scal_Loss: 0.965 (0.815),   Geo_Scal_Loss: 0.392 (0.484),   Loss: 2.156 (2.086),   GradNorm: 5.513,   lr: 0.0000017,   time: 2.366 (0.508)
2026/04/06 07:24:07 - mmengine - INFO - [TRAIN] Epoch 10 Iter   500/2851   FocalLoss: 0.004 (0.004),   LovaszLoss: 0.376 (0.377),   Sem_Scal_Loss: 0.732 (0.770),   Geo_Scal_Loss: 0.423 (0.486),   Loss: 1.891 (2.071),   GradNorm: 4.050,   lr: 0.0000017,   time: 2.564 (0.569)
2026/04/06 07:26:06 - mmengine - INFO - [TRAIN] Epoch 10 Iter   550/2851   FocalLoss: 0.003 (0.004),   LovaszLoss: 0.340 (0.372),   Sem_Scal_Loss: 0.676 (0.805),   Geo_Scal_Loss: 0.343 (0.473),   Loss: 1.623 (2.022),   GradNorm: 6.159,   lr: 0.0000016,   time: 2.514 (0.713)
2026/04/06 07:28:07 - mmengine - INFO - [TRAIN] Epoch 10 Iter   600/2851   FocalLoss: 0.003 (0.004),   LovaszLoss: 0.332 (0.376),   Sem_Scal_Loss: 0.580 (0.769),   Geo_Scal_Loss: 0.438 (0.474),   Loss: 1.650 (2.016),   GradNorm: 4.097,   lr: 0.0000016,   time: 2.374 (0.488)
2026/04/06 07:30:07 - mmengine - INFO - [TRAIN] Epoch 10 Iter   650/2851   FocalLoss: 0.003 (0.004),   LovaszLoss: 0.388 (0.373),   Sem_Scal_Loss: 0.793 (0.784),   Geo_Scal_Loss: 0.538 (0.483),   Loss: 2.031 (2.026),   GradNorm: 4.020,   lr: 0.0000016,   time: 2.463 (0.542)
2026/04/06 07:32:07 - mmengine - INFO - [TRAIN] Epoch 10 Iter   700/2851   FocalLoss: 0.006 (0.004),   LovaszLoss: 0.397 (0.380),   Sem_Scal_Loss: 0.884 (0.817),   Geo_Scal_Loss: 0.704 (0.490),   Loss: 2.572 (2.094),   GradNorm: 4.617,   lr: 0.0000015,   time: 2.316 (0.501)
2026/04/06 07:34:06 - mmengine - INFO - [TRAIN] Epoch 10 Iter   750/2851   FocalLoss: 0.004 (0.004),   LovaszLoss: 0.419 (0.375),   Sem_Scal_Loss: 1.074 (0.785),   Geo_Scal_Loss: 0.522 (0.478),   Loss: 2.387 (2.046),   GradNorm: 5.361,   lr: 0.0000015,   time: 2.290 (0.481)
2026/04/06 07:36:08 - mmengine - INFO - [TRAIN] Epoch 10 Iter   800/2851   FocalLoss: 0.003 (0.004),   LovaszLoss: 0.298 (0.382),   Sem_Scal_Loss: 0.508 (0.846),   Geo_Scal_Loss: 0.427 (0.504),   Loss: 1.555 (2.149),   GradNorm: 5.107,   lr: 0.0000015,   time: 2.531 (0.596)
2026/04/06 07:38:06 - mmengine - INFO - [TRAIN] Epoch 10 Iter   850/2851   FocalLoss: 0.003 (0.004),   LovaszLoss: 0.345 (0.384),   Sem_Scal_Loss: 0.617 (0.890),   Geo_Scal_Loss: 0.364 (0.505),   Loss: 1.674 (2.213),   GradNorm: 4.926,   lr: 0.0000015,   time: 2.312 (0.469)
2026/04/06 07:40:05 - mmengine - INFO - [TRAIN] Epoch 10 Iter   900/2851   FocalLoss: 0.003 (0.004),   LovaszLoss: 0.385 (0.368),   Sem_Scal_Loss: 0.686 (0.810),   Geo_Scal_Loss: 0.392 (0.484),   Loss: 1.770 (2.062),   GradNorm: 6.750,   lr: 0.0000014,   time: 2.437 (0.604)
2026/04/06 07:42:04 - mmengine - INFO - [TRAIN] Epoch 10 Iter   950/2851   FocalLoss: 0.002 (0.004),   LovaszLoss: 0.250 (0.377),   Sem_Scal_Loss: 0.420 (0.766),   Geo_Scal_Loss: 0.363 (0.494),   Loss: 1.273 (2.048),   GradNorm: 2.918,   lr: 0.0000014,   time: 2.377 (0.519)
2026/04/06 07:44:02 - mmengine - INFO - [TRAIN] Epoch 10 Iter  1000/2851   FocalLoss: 0.004 (0.004),   LovaszLoss: 0.379 (0.375),   Sem_Scal_Loss: 0.692 (0.778),   Geo_Scal_Loss: 0.507 (0.482),   Loss: 2.009 (2.023),   GradNorm: 4.552,   lr: 0.0000014,   time: 2.388 (0.534)
2026/04/06 07:46:01 - mmengine - INFO - [TRAIN] Epoch 10 Iter  1050/2851   FocalLoss: 0.003 (0.004),   LovaszLoss: 0.408 (0.375),   Sem_Scal_Loss: 0.766 (0.751),   Geo_Scal_Loss: 0.591 (0.474),   Loss: 2.115 (1.990),   GradNorm: 4.953,   lr: 0.0000014,   time: 2.358 (0.531)
2026/04/06 07:48:00 - mmengine - INFO - [TRAIN] Epoch 10 Iter  1100/2851   FocalLoss: 0.005 (0.004),   LovaszLoss: 0.422 (0.380),   Sem_Scal_Loss: 0.856 (0.866),   Geo_Scal_Loss: 0.669 (0.491),   Loss: 2.466 (2.149),   GradNorm: 6.409,   lr: 0.0000014,   time: 2.337 (0.494)
2026/04/06 07:50:02 - mmengine - INFO - [TRAIN] Epoch 10 Iter  1150/2851   FocalLoss: 0.004 (0.004),   LovaszLoss: 0.408 (0.386),   Sem_Scal_Loss: 0.827 (0.850),   Geo_Scal_Loss: 0.460 (0.493),   Loss: 2.052 (2.149),   GradNorm: 10.738,   lr: 0.0000013,   time: 2.384 (0.528)
2026/04/06 07:52:02 - mmengine - INFO - [TRAIN] Epoch 10 Iter  1200/2851   FocalLoss: 0.002 (0.004),   LovaszLoss: 0.286 (0.394),   Sem_Scal_Loss: 0.506 (0.899),   Geo_Scal_Loss: 0.358 (0.517),   Loss: 1.390 (2.243),   GradNorm: 3.276,   lr: 0.0000013,   time: 2.444 (0.552)
2026/04/06 07:54:02 - mmengine - INFO - [TRAIN] Epoch 10 Iter  1250/2851   FocalLoss: 0.004 (0.004),   LovaszLoss: 0.427 (0.369),   Sem_Scal_Loss: 0.899 (0.733),   Geo_Scal_Loss: 0.610 (0.482),   Loss: 2.341 (2.003),   GradNorm: 4.355,   lr: 0.0000013,   time: 2.437 (0.556)
2026/04/06 07:56:03 - mmengine - INFO - [TRAIN] Epoch 10 Iter  1300/2851   FocalLoss: 0.003 (0.004),   LovaszLoss: 0.323 (0.375),   Sem_Scal_Loss: 0.565 (0.760),   Geo_Scal_Loss: 0.362 (0.493),   Loss: 1.595 (2.040),   GradNorm: 3.957,   lr: 0.0000013,   time: 2.362 (0.511)
2026/04/06 07:58:07 - mmengine - INFO - [TRAIN] Epoch 10 Iter  1350/2851   FocalLoss: 0.003 (0.004),   LovaszLoss: 0.348 (0.372),   Sem_Scal_Loss: 0.703 (0.782),   Geo_Scal_Loss: 0.388 (0.469),   Loss: 1.787 (2.022),   GradNorm: 3.839,   lr: 0.0000013,   time: 2.473 (0.534)
2026/04/06 08:00:06 - mmengine - INFO - [TRAIN] Epoch 10 Iter  1400/2851   FocalLoss: 0.004 (0.004),   LovaszLoss: 0.407 (0.388),   Sem_Scal_Loss: 0.958 (0.883),   Geo_Scal_Loss: 0.359 (0.487),   Loss: 2.081 (2.166),   GradNorm: 4.942,   lr: 0.0000012,   time: 2.336 (0.481)
2026/04/06 08:02:06 - mmengine - INFO - [TRAIN] Epoch 10 Iter  1450/2851   FocalLoss: 0.004 (0.004),   LovaszLoss: 0.409 (0.370),   Sem_Scal_Loss: 0.868 (0.768),   Geo_Scal_Loss: 0.479 (0.476),   Loss: 2.183 (1.993),   GradNorm: 5.679,   lr: 0.0000012,   time: 2.436 (0.519)
2026/04/06 08:04:07 - mmengine - INFO - [TRAIN] Epoch 10 Iter  1500/2851   FocalLoss: 0.004 (0.004),   LovaszLoss: 0.448 (0.370),   Sem_Scal_Loss: 0.676 (0.757),   Geo_Scal_Loss: 0.367 (0.460),   Loss: 1.906 (1.969),   GradNorm: 5.442,   lr: 0.0000012,   time: 2.334 (0.492)
2026/04/06 08:06:06 - mmengine - INFO - [TRAIN] Epoch 10 Iter  1550/2851   FocalLoss: 0.004 (0.004),   LovaszLoss: 0.410 (0.382),   Sem_Scal_Loss: 0.898 (0.786),   Geo_Scal_Loss: 0.495 (0.508),   Loss: 2.200 (2.093),   GradNorm: 6.500,   lr: 0.0000012,   time: 2.382 (0.536)
2026/04/06 08:08:05 - mmengine - INFO - [TRAIN] Epoch 10 Iter  1600/2851   FocalLoss: 0.003 (0.004),   LovaszLoss: 0.298 (0.376),   Sem_Scal_Loss: 0.530 (0.839),   Geo_Scal_Loss: 0.400 (0.492),   Loss: 1.542 (2.119),   GradNorm: 6.287,   lr: 0.0000012,   time: 2.465 (0.554)
2026/04/06 08:10:03 - mmengine - INFO - [TRAIN] Epoch 10 Iter  1650/2851   FocalLoss: 0.005 (0.004),   LovaszLoss: 0.484 (0.375),   Sem_Scal_Loss: 1.069 (0.752),   Geo_Scal_Loss: 0.683 (0.470),   Loss: 2.772 (2.007),   GradNorm: 3.931,   lr: 0.0000012,   time: 2.264 (0.464)
2026/04/06 08:12:04 - mmengine - INFO - [TRAIN] Epoch 10 Iter  1700/2851   FocalLoss: 0.004 (0.004),   LovaszLoss: 0.350 (0.380),   Sem_Scal_Loss: 0.655 (0.853),   Geo_Scal_Loss: 0.385 (0.486),   Loss: 1.806 (2.139),   GradNorm: 5.125,   lr: 0.0000012,   time: 2.431 (0.478)
2026/04/06 08:14:06 - mmengine - INFO - [TRAIN] Epoch 10 Iter  1750/2851   FocalLoss: 0.003 (0.004),   LovaszLoss: 0.392 (0.370),   Sem_Scal_Loss: 0.878 (0.795),   Geo_Scal_Loss: 0.433 (0.453),   Loss: 2.031 (2.008),   GradNorm: 6.660,   lr: 0.0000011,   time: 2.386 (0.521)
2026/04/06 08:16:06 - mmengine - INFO - [TRAIN] Epoch 10 Iter  1800/2851   FocalLoss: 0.004 (0.004),   LovaszLoss: 0.403 (0.365),   Sem_Scal_Loss: 0.784 (0.758),   Geo_Scal_Loss: 0.605 (0.464),   Loss: 2.183 (1.998),   GradNorm: 3.684,   lr: 0.0000011,   time: 2.332 (0.489)
2026/04/06 08:18:05 - mmengine - INFO - [TRAIN] Epoch 10 Iter  1850/2851   FocalLoss: 0.005 (0.004),   LovaszLoss: 0.402 (0.380),   Sem_Scal_Loss: 0.830 (0.810),   Geo_Scal_Loss: 0.543 (0.478),   Loss: 2.279 (2.065),   GradNorm: 3.713,   lr: 0.0000011,   time: 2.449 (0.498)
2026/04/06 08:20:04 - mmengine - INFO - [TRAIN] Epoch 10 Iter  1900/2851   FocalLoss: 0.007 (0.004),   LovaszLoss: 0.486 (0.366),   Sem_Scal_Loss: 3.497 (0.848),   Geo_Scal_Loss: 1.156 (0.490),   Loss: 5.827 (2.117),   GradNorm: 7.545,   lr: 0.0000011,   time: 2.354 (0.511)
2026/04/06 08:22:03 - mmengine - INFO - [TRAIN] Epoch 10 Iter  1950/2851   FocalLoss: 0.003 (0.004),   LovaszLoss: 0.406 (0.375),   Sem_Scal_Loss: 0.870 (0.753),   Geo_Scal_Loss: 0.522 (0.480),   Loss: 2.099 (2.001),   GradNorm: 3.629,   lr: 0.0000011,   time: 2.358 (0.513)
2026/04/06 08:24:02 - mmengine - INFO - [TRAIN] Epoch 10 Iter  2000/2851   FocalLoss: 0.005 (0.004),   LovaszLoss: 0.422 (0.394),   Sem_Scal_Loss: 0.883 (0.873),   Geo_Scal_Loss: 0.565 (0.497),   Loss: 2.398 (2.157),   GradNorm: 5.000,   lr: 0.0000011,   time: 2.311 (0.485)
2026/04/06 08:26:02 - mmengine - INFO - [TRAIN] Epoch 10 Iter  2050/2851   FocalLoss: 0.003 (0.004),   LovaszLoss: 0.334 (0.369),   Sem_Scal_Loss: 0.603 (0.830),   Geo_Scal_Loss: 0.403 (0.476),   Loss: 1.609 (2.063),   GradNorm: 4.550,   lr: 0.0000011,   time: 2.384 (0.507)
2026/04/06 08:28:02 - mmengine - INFO - [TRAIN] Epoch 10 Iter  2100/2851   FocalLoss: 0.008 (0.004),   LovaszLoss: 0.412 (0.381),   Sem_Scal_Loss: 0.823 (0.840),   Geo_Scal_Loss: 0.580 (0.489),   Loss: 2.607 (2.111),   GradNorm: 4.016,   lr: 0.0000011,   time: 2.557 (0.504)
2026/04/06 08:30:05 - mmengine - INFO - [TRAIN] Epoch 10 Iter  2150/2851   FocalLoss: 0.002 (0.004),   LovaszLoss: 0.326 (0.374),   Sem_Scal_Loss: 0.611 (0.759),   Geo_Scal_Loss: 0.374 (0.480),   Loss: 1.531 (2.009),   GradNorm: 7.833,   lr: 0.0000011,   time: 2.447 (0.512)
2026/04/06 08:32:08 - mmengine - INFO - [TRAIN] Epoch 10 Iter  2200/2851   FocalLoss: 0.003 (0.004),   LovaszLoss: 0.331 (0.374),   Sem_Scal_Loss: 0.575 (0.725),   Geo_Scal_Loss: 0.431 (0.480),   Loss: 1.666 (1.968),   GradNorm: 2.929,   lr: 0.0000011,   time: 2.385 (0.501)
2026/04/06 08:34:07 - mmengine - INFO - [TRAIN] Epoch 10 Iter  2250/2851   FocalLoss: 0.004 (0.004),   LovaszLoss: 0.384 (0.381),   Sem_Scal_Loss: 0.877 (0.767),   Geo_Scal_Loss: 0.618 (0.513),   Loss: 2.314 (2.078),   GradNorm: 4.162,   lr: 0.0000010,   time: 2.539 (0.488)
2026/04/06 08:36:06 - mmengine - INFO - [TRAIN] Epoch 10 Iter  2300/2851   FocalLoss: 0.002 (0.004),   LovaszLoss: 0.249 (0.369),   Sem_Scal_Loss: 0.424 (0.750),   Geo_Scal_Loss: 0.323 (0.498),   Loss: 1.231 (2.016),   GradNorm: 3.789,   lr: 0.0000010,   time: 2.357 (0.501)
2026/04/06 08:38:07 - mmengine - INFO - [TRAIN] Epoch 10 Iter  2350/2851   FocalLoss: 0.003 (0.004),   LovaszLoss: 0.307 (0.380),   Sem_Scal_Loss: 0.548 (0.833),   Geo_Scal_Loss: 0.425 (0.498),   Loss: 1.603 (2.113),   GradNorm: 6.119,   lr: 0.0000010,   time: 2.380 (0.580)
2026/04/06 08:40:06 - mmengine - INFO - [TRAIN] Epoch 10 Iter  2400/2851   FocalLoss: 0.006 (0.004),   LovaszLoss: 0.418 (0.377),   Sem_Scal_Loss: 0.926 (0.787),   Geo_Scal_Loss: 0.548 (0.487),   Loss: 2.468 (2.059),   GradNorm: 4.536,   lr: 0.0000010,   time: 2.324 (0.523)
2026/04/06 08:42:06 - mmengine - INFO - [TRAIN] Epoch 10 Iter  2450/2851   FocalLoss: 0.003 (0.004),   LovaszLoss: 0.449 (0.364),   Sem_Scal_Loss: 1.049 (0.706),   Geo_Scal_Loss: 0.718 (0.479),   Loss: 2.560 (1.944),   GradNorm: 4.266,   lr: 0.0000010,   time: 2.473 (0.551)
2026/04/06 08:44:05 - mmengine - INFO - [TRAIN] Epoch 10 Iter  2500/2851   FocalLoss: 0.006 (0.004),   LovaszLoss: 0.385 (0.376),   Sem_Scal_Loss: 0.786 (0.808),   Geo_Scal_Loss: 0.505 (0.481),   Loss: 2.245 (2.065),   GradNorm: 3.482,   lr: 0.0000010,   time: 2.398 (0.523)
2026/04/06 08:46:03 - mmengine - INFO - [TRAIN] Epoch 10 Iter  2550/2851   FocalLoss: 0.004 (0.004),   LovaszLoss: 0.462 (0.380),   Sem_Scal_Loss: 0.762 (0.774),   Geo_Scal_Loss: 0.559 (0.497),   Loss: 2.148 (2.073),   GradNorm: 4.911,   lr: 0.0000010,   time: 2.354 (0.482)
2026/04/06 08:48:02 - mmengine - INFO - [TRAIN] Epoch 10 Iter  2600/2851   FocalLoss: 0.004 (0.005),   LovaszLoss: 0.338 (0.388),   Sem_Scal_Loss: 0.604 (0.830),   Geo_Scal_Loss: 0.337 (0.516),   Loss: 1.673 (2.195),   GradNorm: 3.575,   lr: 0.0000010,   time: 2.406 (0.521)
2026/04/06 08:50:01 - mmengine - INFO - [TRAIN] Epoch 10 Iter  2650/2851   FocalLoss: 0.005 (0.004),   LovaszLoss: 0.446 (0.370),   Sem_Scal_Loss: 0.897 (0.749),   Geo_Scal_Loss: 0.705 (0.490),   Loss: 2.520 (2.010),   GradNorm: 4.176,   lr: 0.0000010,   time: 2.370 (0.485)
2026/04/06 08:52:00 - mmengine - INFO - [TRAIN] Epoch 10 Iter  2700/2851   FocalLoss: 0.003 (0.004),   LovaszLoss: 0.353 (0.381),   Sem_Scal_Loss: 0.653 (0.808),   Geo_Scal_Loss: 0.441 (0.478),   Loss: 1.788 (2.074),   GradNorm: 3.729,   lr: 0.0000010,   time: 2.435 (0.628)
2026/04/06 08:53:59 - mmengine - INFO - [TRAIN] Epoch 10 Iter  2750/2851   FocalLoss: 0.002 (0.004),   LovaszLoss: 0.372 (0.375),   Sem_Scal_Loss: 1.038 (0.788),   Geo_Scal_Loss: 0.300 (0.502),   Loss: 1.956 (2.075),   GradNorm: 4.270,   lr: 0.0000010,   time: 2.298 (0.500)
2026/04/06 08:55:59 - mmengine - INFO - [TRAIN] Epoch 10 Iter  2800/2851   FocalLoss: 0.004 (0.004),   LovaszLoss: 0.346 (0.374),   Sem_Scal_Loss: 0.637 (0.766),   Geo_Scal_Loss: 0.447 (0.494),   Loss: 1.793 (2.049),   GradNorm: 3.950,   lr: 0.0000010,   time: 2.466 (0.493)
2026/04/06 08:57:55 - mmengine - INFO - [TRAIN] Epoch 10 Iter  2850/2851   FocalLoss: 0.003 (0.004),   LovaszLoss: 0.312 (0.374),   Sem_Scal_Loss: 0.658 (0.815),   Geo_Scal_Loss: 0.457 (0.494),   Loss: 1.758 (2.088),   GradNorm: 8.707,   lr: 0.0000010,   time: 1.554 (0.538)
2026/04/06 08:58:11 - mmengine - INFO - [EVAL] Iter     0/1232   FocalLoss: 0.010 (0.010),   LovaszLoss: 0.514 (0.514),   Sem_Scal_Loss: 2.616 (2.616),   Geo_Scal_Loss: 0.624 (0.624),   Loss: 4.749 (4.749),   
2026/04/06 08:58:39 - mmengine - INFO - [EVAL] Iter    50/1232   FocalLoss: 0.004 (0.006),   LovaszLoss: 0.433 (0.430),   Sem_Scal_Loss: 0.967 (1.210),   Geo_Scal_Loss: 0.543 (0.623),   Loss: 2.359 (2.893),   
2026/04/06 08:59:06 - mmengine - INFO - [EVAL] Iter   100/1232   FocalLoss: 0.006 (0.006),   LovaszLoss: 0.455 (0.416),   Sem_Scal_Loss: 0.954 (1.170),   Geo_Scal_Loss: 0.797 (0.586),   Loss: 2.785 (2.769),   
2026/04/06 08:59:33 - mmengine - INFO - [EVAL] Iter   150/1232   FocalLoss: 0.003 (0.006),   LovaszLoss: 0.385 (0.403),   Sem_Scal_Loss: 0.802 (1.079),   Geo_Scal_Loss: 0.577 (0.566),   Loss: 2.024 (2.612),   
2026/04/06 08:59:59 - mmengine - INFO - [EVAL] Iter   200/1232   FocalLoss: 0.004 (0.006),   LovaszLoss: 0.380 (0.409),   Sem_Scal_Loss: 0.806 (1.119),   Geo_Scal_Loss: 0.455 (0.578),   Loss: 2.014 (2.674),   
2026/04/06 09:00:25 - mmengine - INFO - [EVAL] Iter   250/1232   FocalLoss: 0.004 (0.005),   LovaszLoss: 0.371 (0.401),   Sem_Scal_Loss: 0.867 (1.067),   Geo_Scal_Loss: 0.330 (0.569),   Loss: 1.931 (2.581),   
2026/04/06 09:00:52 - mmengine - INFO - [EVAL] Iter   300/1232   FocalLoss: 0.005 (0.005),   LovaszLoss: 0.490 (0.400),   Sem_Scal_Loss: 1.081 (1.085),   Geo_Scal_Loss: 0.769 (0.570),   Loss: 2.868 (2.592),   
2026/04/06 09:01:18 - mmengine - INFO - [EVAL] Iter   350/1232   FocalLoss: 0.003 (0.005),   LovaszLoss: 0.259 (0.397),   Sem_Scal_Loss: 0.451 (1.066),   Geo_Scal_Loss: 0.340 (0.563),   Loss: 1.327 (2.557),   
2026/04/06 09:01:45 - mmengine - INFO - [EVAL] Iter   400/1232   FocalLoss: 0.006 (0.005),   LovaszLoss: 0.477 (0.400),   Sem_Scal_Loss: 1.051 (1.067),   Geo_Scal_Loss: 0.702 (0.566),   Loss: 2.796 (2.568),   
2026/04/06 09:02:11 - mmengine - INFO - [EVAL] Iter   450/1232   FocalLoss: 0.004 (0.005),   LovaszLoss: 0.388 (0.399),   Sem_Scal_Loss: 0.774 (1.054),   Geo_Scal_Loss: 0.584 (0.565),   Loss: 2.162 (2.556),   
2026/04/06 09:02:36 - mmengine - INFO - [EVAL] Iter   500/1232   FocalLoss: 0.010 (0.005),   LovaszLoss: 0.389 (0.399),   Sem_Scal_Loss: 0.745 (1.042),   Geo_Scal_Loss: 0.498 (0.563),   Loss: 2.641 (2.540),   
2026/04/06 09:03:02 - mmengine - INFO - [EVAL] Iter   550/1232   FocalLoss: 0.005 (0.005),   LovaszLoss: 0.412 (0.400),   Sem_Scal_Loss: 0.931 (1.055),   Geo_Scal_Loss: 0.462 (0.562),   Loss: 2.306 (2.546),   
2026/04/06 09:03:27 - mmengine - INFO - [EVAL] Iter   600/1232   FocalLoss: 0.003 (0.005),   LovaszLoss: 0.219 (0.398),   Sem_Scal_Loss: 0.458 (1.050),   Geo_Scal_Loss: 0.399 (0.560),   Loss: 1.331 (2.534),   
2026/04/06 09:03:53 - mmengine - INFO - [EVAL] Iter   650/1232   FocalLoss: 0.006 (0.005),   LovaszLoss: 0.469 (0.399),   Sem_Scal_Loss: 1.051 (1.046),   Geo_Scal_Loss: 0.752 (0.562),   Loss: 2.830 (2.538),   
2026/04/06 09:04:19 - mmengine - INFO - [EVAL] Iter   700/1232   FocalLoss: 0.006 (0.005),   LovaszLoss: 0.373 (0.399),   Sem_Scal_Loss: 0.685 (1.040),   Geo_Scal_Loss: 0.528 (0.562),   Loss: 2.195 (2.534),   
2026/04/06 09:04:45 - mmengine - INFO - [EVAL] Iter   750/1232   FocalLoss: 0.004 (0.005),   LovaszLoss: 0.402 (0.397),   Sem_Scal_Loss: 1.553 (1.024),   Geo_Scal_Loss: 0.428 (0.559),   Loss: 2.750 (2.511),   
2026/04/06 09:05:11 - mmengine - INFO - [EVAL] Iter   800/1232   FocalLoss: 0.005 (0.005),   LovaszLoss: 0.431 (0.396),   Sem_Scal_Loss: 1.878 (1.019),   Geo_Scal_Loss: 0.427 (0.559),   Loss: 3.231 (2.506),   
2026/04/06 09:05:37 - mmengine - INFO - [EVAL] Iter   850/1232   FocalLoss: 0.008 (0.005),   LovaszLoss: 0.548 (0.396),   Sem_Scal_Loss: 1.574 (1.017),   Geo_Scal_Loss: 1.138 (0.559),   Loss: 4.100 (2.502),   
2026/04/06 09:06:02 - mmengine - INFO - [EVAL] Iter   900/1232   FocalLoss: 0.009 (0.005),   LovaszLoss: 0.448 (0.397),   Sem_Scal_Loss: 1.165 (1.020),   Geo_Scal_Loss: 0.646 (0.565),   Loss: 3.165 (2.519),   
2026/04/06 09:06:29 - mmengine - INFO - [EVAL] Iter   950/1232   FocalLoss: 0.005 (0.005),   LovaszLoss: 0.384 (0.397),   Sem_Scal_Loss: 0.776 (1.015),   Geo_Scal_Loss: 0.595 (0.566),   Loss: 2.270 (2.518),   
2026/04/06 09:06:55 - mmengine - INFO - [EVAL] Iter  1000/1232   FocalLoss: 0.008 (0.005),   LovaszLoss: 0.560 (0.398),   Sem_Scal_Loss: 1.809 (1.019),   Geo_Scal_Loss: 1.145 (0.568),   Loss: 4.355 (2.526),   
2026/04/06 09:07:21 - mmengine - INFO - [EVAL] Iter  1050/1232   FocalLoss: 0.003 (0.005),   LovaszLoss: 0.385 (0.400),   Sem_Scal_Loss: 0.827 (1.024),   Geo_Scal_Loss: 0.602 (0.569),   Loss: 2.073 (2.535),   
2026/04/06 09:07:47 - mmengine - INFO - [EVAL] Iter  1100/1232   FocalLoss: 0.005 (0.005),   LovaszLoss: 0.357 (0.400),   Sem_Scal_Loss: 0.688 (1.027),   Geo_Scal_Loss: 0.354 (0.568),   Loss: 1.925 (2.539),   
2026/04/06 09:08:13 - mmengine - INFO - [EVAL] Iter  1150/1232   FocalLoss: 0.004 (0.005),   LovaszLoss: 0.454 (0.401),   Sem_Scal_Loss: 1.018 (1.031),   Geo_Scal_Loss: 0.591 (0.571),   Loss: 2.444 (2.553),   
2026/04/06 09:08:39 - mmengine - INFO - [EVAL] Iter  1200/1232   FocalLoss: 0.004 (0.005),   LovaszLoss: 0.290 (0.401),   Sem_Scal_Loss: 0.564 (1.039),   Geo_Scal_Loss: 0.428 (0.571),   Loss: 1.699 (2.561),   
2026/04/06 09:09:19 - mmengine - INFO - Current val iou of sem_cls is [ 0.974  0.532  0.640  0.490  0.429  0.508  0.655  0.705  0.537  0.483
  0.626  0.500]
2026/04/06 09:09:19 - mmengine - INFO - Current val iou of sem is 0.5549294312243329
2026/04/06 09:09:19 - mmengine - INFO - Current val iou of geo is 0.6455310574525178
